[Licensing::Module] Trying to connect to existing licensing client channel...
Built from '6000.0/staging' branch; Version is '6000.0.82f1 (2fb0dae735e1) revision 3125466'; Using compiler version '193933523'; Build Type 'Release'
[Licensing::IpcConnector] Successfully connected to: "LicenseClient-ZGL" at "2026-08-22T12:05:49.9093108Z"
OS: 'Windows 11  (10.0.26200) Professional' Language: 'zh' Physical Memory: 24307 MB
BatchMode: 1, IsHumanControllingUs: 0, StartBugReporterOnCrash: 0, Is64bit: 1
System  architecture: x64
Process architecture: x64
Date: 2026-08-22T12:05:49Z

COMMAND LINE ARGUMENTS:
D:\Unity\6000.0.82f1\Editor\Unity.exe
-batchmode
-nographics
-projectPath
D:/createIdear/VR_Camera/client
-quit
-logFile
D:/createIdear/VR_Camera/.unity-logs/import2.log
Successfully changed project path to: D:/createIdear/VR_Camera/client
D:/createIdear/VR_Camera/client
[UnityMemory] Configuration Parameters - Can be set up in boot.config
    "memorysetup-bucket-allocator-granularity=16"
    "memorysetup-bucket-allocator-bucket-count=8"
    "memorysetup-bucket-allocator-block-size=33554432"
    "memorysetup-bucket-allocator-block-count=8"
    "memorysetup-main-allocator-block-size=16777216"
    "memorysetup-thread-allocator-block-size=16777216"
    "memorysetup-gfx-main-allocator-block-size=16777216"
    "memorysetup-gfx-thread-allocator-block-size=16777216"
    "memorysetup-cache-allocator-block-size=4194304"
    "memorysetup-typetree-allocator-block-size=2097152"
    "memorysetup-profiler-bucket-allocator-granularity=16"
    "memorysetup-profiler-bucket-allocator-bucket-count=8"
    "memorysetup-profiler-bucket-allocator-block-size=33554432"
    "memorysetup-profiler-bucket-allocator-block-count=8"
    "memorysetup-profiler-allocator-block-size=16777216"
    "memorysetup-profiler-editor-allocator-block-size=1048576"
    "memorysetup-temp-allocator-size-main=16777216"
    "memorysetup-job-temp-allocator-block-size=2097152"
    "memorysetup-job-temp-allocator-block-size-background=1048576"
    "memorysetup-job-temp-allocator-reduction-small-platforms=262144"
    "memorysetup-allocator-temp-initial-block-size-main=262144"
    "memorysetup-allocator-temp-initial-block-size-worker=262144"
    "memorysetup-temp-allocator-size-background-worker=32768"
    "memorysetup-temp-allocator-size-job-worker=262144"
    "memorysetup-temp-allocator-size-preload-manager=33554432"
    "memorysetup-remapper-allocator-initial-capacity=32768"
    "memorysetup-temp-allocator-size-nav-mesh-worker=65536"
    "memorysetup-temp-allocator-size-audio-worker=65536"
    "memorysetup-temp-allocator-size-cloud-worker=32768"
    "memorysetup-temp-allocator-size-gi-baking-worker=262144"
    "memorysetup-temp-allocator-size-gi-baking-worker=262144"
    "memorysetup-temp-allocator-size-gi-baking-worker=262144"
    "memorysetup-temp-allocator-size-gi-baking-worker=262144"
    "memorysetup-temp-allocator-size-gi-baking-worker=262144"
    "memorysetup-temp-allocator-size-gfx=262144"
Player connection [42756]  Target information:

Player connection [42756]  * "[IP] 192.168.56.1 [Port] 55504 [Flags] 2 [Guid] 745736101 [EditorId] 745736101 [Version] 1048832 [Id] WindowsEditor(7,JasperLin0) [Debug] 1 [PackageName] WindowsEditor [ProjectName] Editor" 

Player connection [42756]  * "[IP] 192.168.56.2 [Port] 55504 [Flags] 2 [Guid] 745736101 [EditorId] 745736101 [Version] 1048832 [Id] WindowsEditor(7,JasperLin0) [Debug] 1 [PackageName] WindowsEditor [ProjectName] Editor" 

Player connection [42756]  * "[IP] 192.168.66.106 [Port] 55504 [Flags] 2 [Guid] 745736101 [EditorId] 745736101 [Version] 1048832 [Id] WindowsEditor(7,JasperLin0) [Debug] 1 [PackageName] WindowsEditor [ProjectName] Editor" 

Player connection [42756] Host joined multi-casting on [225.0.0.222:54997]...
Player connection [42756] Host joined alternative multi-casting on [225.0.0.222:34997]...
Input System module state changed to: Initialized.
[Physics::Module] Initialized fallback backend.
[Physics::Module] Id: 0xdecafbad
[Package Manager] Connected to IPC stream "Upm-46720" after 0.3 seconds.
Library Redirect Path: Library/
[Physics::Module] Selected backend.
[Physics::Module] Name: PhysX
[Physics::Module] Id: 0xf2b8ea05
[Physics::Module] SDK Version: 4.1.2
[Physics::Module] Integration Version: 1.0.0
[Physics::Module] Threading Mode: Multi-Threaded
Refreshing native plugins compatible for Editor in 0.68 ms, found 0 plugins.
Preloading 0 native plugins for Editor in 0.00 ms.
Initialize engine version: 6000.0.82f1 (2fb0dae735e1)
[Subsystems] Discovering subsystems at path D:/Unity/6000.0.82f1/Editor/Data/Resources/UnitySubsystems
[Subsystems] Discovering subsystems at path D:/createIdear/VR_Camera/client/Assets
Forcing GfxDevice: Null
GfxDevice: creating device client; kGfxThreadingModeNonThreaded
NullGfxDevice:
    Version:  NULL 1.0 [1.0]
    Renderer: Null Device
    Vendor:   Unity Technologies
Initialize mono
Mono path[0] = 'D:/Unity/6000.0.82f1/Editor/Data/Managed'
Mono path[1] = 'D:/Unity/6000.0.82f1/Editor/Data/MonoBleedingEdge/lib/mono/unityjit-win32'
Mono config path = 'D:/Unity/6000.0.82f1/Editor/Data/MonoBleedingEdge/etc'
Using monoOptions --debugger-agent=transport=dt_socket,embedding=1,server=y,suspend=n,address=127.0.0.1:56720
Using cacheserver namespaces - metadata:defaultmetadata, artifacts:defaultartifacts
Using cacheserver namespaces - metadata:defaultmetadata, artifacts:defaultartifacts
ImportWorker Server TCP listen port: 0
AcceleratorClientConnectionCallback - disconnected - :0
Begin MonoManager ReloadAssembly
Registering precompiled unity dll's ...
Register platform support module: D:/Unity/6000.0.82f1/Editor/Data/PlaybackEngines/WindowsStandaloneSupport/UnityEditor.WindowsStandalone.Extensions.dll
[Licensing::Module] Licensing is not yet initialized.
[Licensing::Client] Error: HandshakeResponse reported an error:
	ResponseCode: 505
	ResponseStatus: Unsupported protocol version '1.18.3'.
[Licensing::Module] Error: Failed to handshake to channel: "LicenseClient-ZGL"
[Licensing::IpcConnector] LicenseClient-ZGL channel disconnected successfully.
[Licensing::IpcConnector] Channel LicenseClient-ZGL-6000.0.82 doesn't exist
[Licensing::Module] Successfully launched the LicensingClient (PId: 32740)
Starting IPC server.
Waiting for clients to connect on \\.\pipe\Unity-LicenseClient-ZGL-6000.0.82, press Ctrl-C to exit.
[Licensing::IpcConnector] Successfully connected to: "LicenseClient-ZGL-6000.0.82" at "2026-08-22T12:05:52.420285Z"
[Licensing::Client] Code 10 while verifying Licensing Client signature (process Id: 32740, path: "D:/Unity/6000.0.82f1/Editor/Data/Resources/Licensing/Client/Unity.Licensing.Client.exe")
[Licensing::Module] LicensingClient has failed validation; ignoring
[Licensing::Client] Handshaking with LicensingClient:
  Version:                 1.18.3+d7ffd15
  Session Id:              6f0836eefd024da5a86ae6d59e911087
  Correlation Id:          95a98ac637d9201898c28b6004ea8b5c
  External correlation Id: 4793413435281522764
  Machine Id:              XdVK0QfIPNa7gGMOqFOxaal8Y2Q=
[Licensing::Module] Successfully connected to LicensingClient on channel: "LicenseClient-ZGL-6000.0.82" (connect: 0.37s, validation: 0.28s, handshake: 0.01s)
[Licensing::IpcConnector] Successfully connected to: "LicenseClient-ZGL-6000.0.82-notifications" at "2026-08-22T12:05:52.7099511Z"
[Licensing::Module] Connected to LicensingClient (PId: 32740, launch time: 0.00, total connection time: 0.66s)
[Licensing::Module] Error: Access token is unavailable; failed to update
[Licensing::Client] Successfully resolved entitlement details
[Licensing::Module] License group:
  Id: 15669748670324-UnityPersXXXX
  Product: Unity Personal
  Type: Assigned
  Expiration: Unlimited
[Licensing::Client] Successfully updated license, isAsync: True, time: 0.01
[Licensing::Client] Successfully resolved entitlement details
[Licensing::Module] Licensing Background thread has ended after 2.84s
[Licensing::Module] Licensing is initialized (took 1.82s).
[Licensing::Client] Successfully resolved entitlement details
Register platform support module: D:/Unity/6000.0.82f1/Editor/Data/PlaybackEngines/AndroidPlayer/UnityEditor.Android.Extensions.dll
[Licensing::Client] Successfully resolved entitlement details
Register platform support module: D:/Unity/6000.0.82f1/Editor/Data/PlaybackEngines/iOSSupport/UnityEditor.iOS.Extensions.dll
Registered in 1.834942 seconds.
- Loaded All Assemblies, in  2.202 seconds
[usbmuxd] Start listen thread
[usbmuxd] Listen thread started
[usbmuxd] Send listen message
Native extension for iOS target not found
Native extension for Android target not found
Android Extension - Scanning For ADB Devices 232 ms
Native extension for WindowsStandalone target not found
Package Manager log level set to [2]
Mono: successfully reloaded assembly
- Finished resetting the current domain, in  0.558 seconds
Domain Reload Profiling: 2758ms
	BeginReloadAssembly (134ms)
		ExecutionOrderSort (0ms)
		DisableScriptedObjects (0ms)
		BackupInstance (0ms)
		ReleaseScriptingObjects (0ms)
		CreateAndSetChildDomain (1ms)
	RebuildCommonClasses (35ms)
	RebuildNativeTypeToScriptingClass (10ms)
	initialDomainReloadingComplete (1882ms)
	LoadAllAssembliesAndSetupDomain (139ms)
		LoadAssemblies (130ms)
		RebuildTransferFunctionScriptingTraits (0ms)
		AnalyzeDomain (135ms)
			TypeCache.Refresh (134ms)
				TypeCache.ScanAssembly (120ms)
			BuildScriptInfoCaches (0ms)
			ResolveRequiredComponents (0ms)
	FinalizeReload (559ms)
		ReleaseScriptCaches (0ms)
		RebuildScriptCaches (0ms)
		SetupLoadedEditorAssemblies (526ms)
			LogAssemblyErrors (0ms)
			InitializePlatformSupportModulesInManaged (322ms)
			SetLoadedEditorAssemblies (3ms)
			BeforeProcessingInitializeOnLoad (49ms)
			ProcessInitializeOnLoadAttributes (103ms)
			ProcessInitializeOnLoadMethodAttributes (50ms)
			AfterProcessingInitializeOnLoad (0ms)
			EditorAssembliesLoaded (0ms)
		ExecutionOrderSort2 (0ms)
		AwakeInstancesAfterBackupRestoration (0ms)
[Licensing::Client] Successfully resolved entitlement details
Application.AssetDatabase Initial Refresh Start
[Package Manager] Restoring resolved packages state from cache
[Licensing::Client] Successfully resolved entitlement details
[Package Manager] Registered 58 packages:
  Packages from [https://packages.unity.com]:
    com.unity.ai.navigation@2.0.14 (location: D:\createIdear\VR_Camera\client\Library\PackageCache\com.unity.ai.navigation@134dd6a3b97b)
    com.unity.analytics@3.8.1 (location: D:\createIdear\VR_Camera\client\Library\PackageCache\com.unity.analytics@6cc66d58ac08)
    com.unity.collab-proxy@2.13.6 (location: D:\createIdear\VR_Camera\client\Library\PackageCache\com.unity.collab-proxy@4628d2ba6ea4)
    com.unity.ide.rider@3.0.39 (location: D:\createIdear\VR_Camera\client\Library\PackageCache\com.unity.ide.rider@4504839d03f7)
    com.unity.ide.visualstudio@2.0.27 (location: D:\createIdear\VR_Camera\client\Library\PackageCache\com.unity.ide.visualstudio@dc1ddd4f09b6)
    com.unity.inputsystem@1.19.0 (location: D:\createIdear\VR_Camera\client\Library\PackageCache\com.unity.inputsystem@21a28c3a6c83)
    com.unity.nuget.newtonsoft-json@3.2.2 (location: D:\createIdear\VR_Camera\client\Library\PackageCache\com.unity.nuget.newtonsoft-json@4dfd81071c64)
    com.unity.purchasing@4.15.1 (location: D:\createIdear\VR_Camera\client\Library\PackageCache\com.unity.purchasing@265595791a69)
    com.unity.timeline@1.8.12 (location: D:\createIdear\VR_Camera\client\Library\PackageCache\com.unity.timeline@8cd8509afae5)
    com.unity.xr.arcore@6.0.7 (location: D:\createIdear\VR_Camera\client\Library\PackageCache\com.unity.xr.arcore@9a6bd2b06d5c)
    com.unity.xr.arfoundation@6.0.7 (location: D:\createIdear\VR_Camera\client\Library\PackageCache\com.unity.xr.arfoundation@f996f0242444)
    com.unity.xr.legacyinputhelpers@2.1.12 (location: D:\createIdear\VR_Camera\client\Library\PackageCache\com.unity.xr.legacyinputhelpers@b7579e86f3b4)
    com.unity.xr.management@4.5.4 (location: D:\createIdear\VR_Camera\client\Library\PackageCache\com.unity.xr.management@e3a3882b360a)
    com.unity.xr.core-utils@2.6.0 (location: D:\createIdear\VR_Camera\client\Library\PackageCache\com.unity.xr.core-utils@a8b900321199)
    com.unity.mathematics@1.3.2 (location: D:\createIdear\VR_Camera\client\Library\PackageCache\com.unity.mathematics@8017b507cc74)
    com.unity.editorcoroutines@1.1.0 (location: D:\createIdear\VR_Camera\client\Library\PackageCache\com.unity.editorcoroutines@87a15ed012c2)
    com.unity.services.core@1.18.0 (location: D:\createIdear\VR_Camera\client\Library\PackageCache\com.unity.services.core@3464cb68d709)
    com.unity.services.analytics@6.3.0 (location: D:\createIdear\VR_Camera\client\Library\PackageCache\com.unity.services.analytics@cde4e6cf92f9)
  Built-in packages:
    com.unity.2d.sprite@1.0.0 (location: D:\createIdear\VR_Camera\client\Library\PackageCache\com.unity.2d.sprite@0eb6ea2c7181)
    com.unity.2d.tilemap@1.0.0 (location: D:\createIdear\VR_Camera\client\Library\PackageCache\com.unity.2d.tilemap@a9ce0f834706)
    com.unity.multiplayer.center@1.0.0 (location: D:\createIdear\VR_Camera\client\Library\PackageCache\com.unity.multiplayer.center@f3fb577b3546)
    com.unity.test-framework@1.6.0 (location: D:\createIdear\VR_Camera\client\Library\PackageCache\com.unity.test-framework@082c24152fd4)
    com.unity.ugui@2.0.0 (location: D:\createIdear\VR_Camera\client\Library\PackageCache\com.unity.ugui@8bb446d869cd)
    com.unity.modules.accessibility@1.0.0 (location: D:\createIdear\VR_Camera\client\Library\PackageCache\com.unity.modules.accessibility)
    com.unity.modules.ai@1.0.0 (location: D:\createIdear\VR_Camera\client\Library\PackageCache\com.unity.modules.ai)
    com.unity.modules.androidjni@1.0.0 (location: D:\createIdear\VR_Camera\client\Library\PackageCache\com.unity.modules.androidjni)
    com.unity.modules.animation@1.0.0 (location: D:\createIdear\VR_Camera\client\Library\PackageCache\com.unity.modules.animation)
    com.unity.modules.assetbundle@1.0.0 (location: D:\createIdear\VR_Camera\client\Library\PackageCache\com.unity.modules.assetbundle)
    com.unity.modules.audio@1.0.0 (location: D:\createIdear\VR_Camera\client\Library\PackageCache\com.unity.modules.audio)
    com.unity.modules.cloth@1.0.0 (location: D:\createIdear\VR_Camera\client\Library\PackageCache\com.unity.modules.cloth)
    com.unity.modules.director@1.0.0 (location: D:\createIdear\VR_Camera\client\Library\PackageCache\com.unity.modules.director)
    com.unity.modules.imageconversion@1.0.0 (location: D:\createIdear\VR_Camera\client\Library\PackageCache\com.unity.modules.imageconversion)
    com.unity.modules.imgui@1.0.0 (location: D:\createIdear\VR_Camera\client\Library\PackageCache\com.unity.modules.imgui)
    com.unity.modules.jsonserialize@1.0.0 (location: D:\createIdear\VR_Camera\client\Library\PackageCache\com.unity.modules.jsonserialize)
    com.unity.modules.particlesystem@1.0.0 (location: D:\createIdear\VR_Camera\client\Library\PackageCache\com.unity.modules.particlesystem)
    com.unity.modules.physics@1.0.0 (location: D:\createIdear\VR_Camera\client\Library\PackageCache\com.unity.modules.physics)
    com.unity.modules.physics2d@1.0.0 (location: D:\createIdear\VR_Camera\client\Library\PackageCache\com.unity.modules.physics2d)
    com.unity.modules.screencapture@1.0.0 (location: D:\createIdear\VR_Camera\client\Library\PackageCache\com.unity.modules.screencapture)
    com.unity.modules.terrain@1.0.0 (location: D:\createIdear\VR_Camera\client\Library\PackageCache\com.unity.modules.terrain)
    com.unity.modules.terrainphysics@1.0.0 (location: D:\createIdear\VR_Camera\client\Library\PackageCache\com.unity.modules.terrainphysics)
    com.unity.modules.tilemap@1.0.0 (location: D:\createIdear\VR_Camera\client\Library\PackageCache\com.unity.modules.tilemap)
    com.unity.modules.ui@1.0.0 (location: D:\createIdear\VR_Camera\client\Library\PackageCache\com.unity.modules.ui)
    com.unity.modules.uielements@1.0.0 (location: D:\createIdear\VR_Camera\client\Library\PackageCache\com.unity.modules.uielements)
    com.unity.modules.umbra@1.0.0 (location: D:\createIdear\VR_Camera\client\Library\PackageCache\com.unity.modules.umbra)
    com.unity.modules.unityanalytics@1.0.0 (location: D:\createIdear\VR_Camera\client\Library\PackageCache\com.unity.modules.unityanalytics)
    com.unity.modules.unitywebrequest@1.0.0 (location: D:\createIdear\VR_Camera\client\Library\PackageCache\com.unity.modules.unitywebrequest)
    com.unity.modules.unitywebrequestassetbundle@1.0.0 (location: D:\createIdear\VR_Camera\client\Library\PackageCache\com.unity.modules.unitywebrequestassetbundle)
    com.unity.modules.unitywebrequestaudio@1.0.0 (location: D:\createIdear\VR_Camera\client\Library\PackageCache\com.unity.modules.unitywebrequestaudio)
    com.unity.modules.unitywebrequesttexture@1.0.0 (location: D:\createIdear\VR_Camera\client\Library\PackageCache\com.unity.modules.unitywebrequesttexture)
    com.unity.modules.unitywebrequestwww@1.0.0 (location: D:\createIdear\VR_Camera\client\Library\PackageCache\com.unity.modules.unitywebrequestwww)
    com.unity.modules.vehicles@1.0.0 (location: D:\createIdear\VR_Camera\client\Library\PackageCache\com.unity.modules.vehicles)
    com.unity.modules.video@1.0.0 (location: D:\createIdear\VR_Camera\client\Library\PackageCache\com.unity.modules.video)
    com.unity.modules.vr@1.0.0 (location: D:\createIdear\VR_Camera\client\Library\PackageCache\com.unity.modules.vr)
    com.unity.modules.wind@1.0.0 (location: D:\createIdear\VR_Camera\client\Library\PackageCache\com.unity.modules.wind)
    com.unity.modules.xr@1.0.0 (location: D:\createIdear\VR_Camera\client\Library\PackageCache\com.unity.modules.xr)
    com.unity.modules.subsystems@1.0.0 (location: D:\createIdear\VR_Camera\client\Library\PackageCache\com.unity.modules.subsystems)
    com.unity.modules.hierarchycore@1.0.0 (location: D:\createIdear\VR_Camera\client\Library\PackageCache\com.unity.modules.hierarchycore)
    com.unity.ext.nunit@2.0.5 (location: D:\createIdear\VR_Camera\client\Library\PackageCache\com.unity.ext.nunit@031a54704bff)
[Package Manager] com.unity.purchasing@4.15.1 is deprecated: Unity IAP 4 is unsupported as of June 8, 2026. IAP 5 is the supported version going forward.
[Subsystems] Looking for new subsystems at path D:\createIdear\VR_Camera\client\Library\PackageCache\com.unity.xr.arfoundation@f996f0242444
[Subsystems] Novel subsystem found at Library/PackageCache/com.unity.xr.arfoundation@f996f0242444/Runtime/UnitySubsystemsManifest.json
[Subsystems] Discovering subsystems at path D:/Unity/6000.0.82f1/Editor/Data/Resources/UnitySubsystems
[Subsystems] Discovering subsystems at path D:/createIdear/VR_Camera/client/Assets
[Subsystems] Discovering subsystems at path D:\createIdear\VR_Camera\client\Library\PackageCache\com.unity.xr.arfoundation@f996f0242444
[Subsystems] No descriptors matched for  examples in Library/PackageCache/com.unity.xr.arfoundation@f996f0242444/Runtime/UnitySubsystemsManifest.json.
[Subsystems] 1 'inputs' descriptors matched in Library/PackageCache/com.unity.xr.arfoundation@f996f0242444/Runtime/UnitySubsystemsManifest.json
[Subsystems] No descriptors matched for  displays in Library/PackageCache/com.unity.xr.arfoundation@f996f0242444/Runtime/UnitySubsystemsManifest.json.
[Subsystems] 1 'meshings' descriptors matched in Library/PackageCache/com.unity.xr.arfoundation@f996f0242444/Runtime/UnitySubsystemsManifest.json
[Package Manager] Done registering packages in 0.03 seconds
[ScriptCompilation] Requested script compilation because: Assetdatabase observed changes in script compilation related files
info: Microsoft.Hosting.Lifetime[14]
      Now listening on: http://localhost:80
info: Microsoft.Hosting.Lifetime[0]
      Application started. Press Ctrl+C to shut down.
info: Microsoft.Hosting.Lifetime[0]
      Hosting environment: Production
info: Microsoft.Hosting.Lifetime[0]
      Content root path: D:\createIdear\VR_Camera\client\
info: Microsoft.AspNetCore.Hosting.Diagnostics[1]
      Request starting HTTP/2 POST http://ilpp/UnityILPP.PostProcessing/Ping application/grpc -
info: Microsoft.AspNetCore.Routing.EndpointMiddleware[0]
      Executing endpoint 'gRPC - /UnityILPP.PostProcessing/Ping'
info: Microsoft.AspNetCore.Routing.EndpointMiddleware[1]
      Executed endpoint 'gRPC - /UnityILPP.PostProcessing/Ping'
info: Microsoft.AspNetCore.Hosting.Diagnostics[2]
      Request finished HTTP/2 POST http://ilpp/UnityILPP.PostProcessing/Ping application/grpc - - 200 - application/grpc 38.7289ms
Starting: D:\Unity\6000.0.82f1\Editor\Data\bee_backend.exe --ipc --defer-dag-verification --dagfile="Library/Bee/1900b0aE.dag" --continue-on-failure --profile="Library/Bee/backend1.traceevents" ScriptAssemblies
WorkingDir: D:/createIdear/VR_Camera/client
DisplayProgressbar: Compiling Scripts
ExitCode: 0 Duration: 0s439ms
[910/919    0s] Csc Library/Bee/artifacts/1900b0aE.dag/VRM.Networking.dll (+2 others)
[911/919    0s] CopyFiles Library/ScriptAssemblies/VRM.Networking.pdb
[912/919    0s] CopyFiles Library/ScriptAssemblies/VRM.Networking.dll
[913/919    0s] Csc Library/Bee/artifacts/1900b0aE.dag/VRM.Bootstrap.dll (+2 others)
[914/919    0s] CopyFiles Library/ScriptAssemblies/VRM.Bootstrap.pdb
[915/919    0s] Csc Library/Bee/artifacts/1900b0aE.dag/VRM.Tests.dll (+2 others)
[916/919    0s] CopyFiles Library/ScriptAssemblies/VRM.Bootstrap.dll
[917/919    0s] CopyFiles Library/ScriptAssemblies/VRM.Tests.pdb
[918/919    0s] CopyFiles Library/ScriptAssemblies/VRM.Tests.dll
*** Tundra build success (0.39 seconds), 9 items updated, 919 evaluated
AssetDatabase: script compilation time: 0.883854s
Begin MonoManager ReloadAssembly
Total cache size 20813700
Total cache size after purge 20813700, took 00:00:00.0380309
Symbol file LoadedFromMemory is not a mono symbol file
- Loaded All Assemblies, in  0.724 seconds
Start importing Assets using Guid(00000000000000001000000000000000) (DefaultImporter) -> (artifact id: '4b55c7cb15071bfc086d0e52a7664a41') in 0.0402565 seconds
Start importing ProjectSettings/InputManager.asset using Guid(00000000000000002000000000000000) (LibraryAssetImporter) -> (artifact id: '3d278bdfa729973ecf92c670ca181c88') in 0.011446 seconds
Start importing ProjectSettings/TagManager.asset using Guid(00000000000000003000000000000000) (LibraryAssetImporter) -> (artifact id: '4aa03ef27a83f311e598313a3ec2fbc3') in 0.0025909 seconds
Start importing ProjectSettings/ProjectSettings.asset using Guid(00000000000000004000000000000000) (LibraryAssetImporter) -> (artifact id: 'f3728ec54d4513f892eb2b9151498a1c') in 0.0017706 seconds
Start importing ProjectSettings/AudioManager.asset using Guid(00000000000000006000000000000000) (LibraryAssetImporter) -> (artifact id: '22ffb3fe371a5950e3f1d63c04f3be40') in 0.0024993 seconds
Start importing ProjectSettings/TimeManager.asset using Guid(00000000000000007000000000000000) (LibraryAssetImporter) -> (artifact id: '52c307e924e96ceef905bcc2cea85a00') in 0.0021959 seconds
Start importing ProjectSettings/DynamicsManager.asset using Guid(00000000000000008000000000000000) (LibraryAssetImporter) -> (artifact id: 'be5c3cc4d9346f9e8fa2ddaee90dd709') in 0.0022297 seconds
Start importing ProjectSettings/QualitySettings.asset using Guid(00000000000000009000000000000000) (LibraryAssetImporter) -> (artifact id: 'f44ba1262e818bbe4262433f49247514') in 0.0028551 seconds
Start importing ProjectSettings/EditorBuildSettings.asset using Guid(0000000000000000b000000000000000) (LibraryAssetImporter) -> (artifact id: '1923232d45cb936aef47cec131f33975') in 0.0028289 seconds
Start importing ProjectSettings/EditorSettings.asset using Guid(0000000000000000c000000000000000) (LibraryAssetImporter) -> (artifact id: 'fdcca38f5f1944c9bec0b9f00395ab39') in 0.0029954 seconds
Start importing ProjectSettings/NavMeshAreas.asset using Guid(00000000000000004100000000000000) (LibraryAssetImporter) -> (artifact id: '4ba0a6bb5cc18b1619eb3b3f4ce570d1') in 0.0021892 seconds
Start importing ProjectSettings/Physics2DSettings.asset using Guid(00000000000000005100000000000000) (LibraryAssetImporter) -> (artifact id: 'b9a798d8579cfd14a9d003bd527e0b64') in 0.0025511 seconds
Start importing ProjectSettings/GraphicsSettings.asset using Guid(00000000000000006100000000000000) (LibraryAssetImporter) -> (artifact id: '73a0d0504a18325c463e244f56ec4944') in 0.0022793 seconds
Start importing ProjectSettings/ClusterInputManager.asset using Guid(00000000000000007100000000000000) (LibraryAssetImporter) -> (artifact id: '5a028a71a6163b7bc9a46219c48662ec') in 0.0022144 seconds
Start importing ProjectSettings/UnityConnectSettings.asset using Guid(0000000000000000a100000000000000) (LibraryAssetImporter) -> (artifact id: '5a6e69f8200d884ded3f19f546ea756a') in 0.0021604 seconds
Start importing ProjectSettings/PresetManager.asset using Guid(0000000000000000b100000000000000) (LibraryAssetImporter) -> (artifact id: '669bd2cb5cdf99ef516d1350fa42393e') in 0.0019414 seconds
Start importing ProjectSettings/VFXManager.asset using Guid(0000000000000000c100000000000000) (LibraryAssetImporter) -> (artifact id: 'd96b989647555359bde1f89c35e57424') in 0.0019012 seconds
Start importing ProjectSettings/VersionControlSettings.asset using Guid(0000000000000000d100000000000000) (LibraryAssetImporter) -> (artifact id: 'b89f810c452b248c014f182ae5caa680') in 0.0019158 seconds
Start importing ProjectSettings/MemorySettings.asset using Guid(0000000000000000f100000000000000) (LibraryAssetImporter) -> (artifact id: '189f3abde70842f4e3ec2c549c6664fd') in 0.0024267 seconds
Start importing ProjectSettings/MultiplayerManager.asset using Guid(00000000000000000200000000000000) (LibraryAssetImporter) -> (artifact id: '2f864bba7a58beddb6fbf79980c9a838') in 0.0021273 seconds
Start importing Library/BuildInstructions using Guid(00000000000000002300000000000000) (DefaultImporter) -> (artifact id: 'ade3aeda13ad9960ede0e143cb33502a') in 0.0005395 seconds
Start importing Packages/com.unity.modules.imgui using Guid(c060426bfd6e82575228df6656368eaa) (DefaultImporter) -> (artifact id: '7d484ab5933192f91b6a2fb9f7498a1e') in 0.0003799 seconds
Start importing Packages/com.unity.analytics using Guid(f0e2d693bdfa2bd57c9a936fbe346430) (DefaultImporter) -> (artifact id: 'a354957cb0989cd6b63cc9af661de3a6') in 0.0012494 seconds
Start importing Packages/com.unity.modules.animation using Guid(1158e311a3101950348dcecb1bebc42d) (DefaultImporter) -> (artifact id: 'ad15220686cb46a8486da5a82128437e') in 0.0004113 seconds
Start importing Packages/com.unity.modules.xr using Guid(515638b803bef8599dbd6d5c8bdaa53e) (DefaultImporter) -> (artifact id: '5cc0ee7d1c42b8eaef23530dfcf3e4db') in 0.0003412 seconds
Start importing Packages/com.unity.modules.assetbundle using Guid(b219c86ce508e478367c0a46e1aa9fe4) (DefaultImporter) -> (artifact id: 'bc1ccff54e0e81e719a299f618cbc700') in 0.0003623 seconds
Start importing Packages/com.unity.test-framework using Guid(73916aaaa5830841647310aa3bfbafc8) (DefaultImporter) -> (artifact id: 'f6404d56d32cea877955da84104d85e4') in 0.00039 seconds
Start importing Packages/com.unity.xr.arcore using Guid(2484a8709d3ffeb7a7e3c07c1c515b36) (DefaultImporter) -> (artifact id: '8106ef8c4ae551016dc62748516f8a09') in 0.0003509 seconds
Start importing Packages/com.unity.modules.screencapture using Guid(5469ef0820152a4ae45d400fdc4626e4) (DefaultImporter) -> (artifact id: '1b898430acdbbeb6302342e1f16ef5fd') in 0.0008689 seconds
Start importing Packages/com.unity.services.analytics using Guid(542dba0a9d3aa95b2f127b964d5a524e) (DefaultImporter) -> (artifact id: 'e53ef1064604a035c00badd89b2391d3') in 0.0004065 seconds
Start importing Packages/com.unity.xr.management using Guid(c42b9789765db0aa62b2fc9f555f6656) (DefaultImporter) -> (artifact id: 'fc7740a59b2e63cff48abb5ad92c0c5e') in 0.0003527 seconds
Start importing Packages/com.unity.modules.cloth using Guid(c4df1124e2787ee0c8d1a911de17ee73) (DefaultImporter) -> (artifact id: 'b88b693b590a4a0a52eea9c60170b5d2') in 0.0003272 seconds
Start importing Packages/com.unity.modules.imageconversion using Guid(850c54ee0b9e1aa740b1c67792eb1f26) (DefaultImporter) -> (artifact id: '77f78b27bd9bac81a00a007ef6f28867') in 0.0003307 seconds
Start importing Packages/com.unity.modules.terrainphysics using Guid(95f85adeda79e994f011eb2152cf4fc9) (DefaultImporter) -> (artifact id: '361f0b2a768839d40a5a079492e0ff7f') in 0.0003321 seconds
Start importing Packages/com.unity.nuget.newtonsoft-json using Guid(a5a20a36fab5ed4fc023d92d2ac579fb) (DefaultImporter) -> (artifact id: '8924f0c4d456c83d7fc9da5dfd1ea2cd') in 0.0008658 seconds
Start importing Packages/com.unity.services.core using Guid(b5e912354fdd6b4cbdeca24c3ff6b5a3) (DefaultImporter) -> (artifact id: 'ff83455b9b4b805e0d0de074b5605721') in 0.0003367 seconds
Start importing Packages/com.unity.modules.unitywebrequest using Guid(c522a644a29fcab2eaf63298c118a65b) (DefaultImporter) -> (artifact id: 'd98f38a0b0a3a6ad84b730beb63727de') in 0.0003614 seconds
Start importing Packages/com.unity.modules.unitywebrequestassetbundle using Guid(d5f0b0adc6826e9dd3b72e292e8438be) (DefaultImporter) -> (artifact id: '4efb6f2729456c035f8d2599b921b1ba') in 0.0003187 seconds
Start importing Packages/com.unity.ext.nunit using Guid(3642dd7ba9f8d6f6139554e1929b8cbc) (DefaultImporter) -> (artifact id: 'ae9b68da83ea42a9514ee1912417d74d') in 0.0007347 seconds
Start importing Packages/com.unity.modules.subsystems using Guid(56b94a5b6990c879bb0f057719d1064b) (DefaultImporter) -> (artifact id: '04a7449add44c3b40bdab2ee56a390af') in 0.0004186 seconds
Start importing Packages/com.unity.2d.sprite using Guid(a65d641262b50b1d1660537efa955ce3) (DefaultImporter) -> (artifact id: '4f7bc974bd81ff64afba247ccc24910a') in 0.0003885 seconds
Start importing Packages/com.unity.modules.unityanalytics using Guid(d6c6a000a805f00649b36b542e8426c2) (DefaultImporter) -> (artifact id: '50e342d51c4bbc49e9992c96072b1439') in 0.0003588 seconds
Start importing Packages/com.unity.modules.physics using Guid(d6db7caf2e852b75ebb9c6098418179c) (DefaultImporter) -> (artifact id: 'b562405fb5bd1c9305c356f8cfe7a672') in 0.0004745 seconds
Start importing Packages/com.unity.modules.vr using Guid(178008567c08e6d84014fa87825d10bb) (DefaultImporter) -> (artifact id: '73cec448275baf0a5bb22c2b6702dc1b') in 0.0005233 seconds
Start importing Packages/com.unity.ai.navigation using Guid(37e24e6a78fa1f81f8c5c28d5214fa86) (DefaultImporter) -> (artifact id: '9fbaf31f7412f7529ee528d485feb7bd') in 0.0004854 seconds
Start importing Packages/com.unity.modules.physics2d using Guid(376c84ea405e0f2b80562c23bb977216) (DefaultImporter) -> (artifact id: 'f030ba7c21f8c3d36c2700ba9484429e') in 0.000509 seconds
Start importing Packages/com.unity.ugui using Guid(67681b4570c6bcfe78fa2778d97ed891) (DefaultImporter) -> (artifact id: '1f7f98c2bbf69219d1b7dfbce0310727') in 0.0003862 seconds
Start importing Packages/com.unity.ide.visualstudio using Guid(77609af07ea7ad7065707af4755877fb) (DefaultImporter) -> (artifact id: 'a24f91737db174a32fbdfb7e5865f787') in 0.0003327 seconds
Start importing Packages/com.unity.modules.wind using Guid(b77b1ad9c05af0412725856c6c53b037) (DefaultImporter) -> (artifact id: '61b7785e224d7c7b869e66861a5b4394') in 0.0003584 seconds
Start importing Packages/com.unity.collab-proxy using Guid(c7996f53d58fc3918d988080b6e917ea) (DefaultImporter) -> (artifact id: 'ede5c46224472751369e24e4c1e5c24c') in 0.0004104 seconds
Start importing Packages/com.unity.modules.uielements using Guid(2808ba6bccb2478ec9c7209d8bf1f3cc) (DefaultImporter) -> (artifact id: '49f971d306aab8cb20ddbc00ca94734a') in 0.0003771 seconds
Start importing Packages/com.unity.modules.unitywebrequestaudio using Guid(38e3a8976f0b9c586b6dfbcef4e4066c) (DefaultImporter) -> (artifact id: 'd22a0a5dce520265216aede629a15820') in 0.000436 seconds
Start importing Packages/com.unity.modules.particlesystem using Guid(48b10b41f58d5b49717f376cda59eeb8) (DefaultImporter) -> (artifact id: '52931c3585e961751803a41152ba5f0c') in 0.0003894 seconds
Start importing Packages/com.unity.modules.accessibility using Guid(783ee1c8fd4414848db1be97aacf44fb) (DefaultImporter) -> (artifact id: '8e348ba1cb91a7a56d611c91d2d841c4') in 0.0003684 seconds
Start importing Packages/com.unity.modules.tilemap using Guid(09e28640d754a611467eebfb261ed749) (DefaultImporter) -> (artifact id: 'e25ff35afe7ee7ac44e2f5154ec1bf6d') in 0.0003215 seconds
Start importing Packages/com.unity.modules.ui using Guid(39728903e57c60021f80449a8bbc0096) (DefaultImporter) -> (artifact id: '9ba448b29b75a8a1f5c4c31201266424') in 0.0003904 seconds
Start importing Packages/com.unity.modules.androidjni using Guid(995c08a3305ff9f0dab5e86f340bd9a7) (DefaultImporter) -> (artifact id: 'cb17bea8d2250c1b95c120c742c59ba3') in 0.0003307 seconds
Start importing Packages/com.unity.xr.core-utils using Guid(e9fff71d49846721fca967fcfc0b2e26) (DefaultImporter) -> (artifact id: '7732144d1cefbb53cf7782f657714475') in 0.0003214 seconds
Start importing Packages/com.unity.ide.rider using Guid(6a3a3693ffc4de1c2c442256937a224e) (DefaultImporter) -> (artifact id: '52f16b20b545ed4bb3014a40160c690f') in 0.0003526 seconds
Start importing Packages/com.unity.multiplayer.center using Guid(ca5f9638067c6d3f0ce43702cf5d065e) (DefaultImporter) -> (artifact id: '9e6ec0a49762f0d2348e7fdf6f8639c6') in 0.0003185 seconds
Start importing Assets/_Project using Guid(1b0e7b389d2e83d4b923082c12975614) (DefaultImporter) -> (artifact id: 'd7f95dcb51362addc29832dce5576f83') in 0.0120031 seconds
Start importing Packages/com.unity.modules.hierarchycore using Guid(6b81377a4453ba7362eb3322f9bcc6c6) (DefaultImporter) -> (artifact id: 'b5ba94375de312bec58cfc03230046fb') in 0.0006001 seconds
Start importing Packages/com.unity.editorcoroutines using Guid(cb733a8644e842fff646fcf8fc006cd9) (DefaultImporter) -> (artifact id: '41c711da4508a72cf80bba0a5e581bb9') in 0.0005259 seconds
Start importing Packages/com.unity.modules.vehicles using Guid(1cf2469083ffa484da4d78dd70d708e8) (DefaultImporter) -> (artifact id: '9c6c089c957cf9dd84e226d7cd597cc4') in 0.0004034 seconds
Start importing Packages/com.unity.timeline using Guid(1c5abd9001f2cd9af77d9ddad8aa161e) (DefaultImporter) -> (artifact id: 'ff0c7135ba2771832f1bd7e24cc90073') in 0.0006203 seconds
Start importing Packages/com.unity.modules.umbra using Guid(9c7c268fa6492449654839df69f2a2f4) (DefaultImporter) -> (artifact id: '281c95feba9f039879135a452ddf9925') in 0.000379 seconds
Start importing Packages/com.unity.inputsystem using Guid(ac53fbe9e2e3a1535e2bfa5d8a7dfd6e) (DefaultImporter) -> (artifact id: '4a26e20d713551aaeff943facdeb061e') in 0.0003787 seconds
Start importing Packages/com.unity.modules.unitywebrequestwww using Guid(dcc8c6e92b172a65719af5ddf47dd968) (DefaultImporter) -> (artifact id: '7f5a98437b302707aa44474c2ba685a9') in 0.0003708 seconds
Start importing Packages/com.unity.xr.arfoundation using Guid(fc66ab2a6c4d7779d692471fbca4fbb2) (DefaultImporter) -> (artifact id: '7a0f2d55d67597061fc98ef91cbe307d') in 0.0003753 seconds
Start importing Packages/com.unity.modules.jsonserialize using Guid(fc3a810351931f5e6183e16b9beb5563) (DefaultImporter) -> (artifact id: 'ae149b8f46567b37c6b77b16bb572fe8') in 0.0003387 seconds
Start importing Packages/com.unity.mathematics using Guid(1d4cfc07e8b81a929e21c7a84fecef20) (DefaultImporter) -> (artifact id: '597aac1c25025fd36f3464c696a75de5') in 0.0003681 seconds
Start importing Packages/com.unity.modules.director using Guid(2d142b475fbfb8cf12ba3a795194300a) (DefaultImporter) -> (artifact id: '048fe235c538004c98f298dced6201df') in 0.0003591 seconds
Start importing Packages/com.unity.modules.audio using Guid(2d6ba5cbe47e6ad3c87474c56174d4e0) (DefaultImporter) -> (artifact id: '2ad5535b0c9fde796c0a268a703c42c8') in 0.0003693 seconds
Start importing Packages/com.unity.modules.video using Guid(ede0462698a4a5643aa9872c074acd38) (DefaultImporter) -> (artifact id: '3172065d6af8ff17b025e0af8d219d15') in 0.000325 seconds
Start importing Packages/com.unity.modules.ai using Guid(fd871a8be47119612f7c254e96a822b7) (DefaultImporter) -> (artifact id: '619e67a2820f0fb43e606df1f0c95aa2') in 0.0003169 seconds
Start importing Packages/com.unity.modules.terrain using Guid(6e1c8b97ec8aa0464e92506ffe099558) (DefaultImporter) -> (artifact id: 'd262e4fb78f6fff54404eb87b88b9ac4') in 0.0003571 seconds
Start importing Packages/com.unity.purchasing using Guid(2fb7f2d20e1676d3248cab2cbb660fc7) (DefaultImporter) -> (artifact id: '122a902a65c0ed14cccd3181a4f3bb4a') in 0.0003334 seconds
Start importing Packages/com.unity.xr.legacyinputhelpers using Guid(5f30715dce53725c0c066f0a4bd8670d) (DefaultImporter) -> (artifact id: '2d33056948ab238abe4f9a30f7746483') in 0.0004273 seconds
Start importing Packages/com.unity.modules.unitywebrequesttexture using Guid(6f1c7ebc8ac78cb951be24c238cbd3ba) (DefaultImporter) -> (artifact id: '590a54cd80ec2a1da1d11f7ee409e01f') in 0.0003186 seconds
Start importing Packages/com.unity.2d.tilemap using Guid(fff8fae40ff13f0af472da1e76bf328c) (DefaultImporter) -> (artifact id: 'c315cd514cf412651c19fe23d96b8bd7') in 0.0003207 seconds
Start importing Assets/_Project/Map using Guid(3034a1b552b7a18448088d154d1eba93) (DefaultImporter) -> (artifact id: 'ee3b4d293a3d9424799d1234299d1876') in 0.0019404 seconds
Start importing Packages/com.unity.xr.core-utils/Tests using Guid(7070354fd57a74c118e1ca1a5be0ddbd) (DefaultImporter) -> (artifact id: '3fb1774bdf4f89ec0a3416f98754a0d4') in 0.000739 seconds
Start importing Packages/com.unity.inputsystem/DocCodeSamples.Tests using Guid(c0f26b555bfc14351a9f8ec342fd6ae8) (DefaultImporter) -> (artifact id: '108896428b26b8f66f9e2e884369a98b') in 0.0006425 seconds
Start importing Packages/com.unity.analytics/Plugins using Guid(71e1652fdff664f9bb0ae9e0327b0d90) (DefaultImporter) -> (artifact id: '0a1f9856d9127a9f02c0e265e28ead7f') in 0.0005776 seconds
Start importing Packages/com.unity.ide.rider/Rider using Guid(9129183a42052cd43b9c284d6dbd541e) (DefaultImporter) -> (artifact id: '8c24f0b20cd2e295de7f286e5a0bd378') in 0.0006766 seconds
Start importing Packages/com.unity.ugui/Editor Resources using Guid(d1a0a27327b54c3bac52a08929c33f81) (DefaultImporter) -> (artifact id: '89d4bdf381a63d2d738dcc151e624513') in 0.0007084 seconds
Start importing Packages/com.unity.inputsystem/Tests using Guid(f1c1e9b3951e340e48a3d2c037d6f48b) (DefaultImporter) -> (artifact id: '3ea7d62947e148c46603b1d107d03712') in 0.0006132 seconds
Start importing Assets/_Project/Tests using Guid(02b15e1a86c2d2344b9f11dba08c4cf4) (DefaultImporter) -> (artifact id: '49ad64e24a0f26cb5178185e003af469') in 0.0017214 seconds
Start importing Packages/com.unity.xr.arcore/Assets using Guid(5240fe65ba7be46b191a73822f0072a8) (DefaultImporter) -> (artifact id: '96740325ccac89c5868793d54302818c') in 0.0006411 seconds
Start importing Packages/com.unity.multiplayer.center/Editor using Guid(72aad6ae0dafb492cbf852432441bb38) (DefaultImporter) -> (artifact id: '1472e7f5e610b0cbc5fd254e2d90e8af') in 0.0006194 seconds
Start importing Assets/_Project/Bootstrap using Guid(725d7fa2cb1171143b261b89927c1dfd) (DefaultImporter) -> (artifact id: '1d6eb065ece00b15193bddb5c685da17') in 0.0018439 seconds
Start importing Packages/com.unity.multiplayer.center/Common using Guid(f247964bd405431fbd31840f97bef608) (DefaultImporter) -> (artifact id: '80028f5919b4bee936c04608a509d2e3') in 0.0009247 seconds
Start importing Packages/com.unity.xr.arcore/Tests using Guid(030d6110833494e0eb8f9624668e598a) (DefaultImporter) -> (artifact id: '8add4237db25a700fb1599e6e587d50e') in 0.0005964 seconds
Start importing Packages/com.unity.ai.navigation/Editor using Guid(63b588f3892bb4b5eb73ad3d2791e05c) (DefaultImporter) -> (artifact id: '56542eb366809904ef22cfba0a6fd803') in 0.0005534 seconds
Start importing Packages/com.unity.ai.navigation/Gizmos using Guid(93b9715f5a4bf471c8154f6cbab7e94d) (DefaultImporter) -> (artifact id: '9a1ea2e9334068cca4fb91a9c2309465') in 0.0004807 seconds
Start importing Packages/com.unity.mathematics/Unity.Mathematics using Guid(b3be5912975a74cc0b42e9039d91daf1) (DefaultImporter) -> (artifact id: 'db7e4658d6f4167db080f5d152bddf79') in 0.0005168 seconds
Start importing Packages/com.unity.mathematics/Tests using Guid(e3503cbca3a6645cb8298d5cecf03cec) (DefaultImporter) -> (artifact id: '7a7efa4be2c2bba6f2efc8aff051210e') in 0.0005823 seconds
Start importing Packages/com.unity.timeline/DocCodeExamples using Guid(5486badfefef3eb47b45d071d232469d) (DefaultImporter) -> (artifact id: '026dd7f43ddca681123d16eda11d9708') in 0.0007225 seconds
Start importing Packages/com.unity.test-framework/UnityEngine.TestRunner using Guid(950890083f4907541a6ed06d70959e49) (DefaultImporter) -> (artifact id: 'b2380b0eb08023ce063c7b7396ba8e5e') in 0.0006605 seconds
Start importing Packages/com.unity.test-framework/UnityEditor.TestRunner using Guid(95cdf27b47eb82747ba9e51f41e72a35) (DefaultImporter) -> (artifact id: '77f76be7513a4e9a3b3e2eeeb0b13cad') in 0.0006849 seconds
Start importing Packages/com.unity.xr.legacyinputhelpers/Runtime using Guid(a5d4a182a315c1e499859f6879113727) (DefaultImporter) -> (artifact id: '156bfe155369d48b2684c3431b48da0a') in 0.0005784 seconds
Start importing Packages/com.unity.services.core/Editor using Guid(b53dd038fe96141b3ad1e6676408d00b) (DefaultImporter) -> (artifact id: '0bb9d9153f7407d5559fba888b444d37') in 0.0005602 seconds
Start importing Packages/com.unity.2d.sprite/Editor using Guid(16fa2ad734f422245b86558310973ad1) (DefaultImporter) -> (artifact id: '9ce063a7336b14f21ccdcf65fdb6033e') in 0.0006829 seconds
Start importing Packages/com.unity.analytics/AnalyticsStandardEvents using Guid(96e1a81adb349464a97ebed166911b0e) (DefaultImporter) -> (artifact id: '8447f7ea3acd8b4eef995419604c8191') in 0.0005099 seconds
Start importing Assets/_Project/AR using Guid(c6ca39e3c2a292c4c92e2a2155364cc2) (DefaultImporter) -> (artifact id: '6971c923d220f4273d0fd4f61e34c5a0') in 0.0017016 seconds
Start importing Packages/com.unity.xr.arfoundation/Editor using Guid(d640407051394e845b5a2644547e9f7d) (DefaultImporter) -> (artifact id: '4333370e6a5e6e749ebb2e39a49293a4') in 0.00077 seconds
Start importing Packages/com.unity.test-framework/Tests using Guid(b70e28337c9001e4390442151ea5542c) (DefaultImporter) -> (artifact id: '88dd20ad2c23d64332e901fda31c7692') in 0.000603 seconds
Start importing Assets/_Project/Core using Guid(b72f3f4dece9784488a46145fa483b7f) (DefaultImporter) -> (artifact id: '548302b9da75d12da387ef4d2180fdc0') in 0.0014024 seconds
Start importing Packages/com.unity.ugui/Tests using Guid(d850db319a63d2546932ff76fe55a498) (DefaultImporter) -> (artifact id: '87ed2bbc25b91c58b304abd09ed3aaba') in 0.0005854 seconds
Start importing Packages/com.unity.purchasing/Icons using Guid(39bcd3ac60831463b9c857f2631befc6) (DefaultImporter) -> (artifact id: '315ea8f8f54eed04b94deeadca48fbe0') in 0.000585 seconds
Start importing Packages/com.unity.services.analytics/Runtime using Guid(39ad546f9376144db8d6e8f80668db4a) (DefaultImporter) -> (artifact id: 'f462e34c77ef2429234e81c8d4e79778') in 0.0007193 seconds
Start importing Packages/com.unity.services.core/Runtime using Guid(49cc1478f193eaf42b317e31da46effa) (DefaultImporter) -> (artifact id: '99d9fddf2126e450dbf1632cda7a97ca') in 0.0005723 seconds
Start importing Packages/com.unity.xr.legacyinputhelpers/Tests using Guid(7928452df125f6b4383b4691b9aec342) (DefaultImporter) -> (artifact id: 'bdeb5921e94ac14b8052a6cf435fc38e') in 0.0008218 seconds
Start importing Packages/com.unity.purchasing/Plugins using Guid(99c9cbe95d3c4865858523085fe30d8e) (DefaultImporter) -> (artifact id: '0cb92a007244b3d69d333eb30b45a6ce') in 0.0005698 seconds
Start importing Packages/com.unity.xr.arcore/Runtime using Guid(a9a3c7249e82420f9ac5299086e6276a) (DefaultImporter) -> (artifact id: '78a9812caaa1936943d3d304fc7a41d8') in 0.000712 seconds
Start importing Packages/com.unity.xr.arcore/Editor using Guid(3a8792ae01c04f758f77e2f5c0153d91) (DefaultImporter) -> (artifact id: '519346e2573a391f768994b2522f36d4') in 0.0005703 seconds
Start importing Assets/_Project/Networking using Guid(3ab7a592cee61434e95636124d5ef4b2) (DefaultImporter) -> (artifact id: '65c3b5c64f709cd46b703ec89c66a20f') in 0.0018271 seconds
Start importing Packages/com.unity.ide.visualstudio/Editor using Guid(4a707af59e3522d43afe34dfc4429b86) (DefaultImporter) -> (artifact id: 'f88aacd1454d2c39e5a3237a55a704b1') in 0.0009511 seconds
Start importing Packages/com.unity.analytics/Tests using Guid(7a573b834e2608c4f982daf527bdb47a) (DefaultImporter) -> (artifact id: '301eee54a5c25d113d979527d53aa203') in 0.0007016 seconds
Start importing Packages/com.unity.analytics/DataPrivacy using Guid(8aafd27f78c12564281bac0d0067df8d) (DefaultImporter) -> (artifact id: '38680e4f79408b1884d4411c41ecbf13') in 0.000773 seconds
Start importing Packages/com.unity.ugui/Runtime using Guid(aa14b70e6a58c5b4fa6663623e3dca91) (DefaultImporter) -> (artifact id: 'fa7aa1d533b272bf79afdbd5404453cd') in 0.000548 seconds
Start importing Packages/com.unity.multiplayer.center/Tests using Guid(baf75c9d3de4941df9ee5f3dd1d3bc34) (DefaultImporter) -> (artifact id: 'c292f37aeb22efaba797eb1a89034c56') in 0.0005483 seconds
Start importing Packages/com.unity.xr.legacyinputhelpers/Prefabs using Guid(ca05aff1f90b74f429ab1a0c98f36a37) (DefaultImporter) -> (artifact id: '347697f1cc33ad53a6f10de6403cac72') in 0.0005396 seconds
Start importing Packages/com.unity.xr.core-utils/Runtime using Guid(ea5c7c3e409a74fe38cd2a72dea3daa9) (DefaultImporter) -> (artifact id: '60ca9ededf558da6d8e4dec7bd794cff') in 0.000536 seconds
Start importing Packages/com.unity.2d.tilemap/Tests using Guid(2bfef0473016eee4fa9d9bd505a1edd5) (DefaultImporter) -> (artifact id: '2351ebd7fae42645877ab48b290e4bc6') in 0.0005543 seconds
Start importing Packages/com.unity.xr.core-utils/Editor using Guid(3b34a109dca7f438ba5b953052547fa0) (DefaultImporter) -> (artifact id: '47f1cb8c0effe3727b35d1c856ffe2d1') in 0.0006797 seconds
Start importing Packages/com.unity.editorcoroutines/Editor using Guid(4baf9d3a89175c143b9d1bb3e62526e7) (DefaultImporter) -> (artifact id: 'edae277bc950bca8bd0493d34e6c39da') in 0.0007944 seconds
Start importing Packages/com.unity.2d.tilemap/Editor using Guid(6b38a6882b80b1c4dbcca4bc844d7b9c) (DefaultImporter) -> (artifact id: '7e40f9942d4855438773cedcf578b977') in 0.0007009 seconds
Start importing Packages/com.unity.inputsystem/InputSystem using Guid(7be622e2320c433e83fcfd2dbb7bd468) (DefaultImporter) -> (artifact id: '9d8a939a01d340a6bfc51960567658cf') in 0.0006062 seconds
Start importing Packages/com.unity.timeline/Editor using Guid(9b4f21acd14fdd445b37b76f6587539e) (DefaultImporter) -> (artifact id: 'f80eb79f5aaab5d8b50f5446c18887cf') in 0.0005531 seconds
Start importing Packages/com.unity.xr.arfoundation/Assets using Guid(abb13e18b7f635846ae5227543a999ed) (DefaultImporter) -> (artifact id: '074c14f65f50f8842354b2216fdf068b') in 0.0005475 seconds
Start importing Packages/com.unity.xr.arfoundation/Runtime using Guid(ab67d34cb7e62e246a0f4c98b463ab1a) (DefaultImporter) -> (artifact id: 'b7c15a8e4784ea1dc72bd2071013268d') in 0.0005852 seconds
Start importing Packages/com.unity.xr.arfoundation/Tests using Guid(bbc970fb209dd41d6970da4a87b976e0) (DefaultImporter) -> (artifact id: '72ce4cd75042e2afbb34cb435ac574ed') in 0.0005396 seconds
Start importing Packages/com.unity.purchasing/Runtime using Guid(bb0d4b0caa514ab5b60bc9b36d702598) (DefaultImporter) -> (artifact id: 'fa0782278e9cf537997d2d3f6f39e224') in 0.0007628 seconds
Start importing Packages/com.unity.services.analytics/Editor using Guid(3c12b9e9e7a1c4a969542b1200850c44) (DefaultImporter) -> (artifact id: '607f62f820933c9e92a2c6e86221d4e9') in 0.0006274 seconds
Start importing Packages/com.unity.ai.navigation/EditorResources using Guid(bcb26a80e56f33046a81574f96664cfe) (DefaultImporter) -> (artifact id: '5a1cad08036fb88bee2b759db690ec3a') in 0.0006283 seconds
Start importing Packages/com.unity.xr.management/Editor using Guid(dcfbcd3f5f6514657924b8e122d97765) (DefaultImporter) -> (artifact id: '08e15710e2ed0ef46b2797796a55e98a') in 0.0006348 seconds
Start importing Packages/com.unity.collab-proxy/Lib using Guid(dc0f0050d6c104fc7b2b61ca838fd8c6) (DefaultImporter) -> (artifact id: '0352829eb3a2b63fe3595455890092e1') in 0.0005484 seconds
Start importing Packages/com.unity.xr.legacyinputhelpers/Editor using Guid(cdbbaacae9c2a9b4ba09caf34ba4ad5e) (DefaultImporter) -> (artifact id: 'c4d37349e554a8575ce41fe2ae3a8817') in 0.0005177 seconds
Start importing Packages/com.unity.mathematics/Unity.Mathematics.Editor using Guid(ed3cf288b647446a1a4040049eb363d7) (DefaultImporter) -> (artifact id: 'd3eca6a996482eb62a5232eb96f5fb32') in 0.0006667 seconds
Start importing Packages/com.unity.collab-proxy/Editor using Guid(3eedd97b804f5a546a8817f8be60e318) (DefaultImporter) -> (artifact id: 'a5577632cee5fc768c624f38dfc27531') in 0.0006244 seconds
Start importing Packages/com.unity.ugui/Package Resources using Guid(5ec95f4d5b2d1f14e9ff8682562553f9) (DefaultImporter) -> (artifact id: '20161e53e484de6465e75d382f9dbde6') in 0.0007265 seconds
Start importing Packages/com.unity.2d.sprite/Tests using Guid(7e2656e167a517b4d8552ba38f4b7bbe) (DefaultImporter) -> (artifact id: '9162fd1aa14def45d2947dece82f8d2e') in 0.0006051 seconds
Start importing Assets/_Project/UI using Guid(9e32a8235a85dbf4abd172cb72ea1885) (DefaultImporter) -> (artifact id: 'f9a1be3fee777988b3edfe6b2b87caf7') in 0.0021674 seconds
Start importing Packages/com.unity.ugui/Editor using Guid(bee384ad5b4d1a843a018082e7db53cd) (DefaultImporter) -> (artifact id: 'cc2ff2381a5068f9e19e880ea4d9c9b1') in 0.0005696 seconds
Start importing Packages/com.unity.ai.navigation/Runtime using Guid(ce67aa87f613246dda63a54a59c6399e) (DefaultImporter) -> (artifact id: '9e38751fd2a295b42a1aa963f377ada5') in 0.0006747 seconds
Start importing Packages/com.unity.nuget.newtonsoft-json/Runtime using Guid(de1c7164adaf49d47b5de31c140713c9) (DefaultImporter) -> (artifact id: '62b439fe2e630c59570dd4a18cb78d8e') in 0.0005227 seconds
Start importing Packages/com.unity.xr.management/Runtime using Guid(4fb10c2185e1347c4bef41feca4a8845) (DefaultImporter) -> (artifact id: '088f34e7a3bd0f4521c64aed1019d5d3') in 0.0005536 seconds
Start importing Packages/com.unity.xr.management/Tests using Guid(4fadb9d2c47be4b2587eec5da859310c) (DefaultImporter) -> (artifact id: 'faf9b22b80e26ca0ce49313ade4320eb') in 0.0008227 seconds
Start importing Packages/com.unity.analytics/Editor using Guid(7fd5e77e7e7ea4eea8198138cd9cc814) (DefaultImporter) -> (artifact id: '4481e13d57dccfe92c3a97ed53dbb7b2') in 0.0005811 seconds
Start importing Packages/com.unity.ext.nunit/net40 using Guid(af19581c6078849139e0671f575e4b7c) (DefaultImporter) -> (artifact id: '7cfa80f12945c74956f086b3610c7a51') in 0.0005178 seconds
Start importing Packages/com.unity.purchasing/Editor using Guid(bf1a0a150b3c4c74b3f390e12e8590e1) (DefaultImporter) -> (artifact id: '66d6a688a04f1456af7078fc29605591') in 0.0005459 seconds
Start importing Packages/com.unity.timeline/Runtime using Guid(efcf753a96a07b24dbe5f23a8ad5963d) (DefaultImporter) -> (artifact id: 'f4d7b2893c90f55eea78fd9c54cf526a') in 0.0005179 seconds
Start importing Packages/com.unity.xr.core-utils/Editor/GUI using Guid(10f0a397e079845a386e3374b2cdb655) (DefaultImporter) -> (artifact id: 'd4280ecbccd6a649e82f14269bd3b543') in 0.0006659 seconds
Start importing Packages/com.unity.ugui/Editor/TMP using Guid(10d1425d9e87841d9a9deafe9e93a6f2) (DefaultImporter) -> (artifact id: 'b78a297ad64c4d78728ae683af3e5658') in 0.0005608 seconds
Start importing Packages/com.unity.2d.sprite/Editor/Assets using Guid(20c685e07fa93400e9c30b0326f57bfd) (DefaultImporter) -> (artifact id: 'f4b8df3d516fc647b43d3555215c3262') in 0.0009455 seconds
Start importing Packages/com.unity.inputsystem/InputSystem/Actions using Guid(2069418e852748dbaa154cf71b8f033a) (DefaultImporter) -> (artifact id: '8fb24b4a043d5aae145c0996b54919be') in 0.0006634 seconds
Start importing Packages/com.unity.xr.arfoundation/Editor/ARSubsystems using Guid(300c4804f47d540fc9efec07999accf7) (DefaultImporter) -> (artifact id: '2c67d8dab15f7d6da5773c962d7e30a9') in 0.0006874 seconds
Start importing Packages/com.unity.services.core/Editor/Core using Guid(4002c4a9fbda3480eb95944a3d3a62de) (DefaultImporter) -> (artifact id: '167d80629e2de811589a5970d51daa49') in 0.0006397 seconds
Start importing Packages/com.unity.purchasing/Runtime/Apple using Guid(4088708e9ebc49b2a8a6b7e6d2aec0f2) (DefaultImporter) -> (artifact id: '9d906d5c1fdab069459b39b3e828d819') in 0.0005605 seconds
Start importing Packages/com.unity.xr.arfoundation/Runtime/ARFoundation using Guid(6086591be400b46bea7bc39a491b23a9) (DefaultImporter) -> (artifact id: '06ac888a1d41b7af3d3f06c5ccb759d8') in 0.000705 seconds
Start importing Packages/com.unity.xr.core-utils/Runtime/Collections using Guid(90e21806b8f84bedb947662baf96994e) (DefaultImporter) -> (artifact id: 'df644ea15d9a5e63d34d933998f0a411') in 0.0007326 seconds
Start importing Packages/com.unity.collab-proxy/Editor/Views using Guid(90e77543957de2e4dbe9d7d7c7653add) (DefaultImporter) -> (artifact id: 'ce2dcf52b1cd3041eaeff44cd2907e57') in 0.0005145 seconds
Start importing Packages/com.unity.collab-proxy/Editor/Topbar using Guid(901a4c5ec64146f597bf2295de8457e9) (DefaultImporter) -> (artifact id: 'a5b2b0723ffb7b47673d74eaed122d4c') in 0.0005663 seconds
Start importing Packages/com.unity.collab-proxy/Editor/Assets using Guid(b01e5a3d2517b904698dbc9fa0df727f) (DefaultImporter) -> (artifact id: '593cee725f24a140edddeb9f7f0b3a91') in 0.0005336 seconds
Start importing Packages/com.unity.ext.nunit/net40/unity-custom using Guid(c0673f99c7a5d42e081a6f88c5a37862) (DefaultImporter) -> (artifact id: 'f4fcd55258eeff1a5f459a9ca176b6e0') in 0.000543 seconds
Start importing Packages/com.unity.xr.core-utils/Runtime/Datums using Guid(c077772b186f48118aed074774d1148e) (DefaultImporter) -> (artifact id: 'a94b11c2f9e34638c866ce42bd4ddf88') in 0.0005951 seconds
Start importing Packages/com.unity.timeline/Runtime/Activation using Guid(d0cd29fb1ad218b48b814bc3e6d8ac0e) (DefaultImporter) -> (artifact id: '7ec8e051b92a3280751dd248404deffb') in 0.0005957 seconds
Start importing Packages/com.unity.timeline/Editor/Audio using Guid(e091bb444874ef244b1ba4a813fc1e34) (DefaultImporter) -> (artifact id: '2b68ffb7fb8c453e42724a8fe3393fce') in 0.0007587 seconds
Start importing Packages/com.unity.services.core/Runtime/Registration using Guid(e0f34382d332b4ab6ab0055a3a89c029) (DefaultImporter) -> (artifact id: '8eb09f8a2022b39b9aaaa4b7e53153bb') in 0.0005716 seconds
Start importing Packages/com.unity.xr.arfoundation/Assets/Materials using Guid(e07e4704de31272488f32563e145cb63) (DefaultImporter) -> (artifact id: '309a5d70a8e980315563a84a43ee6b2e') in 0.000647 seconds
Start importing Packages/com.unity.services.analytics/Runtime/Plugins using Guid(015239632c3141eaaef8b27701240298) (DefaultImporter) -> (artifact id: 'd83f979dd808f76a8a10b32e0542dacf') in 0.0005004 seconds
Start importing Packages/com.unity.xr.legacyinputhelpers/Tests/Runtime using Guid(11a5cf454eec528428e2df5463d6a0ee) (DefaultImporter) -> (artifact id: '61265ca293d98e3088be913e5051ba99') in 0.0005138 seconds
Start importing Packages/com.unity.purchasing/Runtime/WinRT using Guid(11cf22908844e694ea2fdcccb32a4e0d) (DefaultImporter) -> (artifact id: 'fcb7431aa1e0fffb2890669beb38c81d') in 0.0009855 seconds
Start importing Packages/com.unity.multiplayer.center/Editor/Analytics using Guid(21f32d2f4add49b3b11fadb6889a2156) (DefaultImporter) -> (artifact id: '51aff480448f490e143cac19c8fd77f7') in 0.0011799 seconds
Start importing Packages/com.unity.timeline/Editor/Animation using Guid(3174898fbcdf12448963cdb5f5b60a33) (DefaultImporter) -> (artifact id: '4c225d7b2fdd56a38c6d2df7c6b0becc') in 0.0007433 seconds
Start importing Packages/com.unity.inputsystem/InputSystem/Utilities using Guid(51e828593aae48cdbee6e9ae0ec20e5d) (DefaultImporter) -> (artifact id: 'fce82bf2a18a914bc2f961afe369b165') in 0.0005495 seconds
Start importing Packages/com.unity.ugui/Runtime/TMP using Guid(619aadd8f276341ca84d7ad5a9c6db21) (DefaultImporter) -> (artifact id: '5308cedcd74d43682790fc7238a9d1e2') in 0.0005258 seconds
Start importing Packages/com.unity.mathematics/Unity.Mathematics/Geometry using Guid(8179f9b7bb3904f5ba86140bea0a128b) (DefaultImporter) -> (artifact id: 'c49907dbfdabccf49117d4ea50ab372d') in 0.0005416 seconds
Start importing Packages/com.unity.xr.core-utils/Editor/ProjectValidation using Guid(911a78dede4cd48149481a5b2b636d20) (DefaultImporter) -> (artifact id: '45833fbbf63ca2cb38d1757ec9ed84ae') in 0.0005778 seconds
Start importing Packages/com.unity.timeline/Editor/Attributes using Guid(919d97c1a707113409177d498d31cf51) (DefaultImporter) -> (artifact id: 'a394aff5417da80e45557b1d3c77bce9') in 0.0007683 seconds
Start importing Packages/com.unity.timeline/Editor/Activation using Guid(b124f0b8ca43e6e46bdc0322fad15ea3) (DefaultImporter) -> (artifact id: 'b0f0eb26ac07686a29a876a64113229d') in 0.0006893 seconds
Start importing Packages/com.unity.2d.sprite/Editor/Interface using Guid(b1c7f0c50b0c1d7458d2d0a50ebfefef) (DefaultImporter) -> (artifact id: '560ec512e87c3504717dc1653907d648') in 0.0007923 seconds
Start importing Packages/com.unity.timeline/Runtime/Audio using Guid(d19b75372f4e44d4fa4b2cffbb54124b) (DefaultImporter) -> (artifact id: 'd9e49cf7ac27936b79c7ef7e29172ff1') in 0.0006556 seconds
Start importing Packages/com.unity.multiplayer.center/Editor/Features using Guid(22d3dbf8d488d49d2b1130d698010dee) (DefaultImporter) -> (artifact id: '97b7a3470b31512cc10a8dd26ae2abee') in 0.0018043 seconds
Start importing Packages/com.unity.purchasing/Editor/Common using Guid(32d795ca3c76d534ea40ce8f75102c07) (DefaultImporter) -> (artifact id: '35cf287d70c4a1bfb41e360a9748965a') in 0.0006876 seconds
Start importing Packages/com.unity.xr.legacyinputhelpers/Editor/ArmModels using Guid(4209e16f276e327468a3bba1ee24a3dd) (DefaultImporter) -> (artifact id: 'b5043aa8f264117e8586018ba256adcf') in 0.0005797 seconds
Start importing Packages/com.unity.services.core/Runtime/Environments using Guid(52a47205c1f214eb490342c98531d7d7) (DefaultImporter) -> (artifact id: 'dbb9d4640ef4c4cac4cb7a960421c52e') in 0.0007083 seconds
Start importing Packages/com.unity.2d.tilemap/Tests/Editor using Guid(62324ebe9a53d9a43b04f4b0e9b961a0) (DefaultImporter) -> (artifact id: '57e226c2d45ba16b10c99f576d1e2d6c') in 0.0006894 seconds
Start importing Packages/com.unity.services.core/Runtime/Core.Internal using Guid(82f8d759ea41b46549f0c3a2d4165ec6) (DefaultImporter) -> (artifact id: 'bf5b2b035dd84ee9d62cbd847dd34847') in 0.0007245 seconds
Start importing Packages/com.unity.2d.tilemap/Editor/ObjectCreationMenu using Guid(b294a6b01c40240e1b1677cd56223441) (DefaultImporter) -> (artifact id: 'aadde93d5cbb253869e1ec35bc0bba23') in 0.0006684 seconds
Start importing Packages/com.unity.xr.core-utils/Runtime/GUI using Guid(c270717213d3f48f59cfd8b720bedecf) (DefaultImporter) -> (artifact id: '832d3f62d11fc5e07a494e73a5f45a04') in 0.0009947 seconds
Start importing Packages/com.unity.ai.navigation/Editor/ConversionSystem using Guid(d25d346918c1247368b4cb66a787b59e) (DefaultImporter) -> (artifact id: '8fe22541ee4ac1a9cb76ef1a05ebba54') in 0.0006473 seconds
Start importing Packages/com.unity.xr.arfoundation/Assets/Shaders using Guid(1319a301cc4eca5428ad164a16278da5) (DefaultImporter) -> (artifact id: 'b29f52f4dc91b1c1af49eb0ff0a903f9') in 0.0006097 seconds
Start importing Packages/com.unity.xr.core-utils/Runtime/Extensions using Guid(239813eae45e14dad8d54b17f6d52e5b) (DefaultImporter) -> (artifact id: '46a02349ccce5d6a49bcc745c0e32301') in 0.0006859 seconds
Start importing Packages/com.unity.purchasing/Runtime/Stores using Guid(43a44b0d4f06450e891b3f8ddec692b2) (DefaultImporter) -> (artifact id: '143b423d455e78d28b2296af5d48d819') in 0.0006732 seconds
Start importing Packages/com.unity.purchasing/Runtime/AppleStub using Guid(537dc85ed32d4d288e291a956fb9034d) (DefaultImporter) -> (artifact id: '3e220a3185b6e4c37af2aaccd3d688c0') in 0.0005953 seconds
Start importing Packages/com.unity.collab-proxy/Editor/WebApi using Guid(73d911d9a41870c47a8442b59375b4c6) (DefaultImporter) -> (artifact id: 'e6375775da8d8edbf3862bde24449221') in 0.0006825 seconds
Start importing Packages/com.unity.2d.sprite/Editor/UI using Guid(93511675f113bf744a830b91761ead82) (DefaultImporter) -> (artifact id: '9d55b6fc713f1fa9ee5d10d621ee12b8') in 0.0005715 seconds
Start importing Packages/com.unity.ugui/Tests/Editor using Guid(936bea4b2545c4a4fad2e623b0f6371f) (DefaultImporter) -> (artifact id: '75f26d3f4c8aedba3eb80398ab395bd8') in 0.0005226 seconds
Start importing Packages/com.unity.test-framework/UnityEditor.TestRunner/UnityTestProtocol using Guid(936c6340f3468444ebb1785b4c311126) (DefaultImporter) -> (artifact id: '483d26fa6f42e15acd6790bf9c72ba8c') in 0.0005477 seconds
Start importing Packages/com.unity.analytics/Tests/Editor using Guid(931f3395378214a6c94333853bd0659b) (DefaultImporter) -> (artifact id: 'c3a057e6ae59044235fbe6898b60e99f') in 0.0005198 seconds
Start importing Packages/com.unity.xr.arcore/Assets/Shaders using Guid(b30653cbd8ce04e17b1668abb2eaf2c2) (DefaultImporter) -> (artifact id: '1821965e0b34ddd3f2d3c48b4b2ad33d') in 0.0005223 seconds
Start importing Packages/com.unity.collab-proxy/Editor/AssetsUtils using Guid(b32be061a815d6947bc3594cdcb94a1c) (DefaultImporter) -> (artifact id: '32ea381b6a4fd9ef8e3d103d905f60da') in 0.0005456 seconds
Start importing Packages/com.unity.mathematics/Unity.Mathematics/Properties using Guid(d3e017d9ad3f00a4c9e234b0236911b7) (DefaultImporter) -> (artifact id: 'b01fd5d2b1f671ec0cf32c26fb4e248e') in 0.0005243 seconds
Start importing Packages/com.unity.2d.sprite/Editor/SpriteEditor using Guid(d32377b23cb0c8b46a545d7014fff425) (DefaultImporter) -> (artifact id: 'd1a366d43c3379ffaceb5b4b674273a3') in 0.0005109 seconds
Start importing Packages/com.unity.collab-proxy/Editor/AssetMenu using Guid(d3f8e034331c39c4f823ac31228dc4d9) (DefaultImporter) -> (artifact id: 'aa349f23bfe277580eb1ffea769c2d49') in 0.0004949 seconds
Start importing Packages/com.unity.inputsystem/Tests/TestFixture using Guid(e349610bc4b1546dd94c6dab37414d2b) (DefaultImporter) -> (artifact id: 'a460582bae2687b0603f24734715cfc5') in 0.0005358 seconds
Start importing Packages/com.unity.nuget.newtonsoft-json/Runtime/AOT using Guid(14f21d7a1e53a8c4e87b25526a7eb63c) (DefaultImporter) -> (artifact id: '11b65be1037953c6858c3c8ca391f751') in 0.0006079 seconds
Start importing Packages/com.unity.services.core/Runtime/Core using Guid(144d81c470711634aa3b53f081b60557) (DefaultImporter) -> (artifact id: 'c50b1c3a7716679308d7d25099ef15aa') in 0.0005942 seconds
Start importing Packages/com.unity.collab-proxy/Editor/Gluon using Guid(247bccd1e820aae42b0c93b3f77ce6e8) (DefaultImporter) -> (artifact id: '288dc16ee6c6cbc4e5cec08d16a888a2') in 0.0005365 seconds
Start importing Packages/com.unity.xr.arfoundation/Runtime/Simulation using Guid(34cb3d9cb3dcf2c479d9c2034853c49e) (DefaultImporter) -> (artifact id: '841deae8a168c88391450f071cafea5b') in 0.0007555 seconds
Start importing Packages/com.unity.purchasing/Runtime/SecurityCore using Guid(442b3f9465ea82a48adb018793683a35) (DefaultImporter) -> (artifact id: '5d9e36f291642419f7a2606aa8555b3c') in 0.0005237 seconds
Start importing Packages/com.unity.mathematics/Tests/Properties using Guid(749a3b666b115be46b00490e7232fb1b) (DefaultImporter) -> (artifact id: '09da078a34e113d21562f7936e5f2473') in 0.0007117 seconds
Start importing Packages/com.unity.purchasing/Editor/ServiceProjectSettings using Guid(8438b054205ba7e4ea5f3aa6af771ca4) (DefaultImporter) -> (artifact id: '158ca382a78abb222f37fe691e011969') in 0.0005722 seconds
Start importing Packages/com.unity.xr.arcore/Runtime/Android using Guid(945a8afcad9bd2440b2071e1bf752712) (DefaultImporter) -> (artifact id: 'da4496971af8c8dc6d50aff72305a953') in 0.0005634 seconds
Start importing Packages/com.unity.test-framework/UnityEditor.TestRunner/CommandLineTest using Guid(b477d1f29b65a674e9d5cdab4eb72b01) (DefaultImporter) -> (artifact id: 'd7abe359a1b05afd93dcd5b5d76cf33e') in 0.0006346 seconds
Start importing Packages/com.unity.collab-proxy/Editor/Inspector using Guid(d4f346ffc6a5b7146bdff6f43464df28) (DefaultImporter) -> (artifact id: '8f7d73869e6133b5aa3dcb3cce525658') in 0.0005175 seconds
Start importing Packages/com.unity.services.analytics/Editor/Tools using Guid(f431a25904fa2aa4e9df0e36dfbe6c16) (DefaultImporter) -> (artifact id: '24b9e87b6f39b7dc2aad63f09b4ff97a') in 0.0005954 seconds
Start importing Packages/com.unity.purchasing/Runtime/SecurityStub using Guid(05049ad23f2ac4792ba959ca42fc3ae7) (DefaultImporter) -> (artifact id: '3501e1c65e388786df9a049f5c35389f') in 0.0005004 seconds
Start importing Packages/com.unity.xr.management/Tests/Runtime using Guid(05bccdb13ab63410bb91245419b1b4e8) (DefaultImporter) -> (artifact id: 'e67d7b8a5d4413a308bb516e4eb03558') in 0.0008211 seconds
Start importing Packages/com.unity.timeline/Editor/Recording using Guid(4584db2acba045742a16942983e7fb96) (DefaultImporter) -> (artifact id: 'd7d7b7910b58763f6ae3408975cc0cf4') in 0.0006139 seconds
Start importing Packages/com.unity.services.core/Runtime/Analytics using Guid(45192af4b21e64233bf08a0caa2fa7ce) (DefaultImporter) -> (artifact id: 'dc58d9d3b703a22da8abcd63a16852a0') in 0.0009514 seconds
Start importing Packages/com.unity.xr.arfoundation/Tests/Runtime using Guid(554908fd6237944259cc7f3868a820ff) (DefaultImporter) -> (artifact id: 'b7309b1959681536e31a7cac6e4dfb2a') in 0.0006185 seconds
Start importing Packages/com.unity.xr.arcore/Runtime/Input using Guid(75ce2a23e6b90bf47b6440fc6b0805ca) (DefaultImporter) -> (artifact id: '28840b48df44e5b40bc0ea2ce664cca6') in 0.0005489 seconds
Start importing Packages/com.unity.xr.core-utils/Tests/Editor using Guid(8533e922e0177449da62244d62b53da1) (DefaultImporter) -> (artifact id: 'ed816f9736be293b3fef4b70c3f4f112') in 0.0005475 seconds
Start importing Packages/com.unity.inputsystem/Tests/IntegrationTests using Guid(857f018a2ed885449804cf82b4fec116) (DefaultImporter) -> (artifact id: '487a34d5fd52cd00f4c4f82fbed92400') in 0.0005462 seconds
Start importing Packages/com.unity.test-framework/UnityEditor.TestRunner/TestSettings using Guid(95b719082a664ea45bb56759eed1f271) (DefaultImporter) -> (artifact id: '4d0b04fada6b6a6a34a84bcd27e10c97') in 0.0005414 seconds
Start importing Packages/com.unity.services.analytics/Runtime/Platform using Guid(b528971b00ed04b47a0730e7d152cd16) (DefaultImporter) -> (artifact id: 'a920a013224314a9a8da0db1876412fd') in 0.0006671 seconds
Start importing Packages/com.unity.ugui/Tests/Runtime using Guid(c545241cf2e56ec4997d7677f01ef43d) (DefaultImporter) -> (artifact id: '88e2b3e1f7bbb56cb1f91f83f053765b') in 0.0006067 seconds
Start importing Packages/com.unity.ugui/Editor/Analytics using Guid(c52726d811a9f66459355df6b0c3977b) (DefaultImporter) -> (artifact id: '4154f772d9b7cf6fccdb594f4e326893') in 0.0006224 seconds
Start importing Packages/com.unity.xr.arcore/Tests/Runtime using Guid(06a14d7acc22b497697bfd677b91b9de) (DefaultImporter) -> (artifact id: 'ce0adfe9d6061339a8ce220d12be6fd2') in 0.0005925 seconds
Start importing Packages/com.unity.ide.visualstudio/Editor/COMIntegration using Guid(36422aa067e092e45b9820da2ee3e728) (DefaultImporter) -> (artifact id: '6c0ecbb9a0b572c9ee8007b4e0cd8626') in 0.0005423 seconds
Start importing Packages/com.unity.xr.management/Tests/Editor using Guid(3642aed4b4ade4a759cfa78a5a493012) (DefaultImporter) -> (artifact id: 'e4aa52eff68082014de6ee45afbb22f9') in 0.0005038 seconds
Start importing Packages/com.unity.xr.arfoundation/Editor/Icons using Guid(366b943182f744abca717ffdf2049625) (DefaultImporter) -> (artifact id: '8a6326ceee5cba99ed959628609b1cf7') in 0.0005151 seconds
Start importing Packages/com.unity.collab-proxy/Editor/Assistant using Guid(36aef18097f54068bfc3cb06c187131a) (DefaultImporter) -> (artifact id: '284fc6e598643ec8d8f4e69cba879000') in 0.0005832 seconds
Start importing Packages/com.unity.purchasing/Runtime/Purchasing using Guid(46617530da3e4b61aed5ec7e0ab8901b) (DefaultImporter) -> (artifact id: '448c64a302cd4bf5c06b63da6c495ca8') in 0.0005166 seconds
Start importing Packages/com.unity.collab-proxy/Editor/_Deprecated using Guid(460bc4c86d5275f4a841402ec597d2f1) (DefaultImporter) -> (artifact id: 'bff9f9da1697037305e2f910e0a2dbbf') in 0.000512 seconds
Start importing Packages/com.unity.timeline/Editor/State using Guid(5673d7b11cb9ad04eb2368068b720c17) (DefaultImporter) -> (artifact id: '53f250fa12d54a4df12ee4e968c662e8') in 0.0005604 seconds
Start importing Packages/com.unity.collab-proxy/Editor/UI using Guid(565f0b089a3d53c4e9a329a5ec1392eb) (DefaultImporter) -> (artifact id: 'e0fa2fab30ae9340478a365db8ab4593') in 0.0005822 seconds
Start importing Packages/com.unity.purchasing/Runtime/AppleMacos using Guid(66ce40988510b174aa3496dc7a3cb778) (DefaultImporter) -> (artifact id: '4f4ca841f168e4ee1b4c19611208982b') in 0.0005743 seconds
Start importing Packages/com.unity.test-framework/UnityEditor.TestRunner/CommandLineParser using Guid(7602252bdb82b8d45ae3483c3a00d3e1) (DefaultImporter) -> (artifact id: '7f4042be8b266d41f83337d8fd3e2897') in 0.0006104 seconds
Start importing Packages/com.unity.timeline/Editor/Actions using Guid(8620e97e7e9859049934889a52248435) (DefaultImporter) -> (artifact id: 'c198185b6a69a75f371c4df744f0281f') in 0.0005132 seconds
Start importing Packages/com.unity.services.core/Runtime/Scheduler using Guid(86260b9e5f4704f4c8d27269599cf8e0) (DefaultImporter) -> (artifact id: '920608c9622a66f70614650a9345be51') in 0.0005035 seconds
Start importing Packages/com.unity.multiplayer.center/Tests/Editor using Guid(96c71b811fa50403690b154e216fe217) (DefaultImporter) -> (artifact id: 'f201ce797b3b9aaf0bd388d6daf5c8a9') in 0.0005572 seconds
Start importing Packages/com.unity.xr.management/Tests/TestTooling using Guid(a6b025db892bd1c45836749411bbb6f2) (DefaultImporter) -> (artifact id: '3e44306dcb07eee460d671af3b5401ba') in 0.0005226 seconds
Start importing Packages/com.unity.collab-proxy/Editor/Api using Guid(a6b1b777c4ca40aca82d62ea496fcb84) (DefaultImporter) -> (artifact id: 'd65a5cd7b42e899e6ad4b438c165e987') in 0.0005146 seconds
Start importing Packages/com.unity.inputsystem/InputSystem/State using Guid(a6724a4cbf5d47a2b01ca5fe41036ddd) (DefaultImporter) -> (artifact id: 'a09e4fb0f7468b99673ad5574ea4254a') in 0.0005233 seconds
Start importing Packages/com.unity.test-framework/UnityEditor.TestRunner/TestLaunchers using Guid(d64d92e4f04a13e4b99ea8d48e9e8ae9) (DefaultImporter) -> (artifact id: '3292843884b5f7b4874453a902cfa1e0') in 0.0005466 seconds
Start importing Packages/com.unity.timeline/Editor/Extensions using Guid(f601c0d674119f74db9c15166b3a58c4) (DefaultImporter) -> (artifact id: 'ba642de4ccd194c1ebff4ee664256c8f') in 0.0005429 seconds
Start importing Packages/com.unity.collab-proxy/Editor/Developer using Guid(f6079802724cc154ea5667c3a1e31d43) (DefaultImporter) -> (artifact id: '16badbc4e297fe93aed749dd7b182ad1') in 0.0005083 seconds
Start importing Packages/com.unity.multiplayer.center/Editor/OnBoarding using Guid(1726448925bf4bd1af6ca883bae8ff3f) (DefaultImporter) -> (artifact id: 'c547995c98e70de55ed7a0882b0b1d59') in 0.0005276 seconds
Start importing Packages/com.unity.2d.tilemap/Editor/UI using Guid(1798f66d9f8a40a9bce3f200517613c0) (DefaultImporter) -> (artifact id: 'b3aaf770c6fc939350ba621acfe5bbf9') in 0.0004836 seconds
Start importing Packages/com.unity.collab-proxy/Editor/UnityInternals using Guid(179c164d2bd086e478add6825f3b422d) (DefaultImporter) -> (artifact id: '02d17436f70630729bc4d72cd68fea0a') in 0.0004848 seconds
Start importing Packages/com.unity.ugui/Editor/UGUI using Guid(278b6073a5bdd4362acd72ca43ff9e0d) (DefaultImporter) -> (artifact id: 'abf9fbf9f7c10d2af702b2e8085d3ed6') in 0.0005479 seconds
Start importing Packages/com.unity.xr.arfoundation/Runtime/VisualScripting using Guid(27bec097e71be44ce8249bbdb7674329) (DefaultImporter) -> (artifact id: 'eade2185e5c7f0124702a221dfcbcd11') in 0.0006855 seconds
Start importing Packages/com.unity.timeline/Editor/Analytics using Guid(57ff740bce4ab0c498ada374a8ca1dc0) (DefaultImporter) -> (artifact id: '5bdf3c3960bd0dbb54e711636a67b091') in 0.0007259 seconds
Start importing Packages/com.unity.xr.core-utils/Runtime/Bindings using Guid(673fc24707a94c16b0680813a80b298a) (DefaultImporter) -> (artifact id: '4b4f8089f5de7b2a6041fd84a2d11144') in 0.0005592 seconds
Start importing Packages/com.unity.services.core/Runtime/Networking using Guid(777d170b02433aa45bcd8b76fed20249) (DefaultImporter) -> (artifact id: '534f58332ef2903a756cf76346aa663f') in 0.0007461 seconds
Start importing Packages/com.unity.purchasing/Editor/WebRequest using Guid(777f9b25fe8543346bfbbf4834fbd698) (DefaultImporter) -> (artifact id: 'daddcadbd0a392d2c297b166debceabd') in 0.0006992 seconds
Start importing Packages/com.unity.test-framework/UnityEditor.TestRunner/TestRun using Guid(8721cb2237d4a564a94a51f56243bdac) (DefaultImporter) -> (artifact id: '878b6064979e1990108a77cb392d64d1') in 0.00098 seconds
Start importing Packages/com.unity.purchasing/Editor/Analytics using Guid(9714da6b254e7aa44acb355b5adc60a2) (DefaultImporter) -> (artifact id: 'f3a715e62974d469769b2c32933a3e34') in 0.0006126 seconds
Start importing Packages/com.unity.multiplayer.center/Editor/Recommendations using Guid(97646f506bf040e9bd4568124c8b425e) (DefaultImporter) -> (artifact id: '2b67414499aad658981bbbe944dda5b8') in 0.0006263 seconds
Start importing Packages/com.unity.multiplayer.center/Editor/Questionnaire using Guid(a7f089ed51c2345ffb7ac0bc3562453f) (DefaultImporter) -> (artifact id: '91939e622deced05437de4135bda5ede') in 0.0005592 seconds
Start importing Packages/com.unity.timeline/Editor/Localization using Guid(a77cec0d8f4e942d383bb0c51a439644) (DefaultImporter) -> (artifact id: '73fe5814d2db2aa441c5035a5f79f0d7') in 0.0006566 seconds
Start importing Packages/com.unity.timeline/Editor/Utilities using Guid(a73ebdb6c1006364f8c7b37dc53d8ab7) (DefaultImporter) -> (artifact id: '60ac4dd4c0bb8423c83ff79d20910acd') in 0.0005593 seconds
Start importing Packages/com.unity.xr.arfoundation/Editor/Simulation using Guid(a78f9ebc81dd33745a312d08443d3e3d) (DefaultImporter) -> (artifact id: '2a85a14ae6af88c5eec65623309b53cd') in 0.000689 seconds
Start importing Packages/com.unity.xr.arcore/Editor/ProjectValidation using Guid(18e3893cc7046405989ab5bf882b5b71) (DefaultImporter) -> (artifact id: '87c5612f714d955832f49ccaa933bd32') in 0.0006193 seconds
Start importing Packages/com.unity.ugui/Runtime/UGUI using Guid(1817d28a5343b4ec19b4ec7903730e2c) (DefaultImporter) -> (artifact id: 'd27c003f26a5bcc4ae0be188e216ff3a') in 0.0005374 seconds
Start importing Packages/com.unity.timeline/Editor/Window using Guid(28e8b16370ff78c4faca58757271619f) (DefaultImporter) -> (artifact id: '0ad8c6c92e1a6955c9fa3b6405ebca82') in 0.0005296 seconds
Start importing Packages/com.unity.services.core/Runtime/Threading using Guid(38cb7d99c39611041a637804ce507e95) (DefaultImporter) -> (artifact id: 'c0cd0627dc4d69eb142b38d73e7a7a15') in 0.0004827 seconds
Start importing Packages/com.unity.purchasing/Runtime/Codeless using Guid(98b20920f9c1453e8c5633c44f494202) (DefaultImporter) -> (artifact id: 'bae0e4d196f0f662bb02cb0669fd8bf6') in 0.0005396 seconds
Start importing Packages/com.unity.purchasing/Editor/MenuItems using Guid(a8c01c3f5d2def24eba2282198063ee6) (DefaultImporter) -> (artifact id: 'ec1c287e3fcc40688f24330cbc7bdf0f') in 0.0005633 seconds
Start importing Packages/com.unity.xr.arcore/Tests/Editor using Guid(a8243967ad5b0450c80aabd1750137e2) (DefaultImporter) -> (artifact id: '7f35f5867f6c4a039e69b52759cbb3d2') in 0.0005021 seconds
Start importing Packages/com.unity.xr.arfoundation/Editor/ARFoundation using Guid(a84ad26cbb9204f9ba5d0c712459775f) (DefaultImporter) -> (artifact id: 'a3e2e67cef6caf05edc4c34e97e932e8') in 0.0005496 seconds
Start importing Packages/com.unity.timeline/Runtime/Events using Guid(b8c5993172f27e4419d7d4ed5ef77840) (DefaultImporter) -> (artifact id: '238fc39b22dfc7311038e5a8f06472b2') in 0.0005533 seconds
Start importing Packages/com.unity.xr.arfoundation/Runtime/ARSubsystems using Guid(d849a297add04720b454eb5b398a201c) (DefaultImporter) -> (artifact id: '2c58ac99c13e4f4f851ea122263e791d') in 0.0005209 seconds
Start importing Packages/com.unity.collab-proxy/Editor/Tool using Guid(e8c918ed7b49ea54ca28f8c04b27140a) (DefaultImporter) -> (artifact id: '2f6f602657e76fc57fa7b76590ecfbbb') in 0.000511 seconds
Start importing Packages/com.unity.timeline/Runtime/Utilities using Guid(f8730045d7da0f84cb11c0d868899577) (DefaultImporter) -> (artifact id: '52f39fc08f634cc670be15c0ab5d45c0') in 0.0005017 seconds
Start importing Packages/com.unity.ugui/Editor Resources/Textures using Guid(f8e6a2d47aba4c6c9b3c5a72d9f48da5) (DefaultImporter) -> (artifact id: '41714146c3f223570fca541b52f7c091') in 0.000525 seconds
Start importing Packages/com.unity.purchasing/Runtime/WinRTStub using Guid(1960b23d68c8852499a7c58ac30ab931) (DefaultImporter) -> (artifact id: '7770327d46c1bf002ded510ee4c2fda3') in 0.0005314 seconds
Start importing Packages/com.unity.test-framework/UnityEngine.TestRunner/UnityTestProtocol using Guid(19e1940646874613a076c6b01d1f3404) (DefaultImporter) -> (artifact id: 'e62a4d5776733de3dd284c7bda3e08bd') in 0.000537 seconds
Start importing Packages/com.unity.xr.core-utils/Runtime/CapabilityProfile using Guid(3985d44688bb0d44696a49e9c1f77074) (DefaultImporter) -> (artifact id: '5940f2bcef53e82e815b74c9ec4c7909') in 0.0006362 seconds
Start importing Packages/com.unity.2d.tilemap/Editor/EditorTools using Guid(495418ee53486f643b24accccc9269f1) (DefaultImporter) -> (artifact id: '01fa09408fafd1ca7530f149e23c8dc6') in 0.0006089 seconds
Start importing Packages/com.unity.test-framework/UnityEditor.TestRunner/TestRunner using Guid(49d4c2ab7ff0f4442af256bad7c9d57c) (DefaultImporter) -> (artifact id: '2c2a8c762103d2c2092be30ecefdc9a7') in 0.0006335 seconds
Start importing Packages/com.unity.collab-proxy/Editor/AssetOverlays using Guid(491c192b16f732b4983b4a539908ad32) (DefaultImporter) -> (artifact id: '8fff31c3d4c1575eead0d7db7e1c0ba5') in 0.0005343 seconds
Start importing Packages/com.unity.collab-proxy/Editor/UVCSToolbar using Guid(590a4d4bb9095e44fa44bee78b9ba17d) (DefaultImporter) -> (artifact id: 'fc11040c9aa15ec53e1135b24c9da2f1') in 0.000594 seconds
Start importing Packages/com.unity.inputsystem/InputSystem/Events using Guid(99f4ddb4a8fa4fcfa25917e64bcc6e8c) (DefaultImporter) -> (artifact id: '23c906ddce7aa323c4838ae920910404') in 0.0005652 seconds
Start importing Packages/com.unity.xr.arfoundation/Editor/InternalUtils using Guid(9929f402f52107c41b499ab15a75c8b2) (DefaultImporter) -> (artifact id: '3da760eaeb1622f0ed8f6af19a0567a0') in 0.0006491 seconds
Start importing Packages/com.unity.xr.legacyinputhelpers/Editor/SeedXRInputBindings using Guid(b9305ba4c18ed014ca21b12059ff734a) (DefaultImporter) -> (artifact id: '77a18cdea84e65e8455b19f78c8c98fa') in 0.0005813 seconds
Start importing Packages/com.unity.xr.management/Editor/Metadata using Guid(e96b3142cde73414a8bb286718cacebd) (DefaultImporter) -> (artifact id: 'ae5a08d677cc0a62ccc8434b1c2a5de5') in 0.0005105 seconds
Start importing Packages/com.unity.ugui/Editor Resources/Gizmos using Guid(e93ec7eb6de342aabd156833e253f838) (DefaultImporter) -> (artifact id: 'e3065312f331f86c187a2c34400b2ab5') in 0.0005258 seconds
Start importing Packages/com.unity.purchasing/Runtime/WinRTCore using Guid(f9321f82fd9a8204d823b7ee0a882810) (DefaultImporter) -> (artifact id: '932f0983d06bada24cc9ceb19fa142d8') in 0.0004986 seconds
Start importing Packages/com.unity.purchasing/Runtime/AppleCore using Guid(f9e479e0507047b7bd297c48771f8e72) (DefaultImporter) -> (artifact id: '9a1ae638ee6c8194a12df9f610b0eb0b') in 0.0005425 seconds
Start importing Packages/com.unity.collab-proxy/Editor/Diff using Guid(1ab59760d62245498d588afe58117b66) (DefaultImporter) -> (artifact id: 'eb0c3bc14e9dff3e500b4e6b9442048c') in 0.0006101 seconds
Start importing Packages/com.unity.test-framework/UnityEngine.TestRunner/Assertions using Guid(1ad55f5ad04d1d045a1f287409c650dd) (DefaultImporter) -> (artifact id: '6bdaa59d84691a380c3ba7c1d8bfa849') in 0.0006387 seconds
Start importing Packages/com.unity.collab-proxy/Editor/Hub using Guid(2a088652feef3704ab1221770deb738a) (DefaultImporter) -> (artifact id: '2c4cc88a02b0b77e220097a8aa9ba9ba') in 0.0005758 seconds
Start importing Packages/com.unity.timeline/Editor/Items using Guid(3a5038547af7c7f46bd90a015862e0b3) (DefaultImporter) -> (artifact id: '3f52ba632f93b65ac6d1716188846867') in 0.0007621 seconds
Start importing Packages/com.unity.timeline/Editor/ControlTrack using Guid(7a24ec4b5c3e08e47bf50c8298c1fe0d) (DefaultImporter) -> (artifact id: 'f9a838266104c637256abf6cff28a558') in 0.0005367 seconds
Start importing Packages/com.unity.xr.management/Editor/AndroidManifest using Guid(7ab74fff4fadf1841820ded42d6ecd4c) (DefaultImporter) -> (artifact id: 'f26ff8b8355729f55b66336260c80c80') in 0.0005416 seconds
Start importing Packages/com.unity.xr.legacyinputhelpers/Tests/Editor using Guid(7a4a436f8d8c5c341958531231759e0d) (DefaultImporter) -> (artifact id: '46c3cae5a58b78b9f6cbebe55a09b80c') in 0.0005081 seconds
Start importing Packages/com.unity.collab-proxy/Lib/Editor using Guid(7a5a6b0b4d8d6d6428e297651ac42235) (DefaultImporter) -> (artifact id: '4847af5569f61f947ec0c25066ce5e66') in 0.0004922 seconds
Start importing Packages/com.unity.multiplayer.center/Editor/MultiplayerCenterWindow using Guid(7a7dcde6448847648629a13d746ce966) (DefaultImporter) -> (artifact id: '25d35bc9e6545f61b784037e02201bc5') in 0.0005706 seconds
Start importing Packages/com.unity.timeline/Editor/Playables using Guid(9a6069768ff3d8043a79348813f86cba) (DefaultImporter) -> (artifact id: '43ccb7131712c1b9451b84c8b3d908f9') in 0.0005562 seconds
Start importing Packages/com.unity.xr.arfoundation/Tests/Editor using Guid(9ad0ffaab255f4cfab1994be2e2ebc68) (DefaultImporter) -> (artifact id: 'b9e3bb6420b9151e563926538aad6cd3') in 0.0006249 seconds
Start importing Packages/com.unity.ai.navigation/EditorResources/Overlay using Guid(aa309129cb54440488d6edd8358f5aec) (DefaultImporter) -> (artifact id: 'dc14845f51ac4d427dfe8b6b64d71932') in 0.0005279 seconds
Start importing Packages/com.unity.ai.navigation/Editor/Updater using Guid(aaa4efef82a9346dba667d74ff3d5075) (DefaultImporter) -> (artifact id: '9a5110d6f215686fe9665b970337c6d7') in 0.0009618 seconds
Start importing Packages/com.unity.inputsystem/InputSystem/Controls using Guid(aa1e768bf3ad4ae8898571a206251472) (DefaultImporter) -> (artifact id: '285e59d31e480fc19c238c53ef43cf17') in 0.0005734 seconds
Start importing Packages/com.unity.timeline/Editor/Manipulators using Guid(cae60a41b37427b48a00027b3e0fc1e6) (DefaultImporter) -> (artifact id: 'c3ae3e0009d88f46017cd9667bca3a08') in 0.0005547 seconds
Start importing Packages/com.unity.test-framework/Tests/TestNewCustomAssembly using Guid(ca0e5e7973267894ca8e1dceb2210ee5) (DefaultImporter) -> (artifact id: 'ec9729808b7dd6604b68694c1a94e68b') in 0.0005246 seconds
Start importing Packages/com.unity.xr.core-utils/Tests/Runtime using Guid(dad8cc712738148529d2e07d00e2eb35) (DefaultImporter) -> (artifact id: 'b47b3987f765d9bb37287c4bf9155e48') in 0.0005281 seconds
Start importing Packages/com.unity.timeline/Runtime/Control using Guid(ea998292f45ea494d9e100f5f6362f91) (DefaultImporter) -> (artifact id: '83d9f85bb521aa2bb6b600b67dea039b') in 0.0005648 seconds
Start importing Packages/com.unity.test-framework/UnityEditor.TestRunner/Api using Guid(fa423365b1ce06a4dbdc6fb4a8597bfa) (DefaultImporter) -> (artifact id: '4f9583793d5edc94661340236f21f4e3') in 0.0005753 seconds
Start importing Packages/com.unity.ide.rider/Rider/Editor using Guid(1b393f6b29a9ee84c803af1ab4944b71) (DefaultImporter) -> (artifact id: '8a3c9fcd5898f29289f0e394a67a13bd') in 0.0008162 seconds
Start importing Packages/com.unity.ide.visualstudio/Editor/VSWhere using Guid(5b17896803f77494da73d73448fb6cb4) (DefaultImporter) -> (artifact id: 'dd259e6d0f2d699ceb713fdcc126240e') in 0.0005592 seconds
Start importing Packages/com.unity.purchasing/Runtime/Security using Guid(7b060876a7f914b5e92c7d8584234c6a) (DefaultImporter) -> (artifact id: '8e47298b21829e01013b8b4e8b3de5cc') in 0.0005149 seconds
Start importing Packages/com.unity.timeline/Editor/Undo using Guid(8b14bec2bf8aaba4cb3fa6ecd283dc65) (DefaultImporter) -> (artifact id: '1da04b3f755e1e80cedfa7905a7b2deb') in 0.0005324 seconds
Start importing Packages/com.unity.timeline/Runtime/Playables using Guid(8b7d06780fca6fc4384580d3ebed9219) (DefaultImporter) -> (artifact id: 'c83d01f1ff8665141019e812f56c3b4c') in 0.0005041 seconds
Start importing Packages/com.unity.ide.visualstudio/Editor/ProjectGeneration using Guid(8beeeeebc0857854d8b4e2c2895dd7a9) (DefaultImporter) -> (artifact id: '96811dfc2e1e624cb9081963d724f4ad') in 0.0004955 seconds
Start importing Packages/com.unity.mathematics/Unity.Mathematics/Noise using Guid(abc6c021d7cd541b3956a3969c8c3ccb) (DefaultImporter) -> (artifact id: '003a8a6c85eb7df80ed47a48cbdb725f') in 0.0005055 seconds
Start importing Packages/com.unity.xr.arfoundation/Editor/ARAnalytics using Guid(ab0755e91999f4e958a1a2fe02cba4cf) (DefaultImporter) -> (artifact id: 'c46ec05bfc50490a9637d01f4adf34f6') in 0.0005058 seconds
Start importing Packages/com.unity.2d.sprite/Editor/SpriteEditorModule using Guid(ab4bbc8deeeb005438fa5034a454be7b) (DefaultImporter) -> (artifact id: '82efe93e8c8502dfcc6962d6888b80c7') in 0.0005718 seconds
Start importing Packages/com.unity.inputsystem/InputSystem/Devices using Guid(abbbcd5cf6184b818eaa56c5778a4110) (DefaultImporter) -> (artifact id: '4809312ce28a07587c930c16872a3492') in 0.0005225 seconds
Start importing Packages/com.unity.test-framework/UnityEngine.TestRunner/Utils using Guid(bb32bccaf32a6db448d1c0cc99c78688) (DefaultImporter) -> (artifact id: 'b9ac2eaa7c139997734a4cfd1edbf73e') in 0.0005372 seconds
Start importing Packages/com.unity.collab-proxy/Editor/Hashing using Guid(bb5f68d238f084064b7cd7fd959f8659) (DefaultImporter) -> (artifact id: '2ae6a623b4676dc579ce3d24fe6abafe') in 0.0005089 seconds
Start importing Packages/com.unity.xr.arfoundation/Runtime/InternalUtils using Guid(cbc30bf63003b4dce8b6afa791da1814) (DefaultImporter) -> (artifact id: '14790cab48308cda929276812d03d5c7') in 0.000549 seconds
Start importing Packages/com.unity.xr.arfoundation/Assets/InputActions using Guid(cb856548625364b7aa4184e2958a44b8) (DefaultImporter) -> (artifact id: 'aa69df94d45e98f38818bc0c296df3cd') in 0.000522 seconds
Start importing Packages/com.unity.xr.arfoundation/Assets/Textures using Guid(cb6ca502118ba4fdd84c117bdb8447ad) (DefaultImporter) -> (artifact id: '63a368a39f99c7944273d66053d34399') in 0.0004704 seconds
Start importing Packages/com.unity.timeline/Runtime/AssetUpgrade using Guid(0c04c8cb23b78e04492e0f310cdee93e) (DefaultImporter) -> (artifact id: '0147677afab6b76966b4867585c53c7d') in 0.0005209 seconds
Start importing Packages/com.unity.services.analytics/Runtime/Events using Guid(0c4462da48f143beb0a5cd4f2f30db2a) (DefaultImporter) -> (artifact id: '18e5a37f0105fae979bcdeb4c52d7fc9') in 0.0004985 seconds
Start importing Packages/com.unity.2d.tilemap/Editor/Icons using Guid(0c19e7bd28bccf048b5791c40449c452) (DefaultImporter) -> (artifact id: 'ad39eb1a20a710e8a138f070ee0cd566') in 0.0004795 seconds
Start importing Packages/com.unity.purchasing/Plugins/UnityPurchasing using Guid(1cf54dde411773848a470e464c162581) (DefaultImporter) -> (artifact id: '5a27c92bddcb9ea2a69fa86399a49f6d') in 0.0006592 seconds
Start importing Packages/com.unity.timeline/Runtime/Evaluation using Guid(4c6f60d349ea37048af03504fc872f33) (DefaultImporter) -> (artifact id: 'd96213c3b2806e8de7fb23e058b48b33') in 0.000596 seconds
Start importing Packages/com.unity.services.analytics/Runtime/Runtime using Guid(5c40f95476b194be99baf273f6ea5afc) (DefaultImporter) -> (artifact id: '2d1806a1f9ff02647b7f4a2dd96957d2') in 0.0005647 seconds
Start importing Packages/com.unity.services.analytics/Editor/Settings using Guid(5c14169c6abe462a9b7c763e29f98003) (DefaultImporter) -> (artifact id: 'ae049680c7443b79a94e80059c92f1b3') in 0.0005207 seconds
Start importing Packages/com.unity.collab-proxy/Editor/Entities using Guid(5cae535d7c0a4af39c4cc2f7eddeb393) (DefaultImporter) -> (artifact id: '3d98bb71d5042cc0d0c798cb13ed131e') in 0.0005807 seconds
Start importing Packages/com.unity.xr.core-utils/Editor/CapabilityProfile using Guid(6c0033d55de8fca468f3e4fb9a2a0858) (DefaultImporter) -> (artifact id: '5947e6402569bbdd6fc155fd945bc90f') in 0.0005732 seconds
Start importing Packages/com.unity.timeline/Runtime/Extensions using Guid(6c61ba0c209bcc74f83e3650039ebdf9) (DefaultImporter) -> (artifact id: 'a9ca49c2a35a77dc09021c04e6c04e73') in 0.0005141 seconds
Start importing Packages/com.unity.xr.management/Tests/StandaloneSubsystem using Guid(7c10d3b41bac78a469f53bbd88046bdb) (DefaultImporter) -> (artifact id: 'ae9f53f0d47dff48b5a2ee2d9a2baa52') in 0.0005352 seconds
Start importing Packages/com.unity.xr.legacyinputhelpers/Runtime/TrackedPoseDriver using Guid(7c691f0ea17c03e47ac0c3d4c7125748) (DefaultImporter) -> (artifact id: 'c743a7946953f74b3264539d5289854f') in 0.0006413 seconds
Start importing Packages/com.unity.inputsystem/InputSystem/Plugins using Guid(bcb3dcdfe51084a038a04105cfbc70aa) (DefaultImporter) -> (artifact id: '2e4fff624270ca30926f8bf272ac9a95') in 0.0006239 seconds
Start importing Packages/com.unity.mathematics/Tests/Tests using Guid(bccfda2dc5ad3b84eb3a644147ea0010) (DefaultImporter) -> (artifact id: '8cce2a408292c161b8aead17cb931b57') in 0.0005648 seconds
Start importing Packages/com.unity.timeline/Editor/Signals using Guid(cce613d1538e76a4785658931c7db093) (DefaultImporter) -> (artifact id: '73bcce9f44c71da41c14132a378ee8bb') in 0.0005739 seconds
Start importing Packages/com.unity.2d.sprite/Editor/ShapeEditor using Guid(ccbbef892d435144aa8a0f9fd5ccee51) (DefaultImporter) -> (artifact id: 'b97c7b871c05ef0153e774406e1c6804') in 0.0005479 seconds
Start importing Packages/com.unity.purchasing/Runtime/AppleMacosStub using Guid(ccde0275b3ce3844d8aee2d4f0b075bf) (DefaultImporter) -> (artifact id: '04af9afe91d07835c58ffe93c999ef6e') in 0.0005272 seconds
Start importing Packages/com.unity.2d.sprite/Tests/Editor using Guid(dcc63292bf8cfd543b11bfdebe99cd02) (DefaultImporter) -> (artifact id: 'b29d58cde3563c5d7ba6886c22813be7') in 0.0005602 seconds
Start importing Packages/com.unity.timeline/Runtime/Attributes using Guid(ec817e5e5781e0a4983a1dc8875d1974) (DefaultImporter) -> (artifact id: '3b6059637d3070f24cadcfde9bf01d66') in 0.0005396 seconds
Start importing Packages/com.unity.collab-proxy/Editor/Configuration using Guid(ec63ff75b0076d64fb0a5cf58170501f) (DefaultImporter) -> (artifact id: 'c82c08b5aa3ecd421ace9faf863f870d') in 0.0005812 seconds
Start importing Packages/com.unity.timeline/Editor/StyleSheets using Guid(ece36bb2bc4128d42911bbc757a56860) (DefaultImporter) -> (artifact id: '8b696e6493578d90bd38a2bb69ff36db') in 0.0005423 seconds
Start importing Packages/com.unity.test-framework/UnityEngine.TestRunner/TestRunner using Guid(1ddb9e1c877ea80479d1eab4ddaa5d0d) (DefaultImporter) -> (artifact id: '6a7e2bf038898dc9a9d8427c931ca44c') in 0.0005652 seconds
Start importing Packages/com.unity.ugui/Editor Resources/Shaders using Guid(2da27f5fe80a3a549ac7331d9f52f5f0) (DefaultImporter) -> (artifact id: '8ba95b6473bead211c52ddc79ac818a9') in 0.0005715 seconds
Start importing Packages/com.unity.timeline/Editor/inspectors using Guid(2d8485e4e3a2bcb429fc32900ca26d9e) (DefaultImporter) -> (artifact id: 'd1af17452c7cb74c80e31cd94bc6a93f') in 0.0005399 seconds
Start importing Packages/com.unity.xr.core-utils/Runtime/Attributes using Guid(4d449e9c40fa7439d89b63d0b37ee141) (DefaultImporter) -> (artifact id: 'cb823333951b63074a92d4a2e1bb7620') in 0.0004962 seconds
Start importing Packages/com.unity.services.core/Runtime/Configuration using Guid(6dd1d833aa21340a0b572f70c1d0ea22) (DefaultImporter) -> (artifact id: '96f31afd91df09666a2c0bd9addc4036') in 0.0004967 seconds
Start importing Packages/com.unity.purchasing/Runtime/Common using Guid(7df7362fee6b4ce7985f744bf390e24c) (DefaultImporter) -> (artifact id: 'b54d638fa0c47c13fd62996488f25e5c') in 0.0005046 seconds
Start importing Packages/com.unity.timeline/Editor/CustomEditors using Guid(ad70ff8d98b257540b683737743828cb) (DefaultImporter) -> (artifact id: '307a4045f4a4d6db10ab596423f54de6') in 0.0007047 seconds
Start importing Packages/com.unity.timeline/Runtime/Scripting using Guid(bdb4f6935641b574b984da8dc27cab45) (DefaultImporter) -> (artifact id: '73d6445d4eb665d23117ef042c26bd99') in 0.0006419 seconds
Start importing Packages/com.unity.services.core/Runtime/Device using Guid(cd19f4d30febf412099957c9457b31f2) (DefaultImporter) -> (artifact id: '8b45c452505591674ab44610d0eb7bbe') in 0.0005574 seconds
Start importing Packages/com.unity.purchasing/Editor/Obfuscation using Guid(fd33fd16ea04e064f9e97429fc0e8047) (DefaultImporter) -> (artifact id: 'a0ab6f5545f82c4bc9835b726c6eff59') in 0.0005594 seconds
Start importing Packages/com.unity.services.core/Runtime/Components using Guid(2e40aad1c6102d44381ef4fceccc9388) (DefaultImporter) -> (artifact id: 'bd03e9379f109674a1bbf27132a94bce') in 0.000645 seconds
Start importing Packages/com.unity.test-framework/UnityEngine.TestRunner/NUnitExtensions using Guid(3e8d6af343b383544ba5743d119f4062) (DefaultImporter) -> (artifact id: '3f6e2ec14976a9de8c44a24fd5a1df3a') in 0.0006034 seconds
Start importing Packages/com.unity.collab-proxy/Editor/SceneView using Guid(5e02ca917a3c4d14db3ecac0711ef066) (DefaultImporter) -> (artifact id: 'e4179502fd36a1934a414e5851e2b510') in 0.0007105 seconds
Start importing Packages/com.unity.xr.arfoundation/Assets/Prefabs using Guid(6ea1dd653921f44908a72e58ecbcaddb) (DefaultImporter) -> (artifact id: '347ee6c51e6e904e03a97883f6528c75') in 0.0005324 seconds
Start importing Packages/com.unity.xr.arfoundation/Editor/VisualScripting using Guid(6eb6dad3a10d34f428dc7939ecab6d53) (DefaultImporter) -> (artifact id: '03b60f246433e9453d65effb91333b5d') in 0.0005274 seconds
Start importing Packages/com.unity.test-framework/UnityEditor.TestRunner/GUI using Guid(7e609b27ad2caa14c83dd9951b6c13c6) (DefaultImporter) -> (artifact id: '112f12c0c6681ccaea11688622ebb526') in 0.0005397 seconds
Start importing Packages/com.unity.collab-proxy/Editor/StatusBar using Guid(7ee3e4292258bf04fb2987ccf9ecf916) (DefaultImporter) -> (artifact id: 'baa2d9c87257c6024ebcd4486a31733e') in 0.000522 seconds
Start importing Packages/com.unity.multiplayer.center/Tests/Runtime using Guid(8e4d240cf158245a9945c4df01d83bc1) (DefaultImporter) -> (artifact id: '9afa31a007ea527f1ed301c6b16e63c9') in 0.0005414 seconds
Start importing Packages/com.unity.collab-proxy/Editor/Headless using Guid(9e3df27f8bbbdfb4493b3dacf65065f2) (DefaultImporter) -> (artifact id: 'a1bb48d41b8647c13adec8d8164f20d5') in 0.0005899 seconds
Start importing Packages/com.unity.collab-proxy/Editor/CloudDrive using Guid(cec772f32c34a864a995160c3c9a11b6) (DefaultImporter) -> (artifact id: 'cf17d357342e7c3f8a899077955f5678') in 0.0005591 seconds
Start importing Packages/com.unity.xr.arcore/Runtime/PointCloud using Guid(ce5bf91f8c88a4c8d8361dc65f7e733c) (DefaultImporter) -> (artifact id: '9c4c75e3036d9d4b5f229a7d76bee441') in 0.0005357 seconds
Start importing Packages/com.unity.xr.core-utils/Editor/Analytics using Guid(de630d32a5256c747a7c22715ff7e160) (DefaultImporter) -> (artifact id: '59513738ae2473ccd5a2b14e721af910') in 0.0005157 seconds
Start importing Packages/com.unity.timeline/Runtime/Animation using Guid(de9eb5e2046ffc9448f07e495c436506) (DefaultImporter) -> (artifact id: '545c39514d3585c2121e8a91814b37e7') in 0.0005338 seconds
Start importing Packages/com.unity.inputsystem/InputSystem/Editor using Guid(ee6ce8b9ba0db4146b0b12d5985933bf) (DefaultImporter) -> (artifact id: 'a112b1728da4e90faa8d8e6dd7e5332f') in 0.0004907 seconds
Start importing Packages/com.unity.xr.legacyinputhelpers/Editor/TrackedPoseDriver using Guid(fe5c30c1d5f39024cb890d87f6eea1a6) (DefaultImporter) -> (artifact id: '1b405b5d6752d6d36ca26e8bdbabbc3e') in 0.000525 seconds
Start importing Packages/com.unity.timeline/Editor/Properties using Guid(0f71aeefaa877ae4787e8356f25ad1e5) (DefaultImporter) -> (artifact id: '0b89c69d2d4f2bf50addc4b6c43d0e88') in 0.0004869 seconds
Start importing Packages/com.unity.services.core/Runtime/Telemetry using Guid(0f45e7ca6fb04a24fb98fcd0ba5f9fbc) (DefaultImporter) -> (artifact id: '42d4fc1b7a48cadf9b9bdd1a1cf4777c') in 0.0037041 seconds
Start importing Packages/com.unity.ide.visualstudio/Editor/Messaging using Guid(2f820130c86c28547a0f1a2f4c73155b) (DefaultImporter) -> (artifact id: '394d17728ceba4bd736df8624c0aad4f') in 0.000696 seconds
Start importing Packages/com.unity.test-framework/UnityEditor.TestRunner/NUnitExtension using Guid(3f9202a39620f51418046c7754f215f0) (DefaultImporter) -> (artifact id: 'ab112e9ad4c0d836ad3545dea28bc266') in 0.0006895 seconds
Start importing Packages/com.unity.xr.management/Tests/TestPackage using Guid(3ff8e099033239542a4d9e3d3b4d21ab) (DefaultImporter) -> (artifact id: 'f201d99f4e5e9e41a74637026bd8d949') in 0.000654 seconds
Start importing Packages/com.unity.analytics/Tests/Runtime using Guid(4f5362359d4548b44a34a45f19efb4bf) (DefaultImporter) -> (artifact id: '3acac631394b748f474a78d501ed239e') in 0.0005725 seconds
Start importing Packages/com.unity.collab-proxy/Editor/CodeEditor using Guid(4fc790507a1f64097a10ada53cbe495e) (DefaultImporter) -> (artifact id: '0b89ca425e57e876d19957c0d3a1cb8d') in 0.0005855 seconds
Start importing Packages/com.unity.xr.legacyinputhelpers/Runtime/ArmModels using Guid(7f3098a431eba6a4abbb32c7e344d73b) (DefaultImporter) -> (artifact id: '39f11685264f36e4f750692cb33f14dc') in 0.0005951 seconds
Start importing Packages/com.unity.collab-proxy/Editor/Settings using Guid(7fcdfb5c2eb94505a448f79f2f6fceb4) (DefaultImporter) -> (artifact id: '5ee3aaf78f1eba0c94dfdd1aa140786f') in 0.0012874 seconds
Start importing Packages/com.unity.ide.visualstudio/Editor/Testing using Guid(7f9f1d015d7a8ba46b7d71acfcda3ae7) (DefaultImporter) -> (artifact id: '7143c40e3f1842754278837cfbcf8953') in 0.0005604 seconds
Start importing Packages/com.unity.timeline/Editor/Samples using Guid(9f2ad7cb0b669c04d80de0ebde5db836) (DefaultImporter) -> (artifact id: '6f51711a3c17c2b66586e9acd9b9c68c') in 0.0005962 seconds
Start importing Packages/com.unity.xr.core-utils/Editor/BuildingBlocks using Guid(bf131654a9d657a408f7db40058a8720) (DefaultImporter) -> (artifact id: '131853f862b8e76f96c2a2b6b9700b2c') in 0.0005989 seconds
Start importing Packages/com.unity.2d.sprite/Editor/ObjectMenuCreation using Guid(ffc051df01eb64128a79b31b97748c4c) (DefaultImporter) -> (artifact id: '9d2bcafad67fc6115d5ff8324c517eeb') in 0.0006291 seconds
Start importing Packages/com.unity.timeline/Runtime/Properties using Guid(ff97302ee78d6ad478b433ec557ee303) (DefaultImporter) -> (artifact id: 'e6e213375c6e2b189da196de6f03ac2e') in 0.0005389 seconds
Start importing Packages/com.unity.timeline/Editor/treeview using Guid(ffcbe86028d681144b703991885c535a) (DefaultImporter) -> (artifact id: 'fe6d256fffe52c5ec950cc514c13d8ee') in 0.0005197 seconds
Start importing Packages/com.unity.xr.core-utils/Editor/Datums using Guid(ff2e0cd9f58c405bb6e9b217860eebca) (DefaultImporter) -> (artifact id: 'bcb45f0da9eab35063c930a0917d13da') in 0.0005618 seconds
Start importing Packages/com.unity.services.core/Editor/Core/Environments using Guid(100d3175fd7e4a9eb6ec2e6ed5533fc8) (DefaultImporter) -> (artifact id: '8101afb0e96b51cccf168d2e28b0dd6b') in 0.0005331 seconds
Start importing Packages/com.unity.services.core/Editor/Core/Status using Guid(2055cc720334d6949af721689c3a29e2) (DefaultImporter) -> (artifact id: '42a0dd2a378af07e8e724dd036c94e8a') in 0.0005362 seconds
Start importing Packages/com.unity.services.core/Editor/Core/BackendHelpers using Guid(40f9aa331f3045d4973df46b8e2c124c) (DefaultImporter) -> (artifact id: '2bb98d3335790b20ccf8c75949d27b61') in 0.0005473 seconds
Start importing Packages/com.unity.collab-proxy/Editor/Diff/SyntaxHighlight using Guid(5022e1fdc4b042789f6ec7926a26dffd) (DefaultImporter) -> (artifact id: '151ccd4d58fe3233f06563d35ac25f52') in 0.0007302 seconds
Start importing Packages/com.unity.purchasing/Editor/ServiceProjectSettings/Entity using Guid(502dbd6fc988c473dad946f8abce0da5) (DefaultImporter) -> (artifact id: '3e833772da54620bbda28ca5b06e8592') in 0.0006349 seconds
Start importing Packages/com.unity.collab-proxy/Editor/Diff/Image using Guid(600fb4de46db4ceaaeea90860ab19ec4) (DefaultImporter) -> (artifact id: '6f37d3f97b61a512fbba11036d4e5673') in 0.0004985 seconds
Start importing Packages/com.unity.services.core/Runtime/Core/Initialization using Guid(7096662908e5fed409f1e3d1a25a2eee) (DefaultImporter) -> (artifact id: 'f55c3904f66eaa4127ecfa1921fe03d8') in 0.0005239 seconds
Start importing Packages/com.unity.purchasing/Editor/ServiceProjectSettings/Presenter using Guid(a006e45873ab94e1c9f06c848bb1bb6a) (DefaultImporter) -> (artifact id: '8184332c87fa291989c55ddb8856c81f') in 0.0005856 seconds
Start importing Packages/com.unity.collab-proxy/Editor/Assistant/UI using Guid(b02a1b8123a74716b340c4f28b0e4c84) (DefaultImporter) -> (artifact id: '62b8356c6dc35b8b6912fc05309b8599') in 0.0005194 seconds
Start importing Packages/com.unity.inputsystem/InputSystem/Editor/ControlPicker using Guid(b01eed8192c9f442b820a7af87ac73f8) (DefaultImporter) -> (artifact id: '30e818eba469def1b0b9900b9523c27c') in 0.000555 seconds
Start importing Packages/com.unity.xr.arfoundation/Runtime/VisualScripting/Units using Guid(e0ac772a7ea3141c8beb2d6c4c4c6050) (DefaultImporter) -> (artifact id: '9dbcbaf681c85737a73767287b45475f') in 0.000549 seconds
Start importing Packages/com.unity.xr.arfoundation/Runtime/ARSubsystems/ImageTrackingSubsystem using Guid(f09193ef380d4ebf8a1f2abcb9cd8789) (DefaultImporter) -> (artifact id: 'e2bf750feb56aeaea190df2f85b23309') in 0.0006206 seconds
Start importing Packages/com.unity.collab-proxy/Editor/Views/Properties using Guid(21e141260b3a4d67acebf527db3ddd56) (DefaultImporter) -> (artifact id: '9e85d270889187c9080e7970907a410d') in 0.0005541 seconds
Start importing Packages/com.unity.xr.management/Tests/TestPackage/Runtime using Guid(3103627535e89f24bba53cdf46fd3c03) (DefaultImporter) -> (artifact id: '9a6a7872d2ee9927ca2cadc89139d6fe') in 0.0004928 seconds
Start importing Packages/com.unity.ide.rider/Rider/Editor/ProjectGeneration using Guid(313cbe17019f1934397f91069831062c) (DefaultImporter) -> (artifact id: 'bdbb1d202ee811cab1c8181d624054b4') in 0.000539 seconds
Start importing Packages/com.unity.ide.visualstudio/Editor/COMIntegration/Release using Guid(41b2d972bdac29e4a89ef08b3b52c248) (DefaultImporter) -> (artifact id: 'a2d942c39c06d6175c33103df95ec619') in 0.0005134 seconds
Start importing Packages/com.unity.xr.arfoundation/Runtime/ARSubsystems/EnvironmentProbeSubsystem using Guid(51d3d9771c63408fae8d36ace8613815) (DefaultImporter) -> (artifact id: '0cbbfa45f14884406f8d284d2e2cc537') in 0.0005856 seconds
Start importing Packages/com.unity.test-framework/UnityEngine.TestRunner/Utils/AssemblyProvider using Guid(51557afa652635743b264a309f0a5c60) (DefaultImporter) -> (artifact id: '8a639915519a692529fdf384c74138af') in 0.0006648 seconds
Start importing Packages/com.unity.collab-proxy/Editor/Views/Attributes using Guid(51b7ec8ab0194da09e85cb9e71ebb449) (DefaultImporter) -> (artifact id: '6137fb19cf8d906f9fdb86e1770f5a66') in 0.0006775 seconds
Start importing Packages/com.unity.xr.core-utils/Tests/Runtime/Scripts using Guid(512b5ce46e6094261b398793e1efd1ff) (DefaultImporter) -> (artifact id: '703d9833c143943f46cc2c1206870e88') in 0.0006077 seconds
Start importing Packages/com.unity.purchasing/Runtime/Stores/BaseStore using Guid(510f8bdb18d344aea9f6af64c224ba84) (DefaultImporter) -> (artifact id: 'f48b1f5dcdf87a29594fafe71623f2fb') in 0.0005407 seconds
Start importing Packages/com.unity.services.core/Editor/Core/Linker using Guid(61b29d9ff53546128af8ab2c42bc3556) (DefaultImporter) -> (artifact id: 'd807f1b339a002403060410de0038582') in 0.0005334 seconds
Start importing Packages/com.unity.test-framework/UnityEngine.TestRunner/TestRunner/Callbacks using Guid(61e236e8570a95e4eb754fb291e102e0) (DefaultImporter) -> (artifact id: 'd55b575d8e5d473cc2e43dbbdeaeff7c') in 0.0005466 seconds
Start importing Packages/com.unity.services.core/Editor/Core/Networking using Guid(61d38ecfef754e543bfc1d8db27e0e3d) (DefaultImporter) -> (artifact id: '1f863ceddd89d634e55b33712c1a46de') in 0.0004929 seconds
Start importing Packages/com.unity.test-framework/UnityEngine.TestRunner/TestRunner/RemoteHelpers using Guid(91c20d2c22b8b3a4cb6c816bd225591a) (DefaultImporter) -> (artifact id: '30fb2d9dd2eecdb696675b50955e4ebc') in 0.0005696 seconds
Start importing Packages/com.unity.ugui/Tests/Runtime/TMP using Guid(914613548ded44a43a59eb9852503f18) (DefaultImporter) -> (artifact id: '477b4938addb883f7857c7245a542f61') in 0.0008049 seconds
Start importing Packages/com.unity.inputsystem/InputSystem/Plugins/Users using Guid(b102955bf08484d24b9122abab95b9fc) (DefaultImporter) -> (artifact id: '62900c29e85aa8bd6149d30f634f92b3') in 0.0006 seconds
Start importing Packages/com.unity.test-framework/UnityEngine.TestRunner/Assertions/LogScope using Guid(b1d8465ba1376b148bdab58965101f47) (DefaultImporter) -> (artifact id: 'aac2509859303379c698e7a61b119125') in 0.0005907 seconds
Start importing Packages/com.unity.xr.arfoundation/Runtime/ARSubsystems/FaceSubsystem using Guid(c1782cb5ceba4109befe9ec9de659aa8) (DefaultImporter) -> (artifact id: '80343ce7381b1552a4400cef2881c45b') in 0.0006056 seconds
Start importing Packages/com.unity.inputsystem/InputSystem/Editor/Settings using Guid(c189b798c1d4842fcb189cf619033d39) (DefaultImporter) -> (artifact id: '515feb66cf51621e4b25ea82ba1fe071') in 0.0005257 seconds
Start importing Packages/com.unity.2d.sprite/Editor/SpriteEditorModule/SpriteFrameModule using Guid(e1a3bd001331f2049913323736d02a48) (DefaultImporter) -> (artifact id: '87c258cee2814ab58ad840353c594ade') in 0.0005308 seconds
Start importing Packages/com.unity.collab-proxy/Editor/Views/Shelves using Guid(e15b3293b975b864e883e5f572bd4ec8) (DefaultImporter) -> (artifact id: '30796c8e717bfbdeb86e80a1ac66358b') in 0.0005257 seconds
Start importing Packages/com.unity.services.core/Runtime/Device/UserIdProviders using Guid(e12cdb285c9804571a21e551bdac8e68) (DefaultImporter) -> (artifact id: 'cee6cd0a9e1c81b1fbb67f68a7100283') in 0.0005115 seconds
Start importing Packages/com.unity.xr.arfoundation/Runtime/ARSubsystems/HumanBodySubsystem using Guid(f11a7efe40adf44d385d9121d68a792b) (DefaultImporter) -> (artifact id: 'c12c812dd2a5126f3c7609a8e3635317') in 0.0005527 seconds
Start importing Packages/com.unity.timeline/Editor/StyleSheets/res using Guid(12a2d6aa8a743f04aa760f8c675c97e6) (DefaultImporter) -> (artifact id: 'aeafefc7ffc9b9169e4977243c75340a') in 0.0007448 seconds
Start importing Packages/com.unity.services.core/Editor/Core/CloudEnvironment using Guid(122a678a37a4cbc43bc2e4b2b0a69c49) (DefaultImporter) -> (artifact id: '8ced0402282b64faae1cad7d58eb4f70') in 0.0008591 seconds
Start importing Packages/com.unity.2d.sprite/Editor/SpriteEditor/SpriteEditorHintPopup using Guid(227c337d32ff4443ac4376322977be21) (DefaultImporter) -> (artifact id: 'd954fbac338ae93c24410a65d4a90232') in 0.0007195 seconds
Start importing Packages/com.unity.ugui/Runtime/UGUI/Properties using Guid(32e2186f4598cff489784aae586f2215) (DefaultImporter) -> (artifact id: 'd945312145ac0c9dd7a3598fc5b82f23') in 0.0005709 seconds
Start importing Packages/com.unity.xr.arfoundation/Editor/ARFoundation/Analytics using Guid(5247b711856f6410ab25a02761cfb254) (DefaultImporter) -> (artifact id: '4ae02752cfffb329116f0ad01fec1388') in 0.0005252 seconds
Start importing Packages/com.unity.collab-proxy/Editor/UI/UnityInternals using Guid(62ae484479ba41e3b49e0feca66e6166) (DefaultImporter) -> (artifact id: '210769750b6e03830bc903a9637a8b2d') in 0.0006768 seconds
Start importing Packages/com.unity.xr.arfoundation/Runtime/ARSubsystems/PointCloudSubsystem using Guid(62af5a4e86cc4721afcb8ea6d0ff8124) (DefaultImporter) -> (artifact id: 'e1b84c6e36a0d11598c5db95f7df424d') in 0.0006612 seconds
Start importing Packages/com.unity.inputsystem/InputSystem/Editor/PropertyDrawers using Guid(726294051bc6c426e886d72ea4702f21) (DefaultImporter) -> (artifact id: '151856e78c055b71f565b57ee7ebc996') in 0.0006502 seconds
Start importing Packages/com.unity.purchasing/Runtime/Stores/Networking using Guid(72a30f29213d484d9cd4afc68cd95803) (DefaultImporter) -> (artifact id: '25919dafa80deb2fb0939ea52bc402ef') in 0.0005834 seconds
Start importing Packages/com.unity.services.core/Editor/Core/Telemetry using Guid(8248873d05b3a9445ad1b09f6a0d2284) (DefaultImporter) -> (artifact id: '5ad54f91cfbe702abe5a127ed4844256') in 0.0005509 seconds
Start importing Packages/com.unity.test-framework/UnityEditor.TestRunner/GUI/TestAssets using Guid(92e3104769da143888a712cdea27d950) (DefaultImporter) -> (artifact id: '1c339984e4f7b537284cfc59f8240800') in 0.000508 seconds
Start importing Packages/com.unity.inputsystem/InputSystem/Plugins/Switch using Guid(a27b7d2db78661c429e29911c09f8f4c) (DefaultImporter) -> (artifact id: '4291c0fea405671f6bf720ae7d62cbbd') in 0.0004974 seconds
Start importing Packages/com.unity.purchasing/Runtime/Security/Asn1Processor using Guid(b26038e1345d84b70add28660894229b) (DefaultImporter) -> (artifact id: 'bffd5f481eb317e4f0d2bd59b703f754') in 0.0005265 seconds
Start importing Packages/com.unity.collab-proxy/Editor/Assistant/Tools using Guid(c216a661aa5746b19c689c48a2f4d091) (DefaultImporter) -> (artifact id: '7ef61a172de7362e30238f9e642578a6') in 0.0006435 seconds
Start importing Packages/com.unity.collab-proxy/Editor/CodeEditor/Text using Guid(c247e48160d44e9fa682e0f6308443a6) (DefaultImporter) -> (artifact id: '881d403724b172131fa02a64c583d6d1') in 0.0004909 seconds
Start importing Packages/com.unity.purchasing/Editor/Analytics/PackageKey using Guid(d2a9fd35691908041b706803135caf71) (DefaultImporter) -> (artifact id: '852f16f500f210a6037d49f21cc52840') in 0.0006196 seconds
Start importing Packages/com.unity.inputsystem/InputSystem/Devices/Haptics using Guid(e286fc65ad3d4645b213e71b11e963e4) (DefaultImporter) -> (artifact id: 'e8deb657892b9f9319ba36238b1239d3') in 0.000607 seconds
Start importing Packages/com.unity.purchasing/Runtime/Purchasing/Telemetry using Guid(e2f852bb976845d7b2762fa0f9f48a38) (DefaultImporter) -> (artifact id: '0ed35cba19d41316d5d2648dd79d189a') in 0.0006614 seconds
Start importing Packages/com.unity.collab-proxy/Editor/CloudDrive/Welcome using Guid(0381a8a02199c28428a0ebfd1433282d) (DefaultImporter) -> (artifact id: '6d5c9bac6fbefc307010f0e5abc9cf0e') in 0.0005282 seconds
Start importing Packages/com.unity.purchasing/Runtime/Stores/FakeStore using Guid(13a30fafd3564bfb8aef6d46237522c5) (DefaultImporter) -> (artifact id: '8ba618a72ecadd92121791f4ab22042a') in 0.0005094 seconds
Start importing Packages/com.unity.xr.core-utils/Tests/Editor/XRCoreUtilities using Guid(137bb8f5b17af48ffa9ae0d2b21004fb) (DefaultImporter) -> (artifact id: '0ca6afd575ef12d95d6d2d231155fdb6') in 0.000489 seconds
Start importing Packages/com.unity.purchasing/Editor/Obfuscation/Service using Guid(130c79db835a93f4caaa093122d27a97) (DefaultImporter) -> (artifact id: 'ee202ed03b25114cdc0a380c86acac64') in 0.0004995 seconds
Start importing Packages/com.unity.services.core/Runtime/Telemetry/Diagnotstics using Guid(3330907631d21584281522898e9028cd) (DefaultImporter) -> (artifact id: 'effd95748d208a3820b5fd453c3746ac') in 0.0004845 seconds
Start importing Packages/com.unity.collab-proxy/Editor/UI/Avatar using Guid(43aad6ec3599fb84a89e8fce31748cce) (DefaultImporter) -> (artifact id: 'd37cd1a6ca751362b16abf54f79d731f') in 0.0005285 seconds
Start importing Packages/com.unity.collab-proxy/Editor/Assets/Styles using Guid(5355983268a982c46bd52eb66f19b1b9) (DefaultImporter) -> (artifact id: 'aa29ff218c0fa1d5fa9679618912f04a') in 0.0004962 seconds
Start importing Packages/com.unity.ugui/Tests/Runtime/UGUI using Guid(53caebc5909234b4ebe1fcaf3dc913a5) (DefaultImporter) -> (artifact id: '6cea7121aaed435492ec2cc2e4bf06a4') in 0.0005908 seconds
Start importing Packages/com.unity.xr.arfoundation/Editor/Simulation/Rendering using Guid(631f79156a80bda4db24cfb8a19276f3) (DefaultImporter) -> (artifact id: 'a6062248988aca70a76488d833b3c36f') in 0.0005649 seconds
Start importing Packages/com.unity.xr.management/Tests/TestPackage/Editor using Guid(730faf1c9a6ee8845a923cd20b8c4521) (DefaultImporter) -> (artifact id: '80302e2b751674c1bf62fa231692d85d') in 0.0005898 seconds
Start importing Packages/com.unity.xr.arfoundation/Runtime/ARSubsystems/RaycastSubsystem using Guid(735f1b61039e3234cb4a34ff9899306b) (DefaultImporter) -> (artifact id: '35cf0ec7f9f194cad2b2d1a4645d4d70') in 0.0005667 seconds
Start importing Packages/com.unity.inputsystem/InputSystem/Editor/Internal using Guid(8377f8bca2884d3ba3dd053d9b5d06f7) (DefaultImporter) -> (artifact id: 'a326957e2ed270ad57e6e94df831e7b0') in 0.0004929 seconds
Start importing Packages/com.unity.collab-proxy/Editor/CodeEditor/Search using Guid(93f1a63777a7b49e7a6bb3f2eb183b23) (DefaultImporter) -> (artifact id: '04487ee6492a2dda9e3fe757bb14f38d') in 0.0004971 seconds
Start importing Packages/com.unity.xr.arfoundation/Runtime/ARSubsystems/PlaneTracking using Guid(93d70cfaa3270d94cadadc3e54ee7f1f) (DefaultImporter) -> (artifact id: '72f3ef45a5cad8bbf46b73244e837466') in 0.0005604 seconds
Start importing Packages/com.unity.inputsystem/InputSystem/Plugins/Steam using Guid(a3e712d7ab2114ca4960246b0d5e6215) (DefaultImporter) -> (artifact id: '4245f6ac265fd648bef2d26dcef0eb00') in 0.0005249 seconds
Start importing Packages/com.unity.collab-proxy/Editor/Gluon/UpdateReport using Guid(a3f9d1ab8dcbb414abb3380d0d8032fc) (DefaultImporter) -> (artifact id: '8c23baff7fd195a55ca9c721f940a8a8') in 0.0005168 seconds
Start importing Packages/com.unity.test-framework/UnityEditor.TestRunner/TestLaunchers/Helpers using Guid(a3cb89150b8a4060b89a32725a8e267e) (DefaultImporter) -> (artifact id: '1c6550e824ea391f5fd50f57247dd2be') in 0.000573 seconds
Start importing Packages/com.unity.services.core/Runtime/Core.Internal/Logging using Guid(a33cebe73913d4ddf9970fdbf0965bc5) (DefaultImporter) -> (artifact id: '5e3cd887be758a8840fdec86e9c104ff') in 0.0005267 seconds
Start importing Packages/com.unity.services.core/Runtime/Core.Internal/Serialization using Guid(b3f9c17505224c31ae233306bb2fefee) (DefaultImporter) -> (artifact id: 'f18f6c3f626cb5bc8d42f225a5ee7e47') in 0.0005744 seconds
Start importing Packages/com.unity.inputsystem/InputSystem/Devices/Remote using Guid(b3be39d9a3c9496a9a619d6dc185f5f3) (DefaultImporter) -> (artifact id: 'ad550898059584d38ddef51f45ea291f') in 0.0006682 seconds
Start importing Packages/com.unity.collab-proxy/Editor/CloudDrive/Workspaces using Guid(c305bca7e5f889e4b9b7acc8a8f00440) (DefaultImporter) -> (artifact id: '84e6c6ff3262f746576ea5fe651dbe9a') in 0.0005707 seconds
Start importing Packages/com.unity.2d.tilemap/Editor/UI/External using Guid(c3d98d7d00da4fcc9ee2300bf0bd2749) (DefaultImporter) -> (artifact id: '32e29ee96a6235c81b6d1e90111a77d7') in 0.0005146 seconds
Start importing Packages/com.unity.test-framework/UnityEngine.TestRunner/NUnitExtensions/Filters using Guid(c3de99f9efc582a48995bc8e8c2df418) (DefaultImporter) -> (artifact id: '6a3e6215aa297c9a4e3c7159efb1015c') in 0.0005764 seconds
Start importing Packages/com.unity.purchasing/Editor/Obfuscation/Entity using Guid(e34c537eab14fb140bd81396f1948f36) (DefaultImporter) -> (artifact id: 'cc6e29264a5a3178302ba791633546cd') in 0.0004834 seconds
Start importing Packages/com.unity.services.core/Runtime/Telemetry/Metrics using Guid(f35a5b2933eb87b44869fb793b853ab5) (DefaultImporter) -> (artifact id: '9140e38b3fe5b6f31dd9ee2534fb7efd') in 0.0004944 seconds
Start importing Packages/com.unity.collab-proxy/Editor/_Deprecated/WebApi using Guid(04c87a0216f9bb2468a7ea4efcb91444) (DefaultImporter) -> (artifact id: 'f1a180d627b52591d4733b915fc35b55') in 0.0004945 seconds
Start importing Packages/com.unity.collab-proxy/Editor/CodeEditor/Document using Guid(046f41539da654ce3b0651f5979455af) (DefaultImporter) -> (artifact id: '99ac317f4bebc4c0a6cdfd42a019efd6') in 0.0005694 seconds
Start importing Packages/com.unity.xr.arfoundation/Runtime/ARSubsystems/ParticipantSubsystem using Guid(14b97d93227b4458689fe84ac6b19037) (DefaultImporter) -> (artifact id: '596d090ed2bdd20029782d37874f8d08') in 0.0005751 seconds
Start importing Packages/com.unity.services.core/Runtime/Core.Internal/AsyncOperation using Guid(24217193ca52348f793854bafd71c78f) (DefaultImporter) -> (artifact id: '858f78a563cf29da75fdd93d119fc811') in 0.0005559 seconds
Start importing Packages/com.unity.purchasing/Plugins/UnityPurchasing/iOS using Guid(2427329c0a5fe4762b88e94bf0eebebc) (DefaultImporter) -> (artifact id: '9910d07cc430e377ff6b55d2e370f5c4') in 0.0005178 seconds
Start importing Packages/com.unity.xr.arfoundation/Tests/Editor/InternalUtils using Guid(248e6491ac85942a780d14de9531762d) (DefaultImporter) -> (artifact id: 'e4d5d2473594690a243514eb6e41ba89') in 0.0005065 seconds
Start importing Packages/com.unity.xr.arfoundation/Runtime/ARSubsystems/TrackingSubsystem using Guid(349f4e4b9c7bba845b1e54ac6182efca) (DefaultImporter) -> (artifact id: '284e2aee14b449427279eed58c513db1') in 0.0004957 seconds
Start importing Packages/com.unity.collab-proxy/Editor/Views/Welcome using Guid(4419c9c829ee0e9438a5c3ceba3ca88b) (DefaultImporter) -> (artifact id: 'c063c6467766c10bc7b0dbcd0c05e43c') in 0.0005064 seconds
Start importing Packages/com.unity.collab-proxy/Editor/Diff/History using Guid(5496fd86b17c44691945a8d416eff7fc) (DefaultImporter) -> (artifact id: 'b0c8c1948c0b4f92d7d0969394b792fd') in 0.0004544 seconds
Start importing Packages/com.unity.purchasing/Runtime/Purchasing/Utilites using Guid(74103b91d3328034992e7f91ef0751a0) (DefaultImporter) -> (artifact id: '08df4308b0c23a0c68ee65f26695d3f2') in 0.0004973 seconds
Start importing Packages/com.unity.ugui/Runtime/UGUI/UI using Guid(742654cad2425334696ba6ed4495cfef) (DefaultImporter) -> (artifact id: 'd1046547fc52369f9a3a8f6b662ded51') in 0.0004738 seconds
Start importing Packages/com.unity.inputsystem/InputSystem/Devices/Commands using Guid(84ba8e63f115487ca072084bbebf0e55) (DefaultImporter) -> (artifact id: 'c0cb9ce75f0f2ed8b3c2661b48aeb01f') in 0.0006108 seconds
Start importing Packages/com.unity.services.core/Editor/Core/Components using Guid(9488c334d65c5604989ba0f3b4b4576b) (DefaultImporter) -> (artifact id: '477c8997431d0ff1356900f0855130d6') in 0.0005595 seconds
Start importing Packages/com.unity.inputsystem/InputSystem/Editor/ProjectWideActions using Guid(949d73ae1e0166c469c8706d4d7a21c7) (DefaultImporter) -> (artifact id: '53693059d700c14fed68385f57810496') in 0.0005232 seconds
Start importing Packages/com.unity.inputsystem/InputSystem/Plugins/WebGL using Guid(d4077c3b095df48b798c97c694ffd684) (DefaultImporter) -> (artifact id: '4bb20e019f436a4c5978cb315a438c41') in 0.0004841 seconds
Start importing Packages/com.unity.timeline/Editor/treeview/Drawers using Guid(d40a0edbdcdcf9747a420f3bbe0f18db) (DefaultImporter) -> (artifact id: '64ec2e1e1a5c9e8328166fdf2cb14369') in 0.0005251 seconds
Start importing Packages/com.unity.collab-proxy/Editor/CodeEditor/Platform using Guid(d49c3524d0bc49cd9c3b7c051262d302) (DefaultImporter) -> (artifact id: '823ae37460bafbb94ac2cd856f46cb17') in 0.0004794 seconds
Start importing Packages/com.unity.collab-proxy/Editor/Inspector/Properties using Guid(f48aeec177c14cf185016d8add57e69f) (DefaultImporter) -> (artifact id: '6d4fc9ce249b2014dea029facc86fbe3') in 0.0005381 seconds
Start importing Packages/com.unity.collab-proxy/Editor/Views/Branch using Guid(15fe89692edc49a4891091bd0e1c6536) (DefaultImporter) -> (artifact id: 'daff2eb2671e46511b5b02fda71194fe') in 0.0004905 seconds
Start importing Packages/com.unity.collab-proxy/Editor/_Deprecated/Settings using Guid(151f255eb9e656e478b6bd3dd0ef91b5) (DefaultImporter) -> (artifact id: 'b46fbdfea4931f5a164162a149fcc596') in 0.0006003 seconds
Start importing Packages/com.unity.collab-proxy/Editor/Views/Labels using Guid(2589284022789b14ab0b63391791ca04) (DefaultImporter) -> (artifact id: '488c1df5e4bdbf0f66cfd86f335b5ffd') in 0.0006056 seconds
Start importing Packages/com.unity.test-framework/UnityEngine.TestRunner/TestRunner/Messages using Guid(256a0ca37fa972840bce7fca446e75e7) (DefaultImporter) -> (artifact id: '49c9fa09840fad3e17b412376a8dcf2a') in 0.0006857 seconds
Start importing Packages/com.unity.services.analytics/Runtime/Events/AdImpression using Guid(256b49889cb84668a09cd8a108cdc152) (DefaultImporter) -> (artifact id: '0b8fa1142f72d34359000c41d55969ba') in 0.0006011 seconds
Start importing Packages/com.unity.ide.rider/Rider/Editor/Properties using Guid(354fde95fe0643b09509e5fcee350b33) (DefaultImporter) -> (artifact id: 'b4b649af3c945c321cad76e417a2b95d') in 0.0005089 seconds
Start importing Packages/com.unity.purchasing/Runtime/Stores/TransactionHistory using Guid(7554b963d13344aa955707d3c901677d) (DefaultImporter) -> (artifact id: 'cf2f62c999572a19269e9f2eae1a70c4') in 0.0005416 seconds
Start importing Packages/com.unity.services.core/Editor/Core/UiHelpers using Guid(751662d6c01144819a1d17e1333bb5a4) (DefaultImporter) -> (artifact id: 'fb7910e8a1e3a0b49e51d7490e2ae87e') in 0.0005967 seconds
Start importing Packages/com.unity.xr.arfoundation/Tests/Runtime/XRSimulation using Guid(85e28f5195854363a14503fe061ca813) (DefaultImporter) -> (artifact id: '7d5a396216755b4b935d50d9fac6081b') in 0.0005511 seconds
Start importing Packages/com.unity.ugui/Editor/UGUI/UI using Guid(853edc343b78a7c4c81cbb3851d48c0a) (DefaultImporter) -> (artifact id: '773a517afa854ab194e9e6794bc9a1cf') in 0.0004875 seconds
Start importing Packages/com.unity.collab-proxy/Editor/CodeEditor/Utils using Guid(95fd48b26b354bd396b3ba43717db5d4) (DefaultImporter) -> (artifact id: 'ae4672dc3034dc3b3c791479b0741872') in 0.0005363 seconds
Start importing Packages/com.unity.ide.rider/Rider/Editor/UnitTesting using Guid(a52391bc44c477f40a547ed4ef3b9560) (DefaultImporter) -> (artifact id: '2265d49ac5544cdb0bd1aae82a9236d4') in 0.0004807 seconds
Start importing Packages/com.unity.inputsystem/InputSystem/Editor/AssetEditor using Guid(a5c84a68c16874bd5ba1a9d15a5e5044) (DefaultImporter) -> (artifact id: '51f6329545320ce62a7af1fc311baefa') in 0.0005154 seconds
Start importing Packages/com.unity.xr.legacyinputhelpers/Tests/Runtime/TrackedPoseDriver using Guid(b515c4e6a4ca71643b0e830024fe733f) (DefaultImporter) -> (artifact id: 'dc4d84c989513ffc526a71851baea7cb') in 0.000573 seconds
Start importing Packages/com.unity.collab-proxy/Editor/Hub/Operations using Guid(b51b4ac3066a00144817d6c4f8c36c71) (DefaultImporter) -> (artifact id: 'f550cfdc83abc70d9fa843a18e79e7ad') in 0.0006628 seconds
Start importing Packages/com.unity.xr.arfoundation/Runtime/ARSubsystems/AnchorSubsystem using Guid(b50c35d88216452084f2479e33ed55d5) (DefaultImporter) -> (artifact id: '08b232ab98a044b490d9d97a47813a94') in 0.0005462 seconds
Start importing Packages/com.unity.xr.arfoundation/Runtime/ARSubsystems/OcclusionSubsystem using Guid(b59deec458d4f4120ab29fa90e4a9f4d) (DefaultImporter) -> (artifact id: '5091f590b539c63cf9259beecad2579b') in 0.0005668 seconds
Start importing Packages/com.unity.test-framework/UnityEditor.TestRunner/GUI/Views using Guid(c5535d742ea2e4941850b421f9c70a1f) (DefaultImporter) -> (artifact id: 'd8974548c2c7ab5d5ad7599c432a1bc7') in 0.000551 seconds
Start importing Packages/com.unity.xr.core-utils/Editor/CapabilityProfile/Dictionary using Guid(c508ce3f09190004f9ac23ebb52be024) (DefaultImporter) -> (artifact id: 'e74fb4b46114bbe49dc7182b0d0310b2') in 0.0004803 seconds
Start importing Packages/com.unity.timeline/Editor/Utilities/Scopes using Guid(d55400f78d024c05b04dc124bb181d9e) (DefaultImporter) -> (artifact id: '1aa7383373763173b6d3beb92d82e267') in 0.0005053 seconds
Start importing Packages/com.unity.xr.arfoundation/Tests/Editor/XRTestTooling using Guid(d596517bb17474a2e88ad74752d8e501) (DefaultImporter) -> (artifact id: 'd4ad4d8bc59941c2a536655d0d19d827') in 0.0004758 seconds
Start importing Packages/com.unity.xr.arfoundation/Tests/Editor/ARFoundation using Guid(d519c6f3e4912420f8534bc46f362325) (DefaultImporter) -> (artifact id: 'f382408011230ac2cb795d8b32b0d9c5') in 0.0005319 seconds
Start importing Packages/com.unity.inputsystem/InputSystem/Plugins/Android using Guid(e5769f689f15dce4a9f92aff27659c54) (DefaultImporter) -> (artifact id: '1882dbaf36accbc4ef3817afe6c3a6b2') in 0.0006449 seconds
Start importing Packages/com.unity.collab-proxy/Editor/AssetsUtils/Processor using Guid(e5a9787c5ed94504798db0c3330424fe) (DefaultImporter) -> (artifact id: 'e117ce7ac6020b07c43fb2acdd25c7fa') in 0.0005427 seconds
Start importing Packages/com.unity.ugui/Editor/UGUI/EventSystem using Guid(f525580684527b147b70cf94aaa70dbc) (DefaultImporter) -> (artifact id: '35f8d6adc1fe92d630cb18996309700e') in 0.0008287 seconds
Start importing Packages/com.unity.collab-proxy/Editor/AssetMenu/Dialogs using Guid(f5d6c6c129fff0140a040d43aedb9547) (DefaultImporter) -> (artifact id: '20723911d5ce2b215b3107ff708438e7') in 0.000517 seconds
Start importing Packages/com.unity.xr.legacyinputhelpers/Tests/Editor/SeedXRInputBindings using Guid(f55c8aa2f418fae4693a0db0739d4b7a) (DefaultImporter) -> (artifact id: '70e480ac66ede8da09b2e2c3c6722f28') in 0.0005762 seconds
Start importing Packages/com.unity.timeline/Editor/treeview/Snapping using Guid(06ae1baf5524b314fa65b173b9eca869) (DefaultImporter) -> (artifact id: '9a10e5e7c7c2887e7b3863acb28a43fd') in 0.0005511 seconds
Start importing Packages/com.unity.test-framework/UnityEditor.TestRunner/UnityTestProtocol/Data using Guid(3610673068254436ac90019f46e09f01) (DefaultImporter) -> (artifact id: 'edf71b33f3965ea27aa0f561aefe6dce') in 0.0005008 seconds
Start importing Packages/com.unity.inputsystem/InputSystem/Editor/Debugger using Guid(461c380dccba54a569c07d9810dd3b32) (DefaultImporter) -> (artifact id: 'da89f0ad8f21a6a87a6a6692ffa6b299') in 0.0005054 seconds
Start importing Packages/com.unity.inputsystem/InputSystem/Devices/Precompiled using Guid(6600059bab4cd4a4ab586e5bb07df47b) (DefaultImporter) -> (artifact id: 'a5b5175474d7faf6114b3b2f92c63972') in 0.0005379 seconds
Start importing Packages/com.unity.collab-proxy/Editor/Assets/Images using Guid(8697b23ed1b3db0448e2580433ae07d7) (DefaultImporter) -> (artifact id: '5280dbe66c9deb3d62c98457f1255580') in 0.0005895 seconds
Start importing Packages/com.unity.collab-proxy/Editor/CodeEditor/Rendering using Guid(86790946872c43db8284bef9164fced9) (DefaultImporter) -> (artifact id: '86720ce6753fa290429d72478adc6011') in 0.0006947 seconds
Start importing Packages/com.unity.timeline/Editor/inspectors/CurvesOwner using Guid(86cacab070a0a46e99aedb596a32c4fe) (DefaultImporter) -> (artifact id: '378da87239a18aa394a987967aa601d8') in 0.0007262 seconds
Start importing Packages/com.unity.xr.arfoundation/Runtime/ARSubsystems/SessionSubsystem using Guid(864ca89a59879504d8f94a4e6ef5bb30) (DefaultImporter) -> (artifact id: 'db172513fa646284f7952c96c4ea212b') in 0.0005232 seconds
Start importing Packages/com.unity.inputsystem/InputSystem/Plugins/InputForUI using Guid(96500a17645c67442a0ccdca007e6d28) (DefaultImporter) -> (artifact id: '50565058fe2fe0c54cf013821d1f8019') in 0.0005782 seconds
Start importing Packages/com.unity.test-framework/UnityEditor.TestRunner/NUnitExtension/Attributes using Guid(96c503bf059df984c86eecf572370347) (DefaultImporter) -> (artifact id: '2e346665254194df03f2d47ad0a2e81b') in 0.000599 seconds
Start importing Packages/com.unity.collab-proxy/Editor/Views/BranchExplorer using Guid(96fe449559fb4e1995ab8503958a61ed) (DefaultImporter) -> (artifact id: 'f59439e1fdea66b02cddeae04c8b5acf') in 0.0004703 seconds
Start importing Packages/com.unity.collab-proxy/Editor/UI/Tree using Guid(b642e1c7eeddd064c9520df476000c0c) (DefaultImporter) -> (artifact id: '4b1e37d5e2925c7fd2662e26f9e1331b') in 0.0005023 seconds
Start importing Packages/com.unity.xr.arfoundation/Editor/Simulation/Environment using Guid(b68deb0f38f724eb7ad59aaef4506112) (DefaultImporter) -> (artifact id: 'c8ab6d7e5cf6944a83b9f9eeaa894904') in 0.000538 seconds
Start importing Packages/com.unity.collab-proxy/Editor/CodeEditor/TextMate using Guid(d6205f80604d49e9878743cfaff171c2) (DefaultImporter) -> (artifact id: '1688ee892223a965615554f6a988a63e') in 0.0006679 seconds
Start importing Packages/com.unity.services.core/Runtime/Core/DynamicDependency using Guid(d602f3312a2f948d19abaffd36ab9e17) (DefaultImporter) -> (artifact id: 'd901269fad9ec21e0104b204684b5299') in 0.0006224 seconds
Start importing Packages/com.unity.xr.arfoundation/Runtime/ARSubsystems/Configuration using Guid(d6564aa5abc6541f59801df67d9c87fe) (DefaultImporter) -> (artifact id: 'd36dfb2aeb8296fd157eaba534450f04') in 0.0006042 seconds
Start importing Packages/com.unity.collab-proxy/Editor/CloudDrive/ShareWorkspace using Guid(d608fb37c300d9f4c9bf2cea7e8b990a) (DefaultImporter) -> (artifact id: '88b82507ee641dc1ede0298f14ec8739') in 0.0006407 seconds
Start importing Packages/com.unity.timeline/Editor/Manipulators/Trim using Guid(f6d64d8648793944dbadfd71f0f4b0a1) (DefaultImporter) -> (artifact id: '71522e7effccf3f6eda2316be23e3afd') in 0.0004682 seconds
Start importing Packages/com.unity.timeline/Editor/inspectors/ClipInspector using Guid(f68c7f7359094f045930a108c444e7a4) (DefaultImporter) -> (artifact id: '6b926d2da5e0af953e9df56d2752f20a') in 0.0006436 seconds
Start importing Packages/com.unity.test-framework/UnityEditor.TestRunner/GUI/TestListBuilder using Guid(07ea0326ed848fb4489187cb58f96113) (DefaultImporter) -> (artifact id: 'c9ef4e1b8c0b54cbe4a5a11c696e4b78') in 0.0006607 seconds
Start importing Packages/com.unity.collab-proxy/Editor/Views/CreateWorkspace using Guid(173564ff53b74604b8e070b51861b3f9) (DefaultImporter) -> (artifact id: 'd6751d8f5aa86e8c85fb7f6b016fd53f') in 0.0006447 seconds
Start importing Packages/com.unity.purchasing/Editor/Analytics/Entity using Guid(272f18b28e91e954ca78df1d60ddbd4e) (DefaultImporter) -> (artifact id: 'eecb5881e8e8920b3f23870b170d3224') in 0.00059 seconds
Start importing Packages/com.unity.collab-proxy/Editor/Views/Diff using Guid(37b5532626676e045a3b172c915e5d79) (DefaultImporter) -> (artifact id: '3680c2e51482546e69a07635bfc8b052') in 0.00062 seconds
Start importing Packages/com.unity.timeline/Editor/Window/Modes using Guid(37472f5179ca2004489ac901814cdbc3) (DefaultImporter) -> (artifact id: '4874946687c9512ab059fcf9309ba0f7') in 0.0005673 seconds
Start importing Packages/com.unity.test-framework/UnityEngine.TestRunner/NUnitExtensions/Runner using Guid(37888acc09d9ee848bf9559f06645c45) (DefaultImporter) -> (artifact id: 'ee1e527b3560111b8f9aa3c43ad7e9a9') in 0.0004665 seconds
Start importing Packages/com.unity.services.core/Editor/Core/Build using Guid(476d6affad0f84edaa7f2517f66cfb3d) (DefaultImporter) -> (artifact id: '04b3141414f9c215249a11ccf9b594ed') in 0.0005458 seconds
Start importing Packages/com.unity.purchasing/Editor/Analytics/Signatures using Guid(470f2af13011fa7419c680ca3d5edb7d) (DefaultImporter) -> (artifact id: '5da46034d68d5b7c038b7c3a132052ae') in 0.0004549 seconds
Start importing Packages/com.unity.purchasing/Editor/WebRequest/Interface using Guid(477f83eba225d4e81bc73eea9343d08a) (DefaultImporter) -> (artifact id: 'e14406e4a6704ea8e8dde1b1847b54a2') in 0.0004898 seconds
Start importing Packages/com.unity.xr.arfoundation/Tests/Editor/ARSubsystems using Guid(57639542052af4119a3bc2cf7465b8eb) (DefaultImporter) -> (artifact id: '6f49bf850a070ab7d8105d8d6ce94ac5') in 0.0004793 seconds
Start importing Packages/com.unity.timeline/Editor/Manipulators/Utils using Guid(67e9c6cf60c57a54f9f4db1bc33fd2e3) (DefaultImporter) -> (artifact id: 'c730c5197b15446c9337915b8eff0aa8') in 0.0004655 seconds
Start importing Packages/com.unity.inputsystem/InputSystem/Plugins/XInput using Guid(674bcb49f4019404bb8bfd43a597785a) (DefaultImporter) -> (artifact id: 'c0d5d05351409abd57330406f69046a4') in 0.0005928 seconds
Start importing Packages/com.unity.ugui/Editor/Analytics/IAnalytic using Guid(77417b0f4cf6d334f916c64448d24133) (DefaultImporter) -> (artifact id: 'a22d0db8c8eb6d464d1b5bd50a6655ab') in 0.00052 seconds
Start importing Packages/com.unity.inputsystem/InputSystem/Plugins/HID using Guid(a71161af1440e4b1fbbefefb3aaffce0) (DefaultImporter) -> (artifact id: 'cc150985718e30b27fed7bfd69447ed7') in 0.00065 seconds
Start importing Packages/com.unity.purchasing/Runtime/Stores/AppleAppStore using Guid(c7f07f9ea27d411c8f104bb5d4e3964f) (DefaultImporter) -> (artifact id: '81d538b53e313e3ce6b248bf2bce3ca2') in 0.0007678 seconds
Start importing Packages/com.unity.inputsystem/InputSystem/Editor/Analytics using Guid(d7fcb545eb7743c8bd27f341b51151dc) (DefaultImporter) -> (artifact id: '191416f12a9a20f8f5982d896a515d26') in 0.0004901 seconds
Start importing Packages/com.unity.purchasing/Runtime/Stores/Android using Guid(d75ff02a4aac4ea98dde393594709520) (DefaultImporter) -> (artifact id: '027f914658139804890f570f1560b977') in 0.0007225 seconds
Start importing Packages/com.unity.purchasing/Runtime/Purchasing/Analytics using Guid(e7da53e7495b4ac4b8f79193b783a410) (DefaultImporter) -> (artifact id: '3c39d9142fb4592435cf0eeef0c3caa7') in 0.0005052 seconds
Start importing Packages/com.unity.collab-proxy/Editor/Assets/Fonts using Guid(184d218dfbb2c41f1a6a0bc4fc4cf42c) (DefaultImporter) -> (artifact id: '2f1ef958b23bedf5d6dbe4a1fea109e7') in 0.0005118 seconds
Start importing Packages/com.unity.services.core/Editor/Core/Utils using Guid(2834b4ceb01eed449ad34cbd5f6d13cb) (DefaultImporter) -> (artifact id: 'b5ab77f669ae0d1726d6b1305a5dea4d') in 0.0005339 seconds
Start importing Packages/com.unity.xr.arfoundation/Runtime/Simulation/Input using Guid(28fe1e4e833b4006ac4ddd2a138d7b22) (DefaultImporter) -> (artifact id: '67204a3256576881a045754bd2bd896e') in 0.0005407 seconds
Start importing Packages/com.unity.services.core/Runtime/Core.Internal/Attributes using Guid(38493ded9634a674cb91f57109427d3c) (DefaultImporter) -> (artifact id: 'e22aa7fc9c49f266dd3d0e7c4bda141a') in 0.0006068 seconds
Start importing Packages/com.unity.xr.arfoundation/Runtime/ARSubsystems/BoundingBoxSubsystem using Guid(4896a6e5ce044582aa0557bf15e23e56) (DefaultImporter) -> (artifact id: '22028e5d991a7951f15819de8ec523b0') in 0.0005332 seconds
Start importing Packages/com.unity.xr.arfoundation/Tests/Editor/CodeSamples using Guid(48b8a9582c48c594a95a6dcae5fecafb) (DefaultImporter) -> (artifact id: 'c18743ff9bed15db5ff5de36cf1a9de3') in 0.0005863 seconds
Start importing Packages/com.unity.purchasing/Editor/ServiceProjectSettings/Service using Guid(481dcda7219c74cc7aed86094a505a0f) (DefaultImporter) -> (artifact id: 'c21f768e2714c34331909628eeb269ad') in 0.0006339 seconds
Start importing Packages/com.unity.test-framework/UnityEditor.TestRunner/GUI/TestListTreeView using Guid(68cb547af0187634aad591a09c01cd5b) (DefaultImporter) -> (artifact id: 'bcc7fabbc19415c35b0572cf2f2337a5') in 0.0005795 seconds
Start importing Packages/com.unity.xr.arfoundation/Runtime/ARSubsystems/XRCpuImage using Guid(88d13c9a606ca4ca894adc96f5e0be08) (DefaultImporter) -> (artifact id: 'a3bf468aa5678782cce05138d997628b') in 0.0005265 seconds
Start importing Packages/com.unity.timeline/Editor/Actions/Menus using Guid(985eed4bc2fbee941b761b8816d9055d) (DefaultImporter) -> (artifact id: '38d8b72df77a9de3c92a8a7334dabec1') in 0.0004701 seconds
Start importing Packages/com.unity.collab-proxy/Editor/Views/Changesets using Guid(a83160f252281df4ebb018688dad5f08) (DefaultImporter) -> (artifact id: '4a8656f581244e1f90e73db73c5efe7b') in 0.0004998 seconds
Start importing Packages/com.unity.xr.arfoundation/Runtime/ARFoundation/Deprecated using Guid(b8c7f92827c94a5e9b64c988b07eb4a1) (DefaultImporter) -> (artifact id: '6cab83e0eb0e028dd09d2081ee4da21a') in 0.000497 seconds
Start importing Packages/com.unity.2d.sprite/Editor/UI/SpriteEditor using Guid(b8f7402084fe2cf4d884952adeac1114) (DefaultImporter) -> (artifact id: 'bc400fb9a86652d12445be2d2e02c633') in 0.0005398 seconds
Start importing Packages/com.unity.2d.tilemap/Editor/EditorTools/GridSelection using Guid(b8096dde849bb6f4f98cadbbf04ab6d9) (DefaultImporter) -> (artifact id: '58b097c60d3dc55c10bce5f014b94afa') in 0.0006291 seconds
Start importing Packages/com.unity.collab-proxy/Editor/Views/Filters using Guid(d80c4e95670104343b609a632c5a4157) (DefaultImporter) -> (artifact id: '3bc9e1272d745567c54647d61d387929') in 0.0005312 seconds
Start importing Packages/com.unity.xr.arfoundation/Runtime/ARSubsystems/CameraSubsystem using Guid(e8650c35ab94a4106bcbad4a63f6749f) (DefaultImporter) -> (artifact id: 'd463fdc9d5d838946223227e122d3e44') in 0.0005879 seconds
Start importing Packages/com.unity.test-framework/UnityEditor.TestRunner/GUI/Controls using Guid(e88eef57957d4440c8a7ff2ef9dd3d97) (DefaultImporter) -> (artifact id: 'c4f64d42392877fbc9299e30e3929089') in 0.0005666 seconds
Start importing Packages/com.unity.collab-proxy/Editor/CodeEditor/Indentation using Guid(f89400ea8aa3d44cda6b09aa0518a1eb) (DefaultImporter) -> (artifact id: '3ed34deef5170da32fc9228f2f1251ec') in 0.0005692 seconds
Start importing Packages/com.unity.xr.arfoundation/Runtime/ARSubsystems/Util using Guid(f8875a90283d4c0592f03e58a219966d) (DefaultImporter) -> (artifact id: '76fda01a3600e4f60113eefc46c4850b') in 0.0005139 seconds
Start importing Packages/com.unity.inputsystem/InputSystem/Plugins/XR using Guid(097288e93d94f44438e9ef4dc93f7346) (DefaultImporter) -> (artifact id: '65d8e3491c4546b69a124702dbede89a') in 0.000474 seconds
Start importing Packages/com.unity.purchasing/Runtime/Stores/ServicesCore using Guid(291fc9da3d80411cbec0b36277bce386) (DefaultImporter) -> (artifact id: 'cdfe9f75abc460c835979e60558e4d4d') in 0.0005016 seconds
Start importing Packages/com.unity.xr.arfoundation/Tests/Runtime/ARFoundation using Guid(399ed36e421c14c9792a82f1f258586e) (DefaultImporter) -> (artifact id: '11438f880e1b8fb745e3f12778aaf04d') in 0.0005234 seconds
Start importing Packages/com.unity.collab-proxy/Editor/Diff/Purged using Guid(49c274ec850242c88ad13ac57d6ff54c) (DefaultImporter) -> (artifact id: '5a6e58805ad371ffe00270cd12ec8643') in 0.0005105 seconds
Start importing Packages/com.unity.test-framework/UnityEditor.TestRunner/TestRun/Data using Guid(4926c06156894939ba0a2680f1b0aa7a) (DefaultImporter) -> (artifact id: 'e85e5880a8fb926656c64ebb007116bd') in 0.0005287 seconds
Start importing Packages/com.unity.collab-proxy/Editor/CodeEditor/Editing using Guid(69545da8115b7fd459252e2795b975da) (DefaultImporter) -> (artifact id: 'aaf779b42b3e2e15858626e53efa96b0') in 0.0006546 seconds
Start importing Packages/com.unity.inputsystem/InputSystem/Plugins/UI using Guid(69dd334ee54c747c38b3317d02c3967a) (DefaultImporter) -> (artifact id: '1fd450bb232d5b95bbe26023d11838df') in 0.0004779 seconds
Start importing Packages/com.unity.services.core/Runtime/Scheduler/TimeProvider using Guid(89da8fcade106e248a5d3190a19d35e3) (DefaultImporter) -> (artifact id: '3ec750d445232310ae580cb6308f9f53') in 0.00051 seconds
Start importing Packages/com.unity.test-framework/UnityEditor.TestRunner/Api/Analytics using Guid(891bb6b9f5094c36b59c3788e21c8213) (DefaultImporter) -> (artifact id: '7afc1f32db95c3782cc44b8be1b1fdd2') in 0.00066 seconds
Start importing Packages/com.unity.services.core/Runtime/Core.Internal/Components using Guid(99614a857646842a086184db34d8fb84) (DefaultImporter) -> (artifact id: '94f030e901fea86d81185ff083333230') in 0.000495 seconds
Start importing Packages/com.unity.timeline/Editor/Window/ViewModel using Guid(b9d7bb79ed0c2854a8a5ed7decc3e44f) (DefaultImporter) -> (artifact id: '8f51cc7c01bd72366ccdc3974594e68a') in 0.000496 seconds
Start importing Packages/com.unity.inputsystem/InputSystem/Actions/Interactions using Guid(b90e4423894dce34f83bb15a3ba411ba) (DefaultImporter) -> (artifact id: '1a682d568fa434ab30a8210e73fe1d5d') in 0.0004813 seconds
Start importing Packages/com.unity.test-framework/UnityEditor.TestRunner/TestRunner/Messages using Guid(d9682e749d3efc642af54d789d9090a6) (DefaultImporter) -> (artifact id: '34a2da094325aea95250bbc91b3bacfc') in 0.0007162 seconds
Start importing Packages/com.unity.xr.arfoundation/Editor/VisualScripting/Deprecated using Guid(d9fd8a0f15bd4b6e8b11f6cafa94a2fa) (DefaultImporter) -> (artifact id: '75acee5d9998a9da36f3457e7ef69b53') in 0.0005941 seconds
Start importing Packages/com.unity.collab-proxy/Editor/Configuration/TeamEdition using Guid(e9d092d8c9e8ffe48882f0c22e0e880d) (DefaultImporter) -> (artifact id: '3e24b51a94e2a241ae1cfa7b1dbcd898') in 0.000603 seconds
Start importing Packages/com.unity.collab-proxy/Editor/Diff/Asset using Guid(e9c18861072146ca91af22a8a8dbab9d) (DefaultImporter) -> (artifact id: '97e46788cdf0a7b145bbab7701d38b12') in 0.0004938 seconds
Start importing Packages/com.unity.xr.core-utils/Runtime/Bindings/Variables using Guid(0a2131d7629b4e90b187ef2249434178) (DefaultImporter) -> (artifact id: '5793ad08079388232be2f44b1a805690') in 0.0005308 seconds
Start importing Packages/com.unity.collab-proxy/Editor/Views/History using Guid(3ac7d3b2f88744a4c89cb263306add7d) (DefaultImporter) -> (artifact id: 'f8e6370f22c88d022be9daa7fdde5847') in 0.0005154 seconds
Start importing Packages/com.unity.timeline/Editor/Manipulators/Cursors using Guid(4ad09461bf994e54da846f726a23118e) (DefaultImporter) -> (artifact id: 'c9f0ce59c754a24a7a242224ff438143') in 0.0005241 seconds
Start importing Packages/com.unity.collab-proxy/Editor/CloudDrive/CreateWorkspace using Guid(5a6f78ebd8e092549974122103145fbe) (DefaultImporter) -> (artifact id: 'bc41bb8b4daa8b531cb81cbcd46bc90e') in 0.0005241 seconds
Start importing Packages/com.unity.collab-proxy/Editor/AssetOverlays/Cache using Guid(6a94a55dca335c547ac65bd4b85d2a55) (DefaultImporter) -> (artifact id: '6e701b4a9183c7a14f0dbfa1f1ca9159') in 0.0004814 seconds
Start importing Packages/com.unity.inputsystem/InputSystem/Actions/Composites using Guid(6adbf65a53ff9b04990c2116b3e4d5b7) (DefaultImporter) -> (artifact id: '731fcbb1800e0536eab648102951f6d9') in 0.0005238 seconds
Start importing Packages/com.unity.xr.arfoundation/Tests/Runtime/CodeSamples using Guid(7afd37637f21445a1a331c3f272ffc4a) (DefaultImporter) -> (artifact id: 'cffcb4c9f6190c4d986226a905f99593') in 0.0005292 seconds
Start importing Packages/com.unity.collab-proxy/Editor/Views/BrowseRepository using Guid(9a49298850a2a344ba3026aa6493b8f2) (DefaultImporter) -> (artifact id: '5d5ef55964420165611d452d2c309975') in 0.0009022 seconds
Start importing Packages/com.unity.ide.rider/Rider/Editor/PostProcessors using Guid(aa290bd9a165a0543a4bf85ac73914bc) (DefaultImporter) -> (artifact id: '648bf90a243d156f02a80b116883a134') in 0.0007101 seconds
Start importing Packages/com.unity.collab-proxy/Editor/_Deprecated/UI using Guid(ba39339000b3414c8fd14964ae548fc6) (DefaultImporter) -> (artifact id: 'e046f386b077e8cc15470e34c3cc5d53') in 0.0005497 seconds
Start importing Packages/com.unity.inputsystem/InputSystem/Plugins/OSX using Guid(ea65eddf43398654fa32b724723c71a4) (DefaultImporter) -> (artifact id: '571838c1903d4b738a6af60b1970370c') in 0.0005929 seconds
Start importing Packages/com.unity.purchasing/Runtime/Stores/WindowsStore using Guid(ea0cabfbc51a4d5f90d5e327a14eaa86) (DefaultImporter) -> (artifact id: '13b1457824ceb30f1e2289c786414b2c') in 0.0005716 seconds
Start importing Packages/com.unity.ugui/Editor/TMP/PropertyDrawers using Guid(ea7c31b5b377c314db28ad3fabbbd38d) (DefaultImporter) -> (artifact id: 'ebc92ba84e6406c25f912a00cf612866') in 0.0005181 seconds
Start importing Packages/com.unity.services.core/Editor/Core/Configuration using Guid(eaeca0dfe75f0f846903800285a5d0f4) (DefaultImporter) -> (artifact id: '3cc8f3a9f3674b8e44b5d0f90a5425fa') in 0.0007581 seconds
Start importing Packages/com.unity.ugui/Tests/Editor/UGUI using Guid(fae3ac1997e164d1eba5fa5c417cbefd) (DefaultImporter) -> (artifact id: 'a65f00dcb82f453aab04a0f34c97e4e8') in 0.0005442 seconds
Start importing Packages/com.unity.timeline/Editor/StyleSheets/Extensions using Guid(fa68ac03b8845a142974ec6497cb4acc) (DefaultImporter) -> (artifact id: 'f4383c7677bfe133729374179c8a0b41') in 0.000672 seconds
Start importing Packages/com.unity.services.core/Runtime/Core.Internal/Registry using Guid(0b86b5b95a96c4ed5bf7167992f203ef) (DefaultImporter) -> (artifact id: 'a54abe8db85646a3c8e079e50d3b559d') in 0.0006128 seconds
Start importing Packages/com.unity.collab-proxy/Editor/Configuration/CloudEdition using Guid(0b593e05bcd27824eb229f8c6b20e13b) (DefaultImporter) -> (artifact id: 'a3fc5da4dd6a18a158f74d59ea8c7ceb') in 0.000538 seconds
Start importing Packages/com.unity.xr.core-utils/Tests/Editor/CodeSamples using Guid(3b75e34543b4f473fbc307f8b39b90e9) (DefaultImporter) -> (artifact id: 'ebab66c1a28fb1f689ffd0c8c5a4a14b') in 0.0006324 seconds
Start importing Packages/com.unity.timeline/Runtime/Events/Signals using Guid(5b00473355622524394628f7ec51808d) (DefaultImporter) -> (artifact id: '901ff8ec821192901918a7e57ab15a37') in 0.0005712 seconds
Start importing Packages/com.unity.timeline/Editor/Signals/TreeView using Guid(5ba130fc1db953547a50bcf5c162a3e8) (DefaultImporter) -> (artifact id: '0732aa3251edbc8a08c8fbf58d59bacc') in 0.0005211 seconds
Start importing Packages/com.unity.xr.arfoundation/Runtime/ARSubsystems/ObjectTrackingSubsystem using Guid(5bb33849db404af2aceeb3ac02ec9732) (DefaultImporter) -> (artifact id: '3b1d61800496a08f9b9608e43bb31955') in 0.0005028 seconds
Start importing Packages/com.unity.test-framework/UnityEngine.TestRunner/NUnitExtensions/Commands using Guid(6b72875690e0f7343911e06af3145bd5) (DefaultImporter) -> (artifact id: 'f36e7cf57d57bd868768c4d06537389c') in 0.0006145 seconds
Start importing Packages/com.unity.services.core/Editor/Core/ProjectStateManagement using Guid(8bc3494ea9e548e099a2bb941ad9ddee) (DefaultImporter) -> (artifact id: 'a376ce7399a9926504f5e36dfb333fff') in 0.0005619 seconds
Start importing Packages/com.unity.multiplayer.center/Editor/MultiplayerCenterWindow/UI using Guid(9bd34ec3fe8f4aed936c3a0cf2f32e56) (DefaultImporter) -> (artifact id: 'b73da0b57dd0696387d727e85cb54e01') in 0.0005408 seconds
Start importing Packages/com.unity.services.core/Runtime/Configuration/Utils using Guid(abf176c60f5545c4e84eeca86e38a31a) (DefaultImporter) -> (artifact id: '3360e65d7513ac40490ad88e07c453dc') in 0.0005069 seconds
Start importing Packages/com.unity.inputsystem/InputSystem/Editor/UITKAssetEditor using Guid(bb0e7cd0be171ca4ca67132e36b7ccb5) (DefaultImporter) -> (artifact id: '78ba98fe5f1f37de20ccd2d6f868901a') in 0.0005294 seconds
Start importing Packages/com.unity.inputsystem/InputSystem/Editor/BuildPipeline using Guid(cb6feb90190641c19dce92f09614edd4) (DefaultImporter) -> (artifact id: '95097ddec7238d0f3c6747f3455fecaa') in 0.0005311 seconds
Start importing Packages/com.unity.timeline/Editor/Manipulators/AddDelete using Guid(db34f310723c62440a05d3e69f262a70) (DefaultImporter) -> (artifact id: 'b6a0b39f1a89b303363fb560d5b1aeca') in 0.0005115 seconds
Start importing Packages/com.unity.purchasing/Editor/Analytics/Events using Guid(db798fc4f582d9948908acde746e5bdd) (DefaultImporter) -> (artifact id: '58fb4a9caa6745b7632a9c839b25dcf7') in 0.0004732 seconds
Start importing Packages/com.unity.test-framework/UnityEditor.TestRunner/TestLaunchers/PlatformSetup using Guid(ebc4d20cc106cea49b1df1153f0b3b5e) (DefaultImporter) -> (artifact id: 'b557b5aa3ee3c1d394dd361be2918e20') in 0.0005706 seconds
Start importing Packages/com.unity.test-framework/UnityEngine.TestRunner/NUnitExtensions/Attributes using Guid(0cb14878543cf3d4f8472b15f7ecf0e3) (DefaultImporter) -> (artifact id: '75903ed02331572f0967609c7b7f1e1c') in 0.0005108 seconds
Start importing Packages/com.unity.services.core/Editor/Core/Attributes using Guid(0c5352acffb6c7f49b41ac820cb8a0b2) (DefaultImporter) -> (artifact id: '61deb0a1762960721e674613358b20f4') in 0.0005191 seconds
Start importing Packages/com.unity.inputsystem/InputSystem/Plugins/Linux using Guid(1c597fa0f94a3d54b9c0e85f56e5f821) (DefaultImporter) -> (artifact id: '2d53eac51644e1315e2c4fc2db1dc5f3') in 0.0006118 seconds
Start importing Packages/com.unity.xr.arfoundation/Runtime/ARSubsystems/InputSubsystem using Guid(1cdb22b8d7ceee34ca2eaf46eeb1976b) (DefaultImporter) -> (artifact id: 'd6a201c513386ba603f33760d98ad3f7') in 0.0005632 seconds
Start importing Packages/com.unity.inputsystem/InputSystem/Plugins/PlayerInput using Guid(1cccd07fcea7f491793d4e7a5adc17a2) (DefaultImporter) -> (artifact id: '6a77b4bcfd42614becfa57d256d7fd46') in 0.0004729 seconds
Start importing Packages/com.unity.collab-proxy/Editor/Views/Locks using Guid(3c4be395f8154c3797fc8aef5645fcac) (DefaultImporter) -> (artifact id: '2f2484ab4b14247bf2edb3c60b4cd324') in 0.0005825 seconds
Start importing Packages/com.unity.collab-proxy/Lib/Editor/TextMateSharp using Guid(3c1cec640b7a44f4da637caef9ec1727) (DefaultImporter) -> (artifact id: 'a33f3350415f8f2729318258378540d1') in 0.000527 seconds
Start importing Packages/com.unity.xr.arfoundation/Tests/Editor/XRSimulation using Guid(3c6ccb5daceca48bab8f33eb9e509734) (DefaultImporter) -> (artifact id: '48e09c6edfedb6a4c47503c7da849ded') in 0.0005222 seconds
Start importing Packages/com.unity.xr.core-utils/Tests/Runtime/Scenes using Guid(4c784d820354d455f9061b21127468b2) (DefaultImporter) -> (artifact id: '058ddb74769ff390f044b336913c3d28') in 0.0005982 seconds
Start importing Packages/com.unity.services.core/Runtime/Core.Internal/Utils using Guid(5ce7acb68acc3422cabbabad94e11a62) (DefaultImporter) -> (artifact id: 'd7fcd1543d9ec7b9080111744a1dfd6c') in 0.0005037 seconds
Start importing Packages/com.unity.xr.arfoundation/Runtime/Simulation/Subsystems using Guid(5c5854129a556b647bd0d59271b18580) (DefaultImporter) -> (artifact id: '2ba23538b1eba7faafb507662bd1d871') in 0.0005302 seconds
Start importing Packages/com.unity.2d.sprite/Editor/ObjectMenuCreation/DefaultAssets using Guid(5cebb8a885d4e4a6992c4fcd598b67c8) (DefaultImporter) -> (artifact id: '0ac3b457a871518c1def031772d0613c') in 0.0006612 seconds
Start importing Packages/com.unity.services.core/Editor/Core/Shared using Guid(6cf3f2df706054b1eb8aa9b6fab04c10) (DefaultImporter) -> (artifact id: '9339463b8f7b29d0921691e38569a029') in 0.0005688 seconds
Start importing Packages/com.unity.services.core/Editor/Core/EditorGameService using Guid(9ca68cb91190f469da4ed874ef657802) (DefaultImporter) -> (artifact id: 'a4f55573f8820746c357c51bf71bf214') in 0.0004998 seconds
Start importing Packages/com.unity.purchasing/Runtime/Purchasing/CoreServices using Guid(9c1b1fe2371b41aaba927178a8cd7ec4) (DefaultImporter) -> (artifact id: 'b20881f497994fc73f84fe27bf696a66') in 0.0005238 seconds
Start importing Packages/com.unity.purchasing/Editor/ServiceProjectSettings/UI using Guid(ac4999375f5f64c91b99cfb75b641ae5) (DefaultImporter) -> (artifact id: '0e4622114757e24d0df58c820651d99b') in 0.0005185 seconds
Start importing Packages/com.unity.services.core/Runtime/Environments/Internal using Guid(ac5940d1ac8476b4dad0aa82a483442c) (DefaultImporter) -> (artifact id: '6cdfdebf708d6566cbbd7f937d9fee62') in 0.0004891 seconds
Start importing Packages/com.unity.collab-proxy/Editor/Developer/UpdateReport using Guid(cca926c65e360cf4f8637f7c853a7513) (DefaultImporter) -> (artifact id: '62f1ca9658f6897d55636e16cce144f8') in 0.0004728 seconds
Start importing Packages/com.unity.xr.arfoundation/Runtime/Simulation/Analytics using Guid(ec3e350cbafe2804aa5efec0909662f5) (DefaultImporter) -> (artifact id: '5043b23ec061f188a354201fa11ad5bb') in 0.0005256 seconds
Start importing Packages/com.unity.mathematics/Tests/Tests/Shared using Guid(1d6d62c94d82bf748b95682fa88ef3b9) (DefaultImporter) -> (artifact id: '5089b55838d26600dfb09310e1a12a53') in 0.000638 seconds
Start importing Packages/com.unity.services.analytics/Runtime/Plugins/iOS using Guid(2d23446a87c54430899a7a5071cb90a3) (DefaultImporter) -> (artifact id: 'b877dffeedb7cfef8e798fd746e701d4') in 0.0006185 seconds
Start importing Packages/com.unity.timeline/Editor/treeview/TrackGui using Guid(3d453576028bb344db0d59db893bf3a6) (DefaultImporter) -> (artifact id: '36b7e3120d6643716d6bc19eb4bea95a') in 0.0005785 seconds
Start importing Packages/com.unity.ugui/Tests/Editor/TMP using Guid(3ddaad49a7bcb4087b403f2225d54840) (DefaultImporter) -> (artifact id: 'dc3536d35fb2a75d225a6a19a3e6094d') in 0.0005211 seconds
Start importing Packages/com.unity.inputsystem/InputSystem/Editor/Icons using Guid(4dc89088b67654c86810b41295276666) (DefaultImporter) -> (artifact id: 'afde898341aa5796bf4c74f6bd521417') in 0.0005082 seconds
Start importing Packages/com.unity.collab-proxy/Editor/Views/PendingChanges using Guid(5d558eb582a19cf46b06976fb93d7896) (DefaultImporter) -> (artifact id: '0721ce508a7071ed241ffe9715d05a4c') in 0.0004979 seconds
Start importing Packages/com.unity.test-framework/UnityEditor.TestRunner/TestRunner/Callbacks using Guid(5d7f0d6acfced954682a89e7002c04d9) (DefaultImporter) -> (artifact id: '0dec5c1fe4d62597a6f06205aa5984cd') in 0.000484 seconds
Start importing Packages/com.unity.collab-proxy/Editor/UVCSToolbar/PopupWindow using Guid(6d49fec91584fde45ad08f2f316792bb) (DefaultImporter) -> (artifact id: '30af55bf94234a527f45209918b685db') in 0.0005078 seconds
Start importing Packages/com.unity.test-framework/UnityEditor.TestRunner/TestRun/Tasks using Guid(6dba53789da15814387fa5b1445e81e0) (DefaultImporter) -> (artifact id: '72f33cfefcd167ac88b3efeb6da24af6') in 0.000514 seconds
Start importing Packages/com.unity.services.core/Runtime/Core.Internal/Telemetry using Guid(7d41bc66ca544cfbbba5398c679b4684) (DefaultImporter) -> (artifact id: 'd51d57090b39b5fa407029980d4b74cf') in 0.0005703 seconds
Start importing Packages/com.unity.timeline/Editor/treeview/ItemGui using Guid(9d816a6ab06c6834480f5f45f440e287) (DefaultImporter) -> (artifact id: 'c62089983fb9a52545a4d58808e090b1') in 0.0004979 seconds
Start importing Packages/com.unity.inputsystem/InputSystem/Editor/AssetImporter using Guid(9d7486ba41233414a9ed80716a544026) (DefaultImporter) -> (artifact id: '1275d9cb4dc87f0842d6a153168efa81') in 0.0004943 seconds
Start importing Packages/com.unity.services.core/Editor/Core/UserRoleManagement using Guid(ad038c07cd5d462c9534935085daaf02) (DefaultImporter) -> (artifact id: '93cf67f1f73cd19670d82c2edb939dc0') in 0.0004895 seconds
Start importing Packages/com.unity.inputsystem/InputSystem/Editor/DeviceSimulator using Guid(bd293de081caa442dae1595e4c7a6773) (DefaultImporter) -> (artifact id: '821d985727ccb4a0006f1b798e08f98a') in 0.0004811 seconds
Start importing Packages/com.unity.services.core/Editor/Core/ProjectBindRedirect using Guid(bdacac376e304af3be80a07fec283518) (DefaultImporter) -> (artifact id: '4019c229d25285f8580c7ee753b2b07c') in 0.0004937 seconds
Start importing Packages/com.unity.timeline/Editor/Manipulators/Move using Guid(bd3ffb9a97575a44a82f9ca086813154) (DefaultImporter) -> (artifact id: '6d2448a80836b25addb84442727abfb8') in 0.0006236 seconds
Start importing Packages/com.unity.inputsystem/InputSystem/Plugins/iOS using Guid(cdf0d8abf71784dacb0470320cd8936f) (DefaultImporter) -> (artifact id: '62678bcc85f3723e7a71d36d244f53a2') in 0.000477 seconds
Start importing Packages/com.unity.purchasing/Runtime/Purchasing/Extension using Guid(fdc32a6da4c14b4081d9ca61a89a7c86) (DefaultImporter) -> (artifact id: '490f0d4aede0a9c7b8a0a09ea028f7c5') in 0.0005746 seconds
Start importing Packages/com.unity.services.core/Editor/Core/Scheduler using Guid(0eb58e505d1d7a64dbb77f197ea72ebe) (DefaultImporter) -> (artifact id: '3070bc049693ccd3a812bb4a7ec68b1b') in 0.000468 seconds
Start importing Packages/com.unity.inputsystem/InputSystem/Plugins/OnScreen using Guid(0e49b0a8b53e45445979b3fa9604a35c) (DefaultImporter) -> (artifact id: '7ea8412743dcf4709bd89ebf770cfafd') in 0.0004965 seconds
Start importing Packages/com.unity.purchasing/Editor/Analytics/Helpers using Guid(0e9a016b6a4a0a541a51926ab864a6bf) (DefaultImporter) -> (artifact id: 'b39028b2bc4d7ba46f8ee14f1508d710') in 0.0005319 seconds
Start importing Packages/com.unity.collab-proxy/Editor/Views/Merge using Guid(0ecc4e2fc6e40a54fb97cab710a1dd41) (DefaultImporter) -> (artifact id: 'd576f09230528f0e56532c2d436973e8') in 0.0004761 seconds
Start importing Packages/com.unity.services.analytics/Runtime/Events/Transaction using Guid(1eed579c12674f90bf7a5a00cb71f54a) (DefaultImporter) -> (artifact id: '04b158eb0afaf62db2ea87f27f27b09d') in 0.0005046 seconds
Start importing Packages/com.unity.collab-proxy/Lib/Editor/Localization using Guid(2eb5ea14def0c1b4c8f1f287f85cab43) (DefaultImporter) -> (artifact id: 'eae6a1a49e9ef8392a31bbdadd7dc426') in 0.0012726 seconds
Start importing Packages/com.unity.collab-proxy/Editor/UI/UIElements using Guid(2e69b76b513515641800b4ffad031ae8) (DefaultImporter) -> (artifact id: '23a1680483cb230283e6219b75feb561') in 0.0004888 seconds
Start importing Packages/com.unity.xr.arfoundation/Runtime/Simulation/Plugins using Guid(3e045cf8959f643558adb056d03907b8) (DefaultImporter) -> (artifact id: '474f8043e732d818fef075d225dc0bc2') in 0.0005015 seconds
Start importing Packages/com.unity.xr.arfoundation/Editor/Simulation/Analytics using Guid(4ee91bce8ad984bd1b0e8f817dd7ab84) (DefaultImporter) -> (artifact id: '44e39058c5a08757711c0398bb9cba46') in 0.0005066 seconds
Start importing Packages/com.unity.collab-proxy/Editor/UI/Errors using Guid(4edf5537f8245134c8b023ab85d8e640) (DefaultImporter) -> (artifact id: 'd9454fd1541da0fce3ebf28470cbce50') in 0.0005018 seconds
Start importing Packages/com.unity.ide.rider/Rider/Editor/Util using Guid(5e726086cd652f82087d59d67d2c24cd) (DefaultImporter) -> (artifact id: '27435707a53a670a2559c8c9ba2c11a0') in 0.0004658 seconds
Start importing Packages/com.unity.xr.core-utils/Runtime/CapabilityProfile/Dictionary using Guid(5e9f162077efb1f47999f145871d9097) (DefaultImporter) -> (artifact id: '49a164c60eae214b5ee4e4f61755199b') in 0.0005617 seconds
Start importing Packages/com.unity.purchasing/Editor/Obfuscation/UI using Guid(6ef51284a2f2e614698688f02135463f) (DefaultImporter) -> (artifact id: 'cf000625a7ad79388a93356912d48096') in 0.0006407 seconds
Start importing Packages/com.unity.inputsystem/InputSystem/Plugins/DualShock using Guid(6eefa91e7a89647338245ee3818141d1) (DefaultImporter) -> (artifact id: 'c18ff5c4c2c9c2feecd06007584fcf6c') in 0.0007348 seconds
Start importing Packages/com.unity.xr.core-utils/Editor/Analytics/CoreUtilsAnalytics using Guid(7ebb72c361215e847825cb9b0a224f95) (DefaultImporter) -> (artifact id: '514199862b792c624f39310c6f3ffd57') in 0.0005416 seconds
Start importing Packages/com.unity.services.core/Runtime/Core/Utils using Guid(8ec5ff42a19804f12b6f36016197b5e8) (DefaultImporter) -> (artifact id: 'a072ef59f7fb6528f7ecb22d043e5e06') in 0.0004858 seconds
Start importing Packages/com.unity.test-framework/UnityEditor.TestRunner/UnityTestProtocol/Messages using Guid(9ea154c33fd8466f973f004e5c962df7) (DefaultImporter) -> (artifact id: 'd8ce3e034bebd7e36b2b6ecc121483da') in 0.0005174 seconds
Start importing Packages/com.unity.xr.arfoundation/Runtime/Simulation/Environment using Guid(9ed193f78c6b9bd48a4717dab2c1d1ff) (DefaultImporter) -> (artifact id: '870b5a86ddf2a08a65fa1b625bcefa8b') in 0.0005412 seconds
Start importing Packages/com.unity.collab-proxy/Editor/UI/UndoRedo using Guid(aed2b943076bcc2498a95dbd61af50da) (DefaultImporter) -> (artifact id: '28ceabb974a2c531d0b6749fed7fe987') in 0.0004535 seconds
Start importing Packages/com.unity.collab-proxy/Editor/UI/Progress using Guid(be4a999efc9d629458e92bbcbe233d1d) (DefaultImporter) -> (artifact id: '16b1878cb0d2e4ad811bf5cac9589c27') in 0.000747 seconds
Start importing Packages/com.unity.collab-proxy/Editor/Assets/Layouts using Guid(ceb47f1768ea33a4984627a59921a4ee) (DefaultImporter) -> (artifact id: 'e6ec859d3804be6717c4d1327d2c1ef0') in 0.0005663 seconds
Start importing Packages/com.unity.purchasing/Plugins/UnityPurchasing/Android using Guid(ce48751bddc190e4a902e1e189249ec5) (DefaultImporter) -> (artifact id: '386b3cf9ebf2ec4792c8501ff49131b1') in 0.0005333 seconds
Start importing Packages/com.unity.test-framework/UnityEngine.TestRunner/Utils/MonoBehaviourTest using Guid(ce8da628f68c7594b8b9a597fa52db7b) (DefaultImporter) -> (artifact id: '2d38e1309f0ea79159d19d1fe0eb6c3d') in 0.000509 seconds
Start importing Packages/com.unity.timeline/Editor/Manipulators/Sequence using Guid(dec586c160776104da4d9a4e472662bc) (DefaultImporter) -> (artifact id: '0549b7691b5c37eaf02b6adb58e6db3f') in 0.0006174 seconds
Start importing Packages/com.unity.ugui/Editor/TMP/HDRP using Guid(eecc124dc0b994047aac97ccf8c8ed0a) (DefaultImporter) -> (artifact id: '5b5397f7d63b0f449a7a5706eccb0297') in 0.0005159 seconds
Start importing Packages/com.unity.test-framework/UnityEditor.TestRunner/TestRunner/Utils using Guid(1f5bbb88ca730434483440cbc0278ef6) (DefaultImporter) -> (artifact id: 'd5d79cd3d4288070e6bddcbfc9c58d29') in 0.0007237 seconds
Start importing Packages/com.unity.timeline/Editor/StyleSheets/Images using Guid(5f603f10b9ec26841b2ecb6003dc1d0e) (DefaultImporter) -> (artifact id: '15435dbeb21a145e5ed0841e6f2de070') in 0.0005081 seconds
Start importing Packages/com.unity.inputsystem/InputSystem/Controls/Processors using Guid(6fde91b0a4ee45cd86be18a8d829dc87) (DefaultImporter) -> (artifact id: '61aaf28ed6dc86dfb0b94b2793ac2b04') in 0.0005381 seconds
Start importing Packages/com.unity.ugui/Runtime/UGUI/EventSystem using Guid(7f27709c942d91541be1fd6aa5cb3d78) (DefaultImporter) -> (artifact id: 'f0d60c8b7f149f215e5d223617964474') in 0.0005429 seconds
Start importing Packages/com.unity.xr.arcore/Tests/Editor/Assets using Guid(9f4210107c0cb4cdba8853e3c7a14f7a) (DefaultImporter) -> (artifact id: '39d98c0387ba6ce9f2472cb6806cd26e') in 0.0005243 seconds
Start importing Packages/com.unity.inputsystem/InputSystem/Utilities/Observables using Guid(9f8944bd1ba848ab8f95afe7acfb4b79) (DefaultImporter) -> (artifact id: '4b45e311302f219ff3f4e6ba9c8015a5') in 0.0007567 seconds
Start importing Packages/com.unity.ugui/Editor/UGUI/Properties using Guid(cf97e54bcd5479a46bdbade48da047cc) (DefaultImporter) -> (artifact id: 'bcc5e4cf73302b79631566aee946fa3b') in 0.0005337 seconds
Start importing Packages/com.unity.inputsystem/InputSystem/Plugins/UnityRemote using Guid(cf0897af2cae4ebbaf8b79eaae98fb08) (DefaultImporter) -> (artifact id: 'f6e14f914703df2429535efe0201306a') in 0.0004959 seconds
Start importing Packages/com.unity.collab-proxy/Editor/_Deprecated/CollabMigration using Guid(ef074903871b8b64d856ee0a54f14a7c) (DefaultImporter) -> (artifact id: '393a3102838fe3425258fd2d42b211c6') in 0.0005105 seconds
Start importing Packages/com.unity.inputsystem/InputSystem/Plugins/EnhancedTouch using Guid(ef4b66ea93dd243a783c32ab1da39fc4) (DefaultImporter) -> (artifact id: '8c0744b36938aa8a5335b8ec17709615') in 0.0004476 seconds
Start importing Packages/com.unity.purchasing/Runtime/Stores/Util using Guid(ff86b10e75eb427998d8c6ac2b48b7ba) (DefaultImporter) -> (artifact id: '4a1bfaa581f25f0c2a26bfe46ca85990') in 0.0005453 seconds
Start importing Packages/com.unity.purchasing/Editor/Common/Entity using Guid(ffc6ef13360bef54387f9b1e6c95778f) (DefaultImporter) -> (artifact id: '1840a87e3592136aa4678c26ada0bb6e') in 0.0004898 seconds
Start importing Packages/com.unity.collab-proxy/Editor/Diff/Text using Guid(ffaef7825f6e4fa2ad277b30964412a3) (DefaultImporter) -> (artifact id: '3feb3e084485bec6c3f0b375a2d2ecf7') in 0.0004765 seconds
Start importing Packages/com.unity.ugui/Tests/Runtime/UGUI/Image using Guid(1091bc2ad06e3234aac2b2fa2841c09d) (DefaultImporter) -> (artifact id: '94034d6d07fdc201b83d5943f5af1dca') in 0.0004817 seconds
Start importing Packages/com.unity.ugui/Tests/Editor/UGUI/RectMask2D using Guid(305ca32be1aa5504aa182f583895dfe4) (DefaultImporter) -> (artifact id: '5feb8431e6a2647400681c0df4eb4982') in 0.0005007 seconds
Start importing Packages/com.unity.xr.core-utils/Editor/CapabilityProfile/Dictionary/Drawers using Guid(80f13ca010bb8b94c8ba3e12c0cb4420) (DefaultImporter) -> (artifact id: '56656842545eb7515728716b93e76499') in 0.000539 seconds
Start importing Packages/com.unity.timeline/Editor/StyleSheets/Images/DarkSkin using Guid(21b6b069ae021364ab45e1094807ec98) (DefaultImporter) -> (artifact id: 'f049ab2f6b411c9f97c3ef7608afee8d') in 0.0004795 seconds
Start importing Packages/com.unity.collab-proxy/Editor/Views/BranchExplorer/Menu using Guid(4198868b7a6f4b29aee31bc2cd593c1e) (DefaultImporter) -> (artifact id: '49eaf7749d47261d850038e38e6dee7b') in 0.0004807 seconds
Start importing Packages/com.unity.services.core/Editor/Core/Shared/Clients using Guid(71938c5983b844220988ffeb611b6e63) (DefaultImporter) -> (artifact id: '3e454e55da2a3a8c7bc043260213050c') in 0.0004554 seconds
Start importing Packages/com.unity.services.core/Editor/Core/Shared/EditorUtils using Guid(91c12861442224273a355776aa7d52d8) (DefaultImporter) -> (artifact id: '45b92f7e949ff0af48a83257038ae33d') in 0.0004503 seconds
Start importing Packages/com.unity.services.core/Editor/Core/ProjectBindRedirect/UXML using Guid(a154e7480f584273907eec04ec6c97d0) (DefaultImporter) -> (artifact id: '4f2a9e99bd0085b63224f8081c0eefd1') in 0.000487 seconds
Start importing Packages/com.unity.purchasing/Runtime/Purchasing/CoreServices/Environment using Guid(b14977ef2ec227e489cfe20ffaf121dd) (DefaultImporter) -> (artifact id: 'a09553f73259f3c01c7cea74dc82a8d2') in 0.0004607 seconds
Start importing Packages/com.unity.services.core/Editor/Core/EditorGameService/USS using Guid(c1badd287b3d9486b989e6861643165b) (DefaultImporter) -> (artifact id: '62bf4ad4d61b19343c06f5c31851cd3f') in 0.0005024 seconds
Start importing Packages/com.unity.ugui/Tests/Editor/UGUI/InputField using Guid(c16c54fe03afb5740bcc0a2a295cb79d) (DefaultImporter) -> (artifact id: 'f2549288d5f830259850c3bed852b8b1') in 0.0005625 seconds
Start importing Packages/com.unity.ugui/Runtime/UGUI/UI/Core using Guid(12c42068351bb084abde965d725b9887) (DefaultImporter) -> (artifact id: 'cacc7f0504c10a89d30473ce3cb13775') in 0.0007676 seconds
Start importing Packages/com.unity.collab-proxy/Editor/UVCSToolbar/PopupWindow/Operations using Guid(22d315e8026b2304fb40b8cc8fdc1dac) (DefaultImporter) -> (artifact id: '9eb5b90aeedb9dfdfa17571c65449196') in 0.000681 seconds
Start importing Packages/com.unity.collab-proxy/Editor/Diff/Asset/Content using Guid(324df26159c3d422783de457f2915b96) (DefaultImporter) -> (artifact id: '22de80fd00e0d7b2aa2dfdf449fa0601') in 0.0005477 seconds
Start importing Packages/com.unity.purchasing/Runtime/Purchasing/Analytics/Interfaces using Guid(421f0f56ec1e4dc5a8cb03f0d55e19cf) (DefaultImporter) -> (artifact id: '643869b57d44289169ad6925862f293f') in 0.0005047 seconds
Start importing Packages/com.unity.services.core/Runtime/Core.Internal/Components/Threading using Guid(72cfb564f8b25174e87a90f7eb44ca04) (DefaultImporter) -> (artifact id: '209bb0997ae446444df442734d9be2f7') in 0.0005515 seconds
Start importing Packages/com.unity.ugui/Tests/Runtime/UGUI/Toggle using Guid(e210c8bf2e9c6514d90a1bd77586af1f) (DefaultImporter) -> (artifact id: 'dbc3a78b1232d980c5eec42316701d59') in 0.0005126 seconds
Start importing Packages/com.unity.collab-proxy/Lib/Editor/TextMateSharp/Onigwrap using Guid(03c97d2f23ded48079ad5fe5e05367e2) (DefaultImporter) -> (artifact id: '4231457a1cc907a18c0b1063bbf5c042') in 0.000475 seconds
Start importing Packages/com.unity.xr.arfoundation/Tests/Runtime/ARFoundation/PointCloudSubsystem using Guid(131c4f47312954998bd2a03e22b74113) (DefaultImporter) -> (artifact id: 'c1bfa0bcbbd7034c60fcd703bb3cca98') in 0.000558 seconds
Start importing Packages/com.unity.collab-proxy/Editor/UVCSToolbar/PopupWindow/BranchesList using Guid(132f4852ac624340a1662611b86b2bf7) (DefaultImporter) -> (artifact id: '31cf33d27a79dfa687ab6d59171f32bb') in 0.0004954 seconds
Start importing Packages/com.unity.purchasing/Editor/ServiceProjectSettings/UI/Views using Guid(23a51fcab5c15491ea9b1b3151d02562) (DefaultImporter) -> (artifact id: '9627f97cff52dfd21ec55840da586f12') in 0.0005269 seconds
Start importing Packages/com.unity.ugui/Tests/Runtime/UGUI/Button using Guid(239dd6edc8e5cd14585c03e09e86a747) (DefaultImporter) -> (artifact id: 'ac27d701a2faade0a9eb1621f0aeec9d') in 0.0005337 seconds
Start importing Packages/com.unity.services.core/Runtime/Core.Internal/Components/Qos using Guid(332ad2f567fa467f945149fb7fabb67e) (DefaultImporter) -> (artifact id: 'f0651f7797ffbfd4f2756bbdf764b1f5') in 0.0005129 seconds
Start importing Packages/com.unity.ugui/Tests/Runtime/UGUI/ScrollBar using Guid(43b1467da3d29ae4597a733828cdd84a) (DefaultImporter) -> (artifact id: '9d24d5339ee40185803e2696afc4766b') in 0.0004916 seconds
Start importing Packages/com.unity.purchasing/Runtime/Purchasing/CoreServices/Interfaces using Guid(83b14ff67c40407fb8772d37e2961a3d) (DefaultImporter) -> (artifact id: '6fd1904e26e8c670ffd4b30f1a7f9989') in 0.0005213 seconds
Start importing Packages/com.unity.ugui/Tests/Runtime/UGUI/Graphic using Guid(8313ea704470a264295ec9e09aec6ebc) (DefaultImporter) -> (artifact id: '08e82deac7b1e19a2c784e9398edc209') in 0.0004867 seconds
Start importing Packages/com.unity.collab-proxy/Editor/Diff/Asset/Common using Guid(83dbde7dc514d4e839b561f0df9bcad3) (DefaultImporter) -> (artifact id: 'a3ce301dec5df155bd5175fe523b1872') in 0.00049 seconds
Start importing Packages/com.unity.ugui/Tests/Runtime/UGUI/TextEditor using Guid(93effba7cf7f3824ab0bd048a27a9c02) (DefaultImporter) -> (artifact id: '8eef0647cc6fb4855db6a46795a64f66') in 0.0004926 seconds
Start importing Packages/com.unity.services.core/Runtime/Core.Internal/Components/Scheduler using Guid(a38057f3b0350493ca2bf521021d2c83) (DefaultImporter) -> (artifact id: '2f366997b481d824a54879dfc89dfefa') in 0.0005079 seconds
Start importing Packages/com.unity.services.core/Editor/Core/EditorGameService/Analytics using Guid(b315fd610cdac4a2c9761c472c2813b2) (DefaultImporter) -> (artifact id: '418a19fb327f4ce153790f8169a8e1b3') in 0.000498 seconds
Start importing Packages/com.unity.ugui/Runtime/UGUI/EventSystem/EventData using Guid(b3cdabf2f1e76854d8aab5930305d70d) (DefaultImporter) -> (artifact id: '8277f8c996e87ca284549912a55a6cd9') in 0.0005694 seconds
Start importing Packages/com.unity.services.core/Editor/Core/Utils/OrganizationHandler using Guid(c322cfeea9a20cf4ba4aa4fe620d3745) (DefaultImporter) -> (artifact id: 'b278d9d71428b2de07a07c027f93d8bf') in 0.0005254 seconds
Start importing Packages/com.unity.xr.arfoundation/Runtime/Simulation/Subsystems/Anchors using Guid(e30a7951dff1c3a48a7c9a8666a0be16) (DefaultImporter) -> (artifact id: 'bcea4a50ac33b97b50321e1adeef9dab') in 0.0004796 seconds
Start importing Packages/com.unity.multiplayer.center/Editor/MultiplayerCenterWindow/UI/Icons using Guid(34a09eb4d6e8d44989194a25525c5147) (DefaultImporter) -> (artifact id: '6eef5c1301b509ae1757bc36a5ed6ea8') in 0.0005385 seconds
Start importing Packages/com.unity.purchasing/Editor/ServiceProjectSettings/Service/Networking using Guid(440d55a7482fcea48aebc52c67e1b28b) (DefaultImporter) -> (artifact id: '5d798100a38b1e4ea5369dca73ad7c0f') in 0.0004887 seconds
Start importing Packages/com.unity.ugui/Runtime/UGUI/UI/Animation using Guid(5472815444de2ce45bf2053a4af04b9d) (DefaultImporter) -> (artifact id: '41463e8550df76b3752941ecf4af4827') in 0.0005441 seconds
Start importing Packages/com.unity.test-framework/UnityEditor.TestRunner/TestRun/Tasks/Player using Guid(94a6220ee1a442249702c9df66e0fe1b) (DefaultImporter) -> (artifact id: 'f827ae25f95ca0b2387aab13d0de9e87') in 0.0005937 seconds
Start importing Packages/com.unity.services.core/Editor/Core/Environments/Save using Guid(b4f3e14b8bd74e76b23e74804880c321) (DefaultImporter) -> (artifact id: 'cb1abfee556b0087b704c18e783e2ab5') in 0.0004813 seconds
Start importing Packages/com.unity.services.core/Editor/Core/Shared/UI using Guid(b4fc3055cf6dc4fafbc6b9127838f447) (DefaultImporter) -> (artifact id: 'de44c1ed2c78f20e6d2b319783881adf') in 0.0004524 seconds
Start importing Packages/com.unity.collab-proxy/Editor/CloudDrive/Workspaces/DirectoryContent using Guid(158cb24897c04303a383697ef5349bc9) (DefaultImporter) -> (artifact id: '193f11733a362a51a0b007fbbcb179cc') in 0.0005207 seconds
Start importing Packages/com.unity.inputsystem/InputSystem/Plugins/XR/Controls using Guid(25ea971cc17caa84a8a2fdf9917af7b4) (DefaultImporter) -> (artifact id: '550d46a4f8a6c3ccc74983dd9b1dbf29') in 0.0004794 seconds
Start importing Packages/com.unity.timeline/Editor/StyleSheets/Images/Shared using Guid(456d458547ae36d44a13d4a4682f0441) (DefaultImporter) -> (artifact id: 'bbd7884f11bf6b600c36aceb964dfa6f') in 0.000513 seconds
Start importing Packages/com.unity.collab-proxy/Editor/Views/BranchExplorer/Game using Guid(55c9ef176d464ba492d271e2b2c6cef1) (DefaultImporter) -> (artifact id: 'a744ebec5b1dff36733d5c5b395c34d9') in 0.000493 seconds
Start importing Packages/com.unity.services.core/Editor/Core/UiHelpers/UXML using Guid(7544fa69cc53c4bd7baedbac7a3725b4) (DefaultImporter) -> (artifact id: '286c884341e5e323a9f75e0facac99ee') in 0.0008233 seconds
Start importing Packages/com.unity.inputsystem/InputSystem/Plugins/XR/Haptics using Guid(8529451a1ee99484a891bdea2f5219f3) (DefaultImporter) -> (artifact id: '550e71914a9d11dbe52a1c14492c6758') in 0.0005828 seconds
Start importing Packages/com.unity.ugui/Tests/Runtime/UGUI/Slider using Guid(850af9f3bf6d14143baf2ecfbf25db52) (DefaultImporter) -> (artifact id: '437630b46a69623334e22a1b4d23d60a') in 0.0005163 seconds
Start importing Packages/com.unity.services.core/Editor/Core/Environments/UI using Guid(95717078cc4c64909b37d434fa201776) (DefaultImporter) -> (artifact id: '24fdde369a1668fb9f370fb3e45fa48d') in 0.0004763 seconds
Start importing Packages/com.unity.collab-proxy/Editor/Inspector/Properties/Changeset using Guid(95584824e8c94fafab24cbd922124aff) (DefaultImporter) -> (artifact id: 'a34a5f3be9659557538573d4bded2f15') in 0.0004733 seconds
Start importing Packages/com.unity.xr.arfoundation/Tests/Runtime/ARFoundation/AnchorSubsystem using Guid(a50b3258cb19a4ac7b897c13dabccf3e) (DefaultImporter) -> (artifact id: 'afb6619c1801a05e880d0b21a9928987') in 0.0004781 seconds
Start importing Packages/com.unity.purchasing/Editor/Analytics/Helpers/GameServices using Guid(c5b5164b677238e4bb3849b8116a9f5a) (DefaultImporter) -> (artifact id: 'b192959d59ec6cd9c6b47dfceec0a8a9') in 0.0006291 seconds
Start importing Packages/com.unity.collab-proxy/Editor/Diff/Asset/Diff using Guid(c52dccb0f71c4bc0b587555b3017d7ec) (DefaultImporter) -> (artifact id: 'fa811dc6ed5e8f9d61af3e4f025185a9') in 0.0004944 seconds
Start importing Packages/com.unity.services.core/Runtime/Core.Internal/Components/Analytics using Guid(e5bcbad422c32d240b4dae8cdd6123fd) (DefaultImporter) -> (artifact id: '5e56bb78d8a3619df169ceed73fb42dd') in 0.0008605 seconds
Start importing Packages/com.unity.services.core/Editor/Core/UiHelpers/USS using Guid(f5a82d89366f47d69dc69ae0f6cf29bf) (DefaultImporter) -> (artifact id: 'eea1bef5e27357613c92016a58b1fe3a') in 0.0006561 seconds
Start importing Packages/com.unity.collab-proxy/Editor/Inspector/Properties/Branch using Guid(06657c386ba945c2a6e83c5e1d0f04d4) (DefaultImporter) -> (artifact id: 'ca1f0bc7cff3b5b18fd33721936c6278') in 0.0005087 seconds
Start importing Packages/com.unity.collab-proxy/Editor/Views/Branch/Dialogs using Guid(16e16045695760047a9bd172458c5d6b) (DefaultImporter) -> (artifact id: 'd11097510ca5c0af5e0173c6157830b9') in 0.000559 seconds
Start importing Packages/com.unity.timeline/Editor/treeview/Drawers/Layers using Guid(16388ae022a89264b84107f0c1b44680) (DefaultImporter) -> (artifact id: 'ad0bafe21ec1f673fc941b25a10e230d') in 0.000483 seconds
Start importing Packages/com.unity.services.core/Editor/Core/Linker/Models using Guid(26b7e6918d8f4dfe909139d0cede1010) (DefaultImporter) -> (artifact id: '3de803b641aacdf99284b30e75226045') in 0.0006257 seconds
Start importing Packages/com.unity.services.core/Runtime/Core.Internal/Components/Vivox using Guid(36565a93e739cba4d8afed38abe79811) (DefaultImporter) -> (artifact id: '013b51e053ef36e2396c2ad2e9c8aeb9') in 0.0004926 seconds
Start importing Packages/com.unity.purchasing/Runtime/Purchasing/Analytics/Legacy using Guid(467209943d36403b8ed15c3412dbbe78) (DefaultImporter) -> (artifact id: '26d012be5260ca6eea4ce71a5096adc6') in 0.0004895 seconds
Start importing Packages/com.unity.ugui/Runtime/UGUI/EventSystem/Raycasters using Guid(46646a5562f14984690c85ee7b946bc9) (DefaultImporter) -> (artifact id: 'e72938d8295fecfa581dc14542b5af2f') in 0.0005088 seconds
Start importing Packages/com.unity.inputsystem/InputSystem/Editor/UITKAssetEditor/Commands using Guid(665321577aaff5344b5a12d626dfcaf7) (DefaultImporter) -> (artifact id: '5b304eab01782439182742f7695f71f1') in 0.0006565 seconds
Start importing Packages/com.unity.collab-proxy/Editor/Configuration/CloudEdition/Welcome using Guid(86d9084a265d35f4db65c4e31e0b6769) (DefaultImporter) -> (artifact id: 'c2aa41e7b16d65bee68adaead959b615') in 0.0006321 seconds
Start importing Packages/com.unity.collab-proxy/Editor/Views/BranchExplorer/Virtualization using Guid(866a510ec3904e9e8f97f69b71e8afb7) (DefaultImporter) -> (artifact id: '9dc86247cd8a4a2d16557a2101d5f864') in 0.0005838 seconds
Start importing Packages/com.unity.xr.arfoundation/Editor/ARFoundation/Analytics/Hooks using Guid(a6c6560a0031a467383b9ca63e69948b) (DefaultImporter) -> (artifact id: '8a93659d387b278bfa5b1e93f7178207') in 0.0005145 seconds
Start importing Packages/com.unity.collab-proxy/Editor/Inspector/Properties/Label using Guid(f6e1f4a705074105b682329d9d1fe334) (DefaultImporter) -> (artifact id: '548e13d27c12775b958f056d8560b94b') in 0.000494 seconds
Start importing Packages/com.unity.collab-proxy/Editor/Views/Changesets/Dialogs using Guid(f6775e7645049b4478095242eda447ce) (DefaultImporter) -> (artifact id: '735ffa3eada6e26d2933e17ccda90a6d') in 0.0004945 seconds
Start importing Packages/com.unity.collab-proxy/Editor/Views/BranchExplorer/Options using Guid(2776f6f742dcf4152961582e21e6dd88) (DefaultImporter) -> (artifact id: '03cee8197fb52f03d32da5f6d2881607') in 0.0004679 seconds
Start importing Packages/com.unity.xr.arfoundation/Runtime/VisualScripting/Units/Events using Guid(472ce4a31295e4f1eb38d08b55758cbf) (DefaultImporter) -> (artifact id: '64fba150e0c8ff19dc2ed8517f6b5e1e') in 0.000501 seconds
Start importing Packages/com.unity.services.core/Editor/Core/Environments/Settings using Guid(77b2992c427804e15ac922a1891ebe57) (DefaultImporter) -> (artifact id: '43c8683667c32f0a3fcd18ceccf18afd') in 0.0005016 seconds
Start importing Packages/com.unity.xr.arfoundation/Runtime/Simulation/Plugins/windows-x64 using Guid(77e98d6d245941242894ff6f17ee6190) (DefaultImporter) -> (artifact id: '83d6fad4cd1a00cf106d88ac12c0da29') in 0.0005421 seconds
Start importing Packages/com.unity.xr.arfoundation/Runtime/Simulation/Subsystems/Occlusion using Guid(87f3250b490f18d498f85044f18389c1) (DefaultImporter) -> (artifact id: '17c8d7aacfc025ac2c15857855881695') in 0.0005613 seconds
Start importing Packages/com.unity.xr.arfoundation/Tests/Runtime/ARFoundation/RaycastSubsystem using Guid(87d4f64e2ea2a4e629e5af6086dd9cf0) (DefaultImporter) -> (artifact id: '1546395caa76207521fdc32f6a2374ff') in 0.0004935 seconds
Start importing Packages/com.unity.collab-proxy/Editor/Views/Merge/Developer using Guid(97b1b110b0cf5ec428f9553e02bb7c03) (DefaultImporter) -> (artifact id: '7ce55754f896b9ba0f7d9d55221c98ed') in 0.0007669 seconds
Start importing Packages/com.unity.services.core/Runtime/Core.Internal/Components/Configuration using Guid(c7fcd0b25211b4456841ec71fd8a103c) (DefaultImporter) -> (artifact id: 'aa67426d6d9305722b6ea93a64c68c41') in 0.001037 seconds
Start importing Packages/com.unity.services.core/Runtime/Core.Internal/Components/Device using Guid(d7e60a737f3cb463e9a120fbe29854e8) (DefaultImporter) -> (artifact id: 'bb61f6466811bf06fbba0ff3f947d943') in 0.0005189 seconds
Start importing Packages/com.unity.ugui/Tests/Editor/UGUI/UI using Guid(e7689eda3a8b1a847a8b197dbe90d9a6) (DefaultImporter) -> (artifact id: '5d2bcf29f5611fa4f2365298e1243e46') in 0.000474 seconds
Start importing Packages/com.unity.collab-proxy/Editor/Views/BranchExplorer/Drawing using Guid(08971b3b50484acd81bdf19e0b4beb5f) (DefaultImporter) -> (artifact id: '90d94ec7b9e73ea4d7ef1ddf2ae80413') in 0.0005653 seconds
Start importing Packages/com.unity.collab-proxy/Editor/Views/Merge/Gluon using Guid(184012b39edc5c7468c23f916818433e) (DefaultImporter) -> (artifact id: '7afc809918ccbdd35fa2aa8aea81d2e6') in 0.0006052 seconds
Start importing Packages/com.unity.collab-proxy/Editor/Views/BranchExplorer/Zoom using Guid(1857bdcfefb34a498e359de3fee84b3c) (DefaultImporter) -> (artifact id: 'ca8069568dacfe5e10d517b1bd6d1716') in 0.0004884 seconds
Start importing Packages/com.unity.inputsystem/InputSystem/Editor/UITKAssetEditor/PackageResources using Guid(7894838fa258e3a4197077ddbda0eec5) (DefaultImporter) -> (artifact id: 'd3cae844ad6d2a8c0d53dd29272c43a2') in 0.0005225 seconds
Start importing Packages/com.unity.ugui/Tests/Editor/UGUI/EventSystem using Guid(98d14ab1acf42df4f88a0561822ac807) (DefaultImporter) -> (artifact id: 'bcce928e3f5b35dd22455a42941bc8ae') in 0.0004678 seconds
Start importing Packages/com.unity.services.core/Editor/Core/Shared/Infrastructure using Guid(a8e64265b126d4a479f3d0f27c7338c2) (DefaultImporter) -> (artifact id: 'ea7d6f75c71d241a2b17b0f39dc518c1') in 0.0004819 seconds
Start importing Packages/com.unity.ugui/Tests/Editor/UGUI/Canvas using Guid(b86b117346968ac4d9cc63e4385becb7) (DefaultImporter) -> (artifact id: '62133acf800fdf2d38044a65fa104ffd') in 0.0004906 seconds
Start importing Packages/com.unity.services.core/Runtime/Core.Internal/Components/Authentication using Guid(c8f15537a1ce54d2cb26811d0da5627a) (DefaultImporter) -> (artifact id: 'bbe3c774d5eeae06f9b7bbb87f88bb87') in 0.000491 seconds
Start importing Packages/com.unity.collab-proxy/Editor/Views/PendingChanges/Changelists using Guid(090403d21f0cddf46805f00282634419) (DefaultImporter) -> (artifact id: 'a0f0b03a4fdccf543d72ec7e4192719e') in 0.0006518 seconds
Start importing Packages/com.unity.purchasing/Runtime/Stores/Android/Common using Guid(0918f92c37df94ccfb7fa9922c19147c) (DefaultImporter) -> (artifact id: 'c0a807f43af5219c06732e15cc288f52') in 0.0005967 seconds
Start importing Packages/com.unity.test-framework/UnityEditor.TestRunner/TestRun/Tasks/Scene using Guid(692476ac695e7b74a8d9eabd48862009) (DefaultImporter) -> (artifact id: 'c93fad50921024025a405a0a862090ff') in 0.0005525 seconds
Start importing Packages/com.unity.xr.arfoundation/Runtime/Simulation/Subsystems/ImageTracking using Guid(89bc2d7737aac452590a1778afed30ee) (DefaultImporter) -> (artifact id: '3226fd6515c592fdccd019c81f4c5f4e') in 0.0005335 seconds
Start importing Packages/com.unity.services.core/Editor/Core/UiHelpers/Images using Guid(99ef0537e3a64f2a9d41d9de53451790) (DefaultImporter) -> (artifact id: '90459d653ad45c8b5efb264ecc2b580e') in 0.0005286 seconds
Start importing Packages/com.unity.xr.arfoundation/Runtime/Simulation/Subsystems/PointCloud using Guid(a9d3dc17d9fd144f8a25f9dcb60b6fcd) (DefaultImporter) -> (artifact id: '36b060a556727b39ed59c6b5a8aef0f2') in 0.000519 seconds
Start importing Packages/com.unity.timeline/Editor/StyleSheets/Images/Icons using Guid(a90603761ea3d8449a60aebebd202228) (DefaultImporter) -> (artifact id: '1b67c73864fad93434e573e2d9e00d9d') in 0.0005407 seconds
Start importing Packages/com.unity.purchasing/Runtime/Stores/Android/AmazonAppStore using Guid(a9c91b4e01ff41cab87e8e12fc97cad0) (DefaultImporter) -> (artifact id: 'd55d9bc092a9c021ceef81dc5c3bacd5') in 0.0005164 seconds
Start importing Packages/com.unity.services.core/Editor/Core/Environments/Config using Guid(a91c61f0884c4fdc917bfed03fdbe325) (DefaultImporter) -> (artifact id: '0a4b5965bc37e494417090698fb6eb58') in 0.0004795 seconds
Start importing Packages/com.unity.services.core/Runtime/Core.Internal/Components/Wire using Guid(b9bc5cd0bdb9d4676878ddd8f116adfa) (DefaultImporter) -> (artifact id: 'dd3b885ae0d901ad8e03a8ce7f9eb8b6') in 0.0005142 seconds
Start importing Packages/com.unity.test-framework/UnityEditor.TestRunner/TestRun/Tasks/Platform using Guid(d973b7805df545bdae3986ab72a6c2e8) (DefaultImporter) -> (artifact id: '20a6de28fd8aedef407457a6ca2d05cd') in 0.0006643 seconds
Start importing Packages/com.unity.xr.arfoundation/Runtime/Simulation/Subsystems/Plane using Guid(d9a42b4386f714278b7b6b3ea042e246) (DefaultImporter) -> (artifact id: 'eba642aaa22e7d3438d04ab0d3235dc0') in 0.0006191 seconds
Start importing Packages/com.unity.xr.arfoundation/Runtime/Simulation/Plugins/windows-arm64 using Guid(d91ae87510586cd4ab236f6b9af3fcfc) (DefaultImporter) -> (artifact id: '6d2922ccc0a3040bc5005f5816305fae') in 0.0006057 seconds
Start importing Packages/com.unity.ugui/Tests/Editor/UGUI/UnityEvent using Guid(e90cc37a5ccf4a44dbecc5b7172ec512) (DefaultImporter) -> (artifact id: 'a0ce3d4c23b3d1b988cb587e10b1d85e') in 0.0005173 seconds
Start importing Packages/com.unity.collab-proxy/Editor/Views/PendingChanges/PendingMergeLinks using Guid(e91cd01ab44d05b4fabcebe1e4ce2ebe) (DefaultImporter) -> (artifact id: '7e0fcf8d28f6af199ccf4f73317e1441') in 0.0005122 seconds
Start importing Packages/com.unity.collab-proxy/Editor/CodeEditor/Indentation/CSharp using Guid(e94d841ac526d47e18fcda89e02906be) (DefaultImporter) -> (artifact id: 'fbf724b74bc96479d5c5331343f71eac') in 0.0005431 seconds
Start importing Packages/com.unity.xr.arfoundation/Runtime/Simulation/Subsystems/Meshing using Guid(f923722ef1cb33145b03f35e20f37370) (DefaultImporter) -> (artifact id: '7b4621884808b0b40f03f2fe7b9b71af') in 0.000509 seconds
Start importing Packages/com.unity.services.core/Editor/Core/ProjectBindRedirect/USS using Guid(0ae1e28585e54ec3beb5b599a85bde59) (DefaultImporter) -> (artifact id: '99f82d265c6d086761b1a4733acae0fd') in 0.0008591 seconds
Start importing Packages/com.unity.xr.arfoundation/Tests/Runtime/ARFoundation/SessionSubsystem using Guid(1aa5d403eadbb4c6189869d1065dc401) (DefaultImporter) -> (artifact id: '995d9e812f08a8febc31a6487e9815e9') in 0.0005439 seconds
Start importing Packages/com.unity.purchasing/Runtime/Stores/Android/GooglePlay using Guid(1ad82a21ae8d4628a2c8fc75cd21b98c) (DefaultImporter) -> (artifact id: '8af7089ad4f1845f057d33a8e222bcfd') in 0.0004709 seconds
Start importing Packages/com.unity.xr.arfoundation/Tests/Runtime/ARFoundation/PlaneSubsystem using Guid(1ade60ed33a0d4c309ca0793b9deb5a9) (DefaultImporter) -> (artifact id: '2110fc9ee733f40df6c909c03857a340') in 0.0006772 seconds
Start importing Packages/com.unity.ugui/Tests/Runtime/UGUI/InputField using Guid(2a28c2fab6b1bb745a844ef6b908e7ee) (DefaultImporter) -> (artifact id: '9dad4aba2acb736bb41bd9f498f4a598') in 0.0005595 seconds
Start importing Packages/com.unity.collab-proxy/Editor/Views/Diff/Dialogs using Guid(3ac250bc549a212428286f328779be0e) (DefaultImporter) -> (artifact id: 'dce2ab8be65427ae23159f58dd1b9df6') in 0.0006979 seconds
Start importing Packages/com.unity.services.core/Runtime/Core.Internal/Registry/ServiceRegistry using Guid(6a81e6633d789fa42b32b038d0b9048d) (DefaultImporter) -> (artifact id: '7f9b4817f64760693d08f56a7b8a3f5d') in 0.0006034 seconds
Start importing Packages/com.unity.xr.arfoundation/Runtime/Simulation/Plugins/macos using Guid(6a4375a486b3942fc97922fe33d013a3) (DefaultImporter) -> (artifact id: 'f6304e236445daa58b68ea9f6d41ed0d') in 0.0005538 seconds
Start importing Packages/com.unity.services.core/Editor/Core/Utils/FileSystem using Guid(6adafc6fa7f741e8aca579de2c68c40a) (DefaultImporter) -> (artifact id: '28592a23806d9f866c857a58b37e2651') in 0.0005057 seconds
Start importing Packages/com.unity.inputsystem/InputSystem/Plugins/XR/Devices using Guid(7ada2e545c685b44a8367bdab267f0dc) (DefaultImporter) -> (artifact id: '627ee3817fcb0cf0ee8de9c6e9f272ab') in 0.0004394 seconds
Start importing Packages/com.unity.timeline/Editor/StyleSheets/Images/LightSkin using Guid(8ad9b938ad733e94ca95fe5a5c19a5b8) (DefaultImporter) -> (artifact id: 'd33daccf82d54aa3955d57531e22e547') in 0.0004967 seconds
Start importing Packages/com.unity.ugui/Tests/Runtime/UGUI/Canvas using Guid(9a3557da07c729b4eb774b8e30e157a4) (DefaultImporter) -> (artifact id: '81331dc77753752598b07804ea4cff62') in 0.0008723 seconds
Start importing Packages/com.unity.collab-proxy/Editor/Views/Labels/Dialogs using Guid(aaf37a5e30fbb9e4096ba67f72a4b8f1) (DefaultImporter) -> (artifact id: '93f110ade72129fcb8b82274add559cc') in 0.0005315 seconds
Start importing Packages/com.unity.ugui/Tests/Runtime/UGUI/Dropdown using Guid(bae197be297529d4fa735fbe7c91828d) (DefaultImporter) -> (artifact id: '2aa66bb1fd732c209bdffd9958207bc3') in 0.0007069 seconds
Start importing Packages/com.unity.multiplayer.center/Editor/MultiplayerCenterWindow/UI/RecommendationView using Guid(eab7f42d361b483aaa760c5909002312) (DefaultImporter) -> (artifact id: '8eb859fe06dd083b30bd9c27d3ce7755') in 0.0005431 seconds
Start importing Packages/com.unity.collab-proxy/Editor/Diff/Image/Toolbar using Guid(0b923e169a5f4f878c5dba1c299ee4ab) (DefaultImporter) -> (artifact id: 'd73d7bbd1fe414e991a47f38b2ec8a97') in 0.0005372 seconds
Start importing Packages/com.unity.ugui/Tests/Runtime/UGUI/MaskClipping using Guid(2bc8a181dfd9de24388de89bb8db7713) (DefaultImporter) -> (artifact id: '0a0c449a5ca7d42ce0c9a97eda0d4d04') in 0.0005405 seconds
Start importing Packages/com.unity.purchasing/Runtime/Purchasing/Utilites/Interfaces using Guid(4b607f6ea3fbb964aaae5333728e6971) (DefaultImporter) -> (artifact id: '22911522c0271a30367c1fa378360d04') in 0.0005308 seconds
Start importing Packages/com.unity.collab-proxy/Editor/CloudDrive/Workspaces/Tree using Guid(4bf7a307054547ce958185ee96f94aed) (DefaultImporter) -> (artifact id: '783c8e98d6b667dd6f6a9f5766208a86') in 0.0005286 seconds
Start importing Packages/com.unity.inputsystem/InputSystem/Editor/ControlPicker/Layouts using Guid(5b630b769a2a8aa499ce2d2093f40500) (DefaultImporter) -> (artifact id: '403e46b923f168d79c0a976305679f07') in 0.0004839 seconds
Start importing Packages/com.unity.purchasing/Runtime/Stores/Android/UDP using Guid(8ba10edc4a644f66baee9d7b0b4b9574) (DefaultImporter) -> (artifact id: '4d58f13522634e86b761c6bf99a3b0eb') in 0.0005479 seconds
Start importing Packages/com.unity.ugui/Tests/Runtime/UGUI/ScrollRect using Guid(9bedab6f9886aee42b33e424bffdb640) (DefaultImporter) -> (artifact id: 'a0e08ced210bbca101c3d35c258f23e3') in 0.0005762 seconds
Start importing Packages/com.unity.ugui/Tests/Runtime/UGUI/EventSystem using Guid(ab93e1a81defc3243a6e9cd0df3cb443) (DefaultImporter) -> (artifact id: '642b7155e0374f42426082344e328a0f') in 0.0004896 seconds
Start importing Packages/com.unity.services.core/Runtime/Core.Internal/Registry/ComponentRegistry using Guid(cb40388a6db89d3429128f7a969e3960) (DefaultImporter) -> (artifact id: '76f22fea0a59a5aafe98b8b1cbbadd58') in 0.000697 seconds
Start importing Packages/com.unity.2d.sprite/Editor/ObjectMenuCreation/DefaultAssets/Textures using Guid(eb4d405ba54724ef89c2fce638946c5d) (DefaultImporter) -> (artifact id: '034a1d20b776d23e715aaf38b13d1eb2') in 0.0005749 seconds
Start importing Packages/com.unity.purchasing/Editor/ServiceProjectSettings/Entity/Consts using Guid(fb3c827f34ee4439c8b97ac02dd861c9) (DefaultImporter) -> (artifact id: '80def73c3221c891fad6e7845dafc35e') in 0.0005502 seconds
Start importing Packages/com.unity.collab-proxy/Editor/Views/Filters/Date using Guid(0c30879ae42f70f42987bbf5be6eb7a4) (DefaultImporter) -> (artifact id: '71c3bfec0baa28ef2839ebc12f2e8af8') in 0.0005173 seconds
Start importing Packages/com.unity.purchasing/Editor/Analytics/Entity/GameServices using Guid(1ccb78b757be76c41a087f99c2b53025) (DefaultImporter) -> (artifact id: 'd4fef2a5f938a598d424699170c9a6c6') in 0.000487 seconds
Start importing Packages/com.unity.services.core/Runtime/Core.Internal/Components/Networking using Guid(2cbeea08e009b4f1d8f8b2786d63ca25) (DefaultImporter) -> (artifact id: 'f2b4d54a116543c98688413916c692e0') in 0.0005018 seconds
Start importing Packages/com.unity.purchasing/Runtime/Purchasing/Telemetry/Diagnostics using Guid(4c159872b38344158729ea584238d6e7) (DefaultImporter) -> (artifact id: '3da4e7b3427de6c93f5c8cc2f6af9828') in 0.0006127 seconds
Start importing Packages/com.unity.ugui/Tests/Editor/UGUI/Slider using Guid(4cfe5ade9a1375e40aed87618b92bd12) (DefaultImporter) -> (artifact id: '91a2980309d6499d37b364770f3dc35d') in 0.0005584 seconds
Start importing Packages/com.unity.collab-proxy/Editor/Diff/Image/Views using Guid(5c1340178d3942abb42c8b680d301bf1) (DefaultImporter) -> (artifact id: '75a1e7640f30502e6940155ee7217801') in 0.000607 seconds
Start importing Packages/com.unity.xr.arfoundation/Tests/Runtime/ARFoundation/CameraSubsystem using Guid(5c279d37d86d24255abd007f5c74ead5) (DefaultImporter) -> (artifact id: '6acbb23ae3c009a25fe5b89500b78613') in 0.000512 seconds
Start importing Packages/com.unity.inputsystem/InputSystem/Editor/Internal/AdvancedDropdown using Guid(5cdea6ae28e4a4b6ca0bb7506f88764c) (DefaultImporter) -> (artifact id: 'eca336dc6ca2b7d726720885b47884ac') in 0.0005159 seconds
Start importing Packages/com.unity.xr.arfoundation/Editor/Simulation/Analytics/Hooks using Guid(7c2436c85b7474a8785491f9d048d4ad) (DefaultImporter) -> (artifact id: '8266533da162c6569a4cca45a94769e2') in 0.0005357 seconds
Start importing Packages/com.unity.collab-proxy/Editor/CloudDrive/Workspaces/DragAndDrop using Guid(8ca43dc9595f9ff41b68d7bd4cc66c2f) (DefaultImporter) -> (artifact id: '12730dbd95bc808bef1cad91fffc3ee6') in 0.0004861 seconds
Start importing Packages/com.unity.xr.arfoundation/Runtime/Simulation/Subsystems/Raycast using Guid(bc81b5584f1204226a7bee3cd772ef6b) (DefaultImporter) -> (artifact id: '86883408a7a180d82c6ceec411e64e87') in 0.0005208 seconds
Start importing Packages/com.unity.ugui/Editor/UGUI/UI/PropertyDrawers using Guid(bc9aa6d5a7945f34882c442e9e201537) (DefaultImporter) -> (artifact id: '270b585cc009643c70718bcb5358bab0') in 0.0004849 seconds
Start importing Packages/com.unity.ugui/Tests/Runtime/UGUI/Layout using Guid(cc313cc004395df4a9884390556690a5) (DefaultImporter) -> (artifact id: '563d44d617bb73e3ce0b9367beb9f7f6') in 0.0005024 seconds
Start importing Packages/com.unity.test-framework/UnityEditor.TestRunner/TestRun/Tasks/Events using Guid(cca5935142d6c754f9ecdce1294f7079) (DefaultImporter) -> (artifact id: '1f81049cc8c4f238fec5f2b1ea887709') in 0.000641 seconds
Start importing Packages/com.unity.inputsystem/InputSystem/Editor/UITKAssetEditor/Views using Guid(2db76e4ad9537964994bd20263e1c379) (DefaultImporter) -> (artifact id: '55b765bc8bef98298d0dce9de6fd088a') in 0.0005178 seconds
Start importing Packages/com.unity.ugui/Tests/Runtime/UGUI/LayoutGroup using Guid(2d9b6ff056b6f484ba6500aa8e06bcf3) (DefaultImporter) -> (artifact id: '1c3147b292d515aadba03fbf6013744b') in 0.0005565 seconds
Start importing Packages/com.unity.ugui/Runtime/UGUI/EventSystem/UIElements using Guid(5dc64c943466a44498be3b620c743b45) (DefaultImporter) -> (artifact id: '96c94b86d87620112b8e860f107d8e93') in 0.00049 seconds
Start importing Packages/com.unity.services.core/Editor/Core/Configuration/Utils using Guid(9d40768769db740418c8c38de402d420) (DefaultImporter) -> (artifact id: '3013fe6eef7f46a44ddc89330569c5d9') in 0.0004777 seconds
Start importing Packages/com.unity.services.core/Editor/Core/Environments/Client using Guid(9defc866a340246dda5e2888c0aa5d7b) (DefaultImporter) -> (artifact id: 'f4bc9dc30c3f6501f99ae98c994d5898') in 0.0005112 seconds
Start importing Packages/com.unity.xr.arfoundation/Runtime/Simulation/Subsystems/CpuImage using Guid(add097fa9a8ed425c90fa582df17e994) (DefaultImporter) -> (artifact id: '75ad8fdc886255688faceb76ce045668') in 0.0005047 seconds
Start importing Packages/com.unity.services.core/Runtime/Core.Internal/Components/Environments using Guid(add07ed3db70146bea50b6a4f554e651) (DefaultImporter) -> (artifact id: 'f347156f061a2c7de61b2dbfb88a73df') in 0.0004956 seconds
Start importing Packages/com.unity.inputsystem/InputSystem/Editor/AssetEditor/PackageResources using Guid(ad61ded360bb0784b9301188fc603d6d) (DefaultImporter) -> (artifact id: '89b0b596240fab476c123f102a1ab111') in 0.000476 seconds
Start importing Packages/com.unity.purchasing/Plugins/UnityPurchasing/Android/IAPResolver using Guid(addd6e0c33c4c4a14bde70d9098537ae) (DefaultImporter) -> (artifact id: 'cf8dda82afe53ed2659718b3faa7e507') in 0.0005412 seconds
Start importing Packages/com.unity.services.core/Runtime/Core.Internal/Components/Telemetry using Guid(cdc4ee70299e74aba975054ebe4d3432) (DefaultImporter) -> (artifact id: '7cab8359bd7a327ee32e2fd57214cadd') in 0.0009914 seconds
Start importing Packages/com.unity.purchasing/Editor/ServiceProjectSettings/UI/UXML using Guid(1ea12b54fcec14738a8b2eb55ac6425f) (DefaultImporter) -> (artifact id: '4ad1721c26a535f365fddda194913ecb') in 0.0005763 seconds
Start importing Packages/com.unity.services.core/Runtime/Core.Internal/Registry/PackageRegistry using Guid(3e30cac7e0b708f4997401b616d76276) (DefaultImporter) -> (artifact id: 'e4618a7c56bbbe9d6cfba7c37d0cde96') in 0.0008336 seconds
Start importing Packages/com.unity.collab-proxy/Editor/Views/PendingChanges/Dialogs using Guid(6e70bba63d1604ffb90a65601cb8abae) (DefaultImporter) -> (artifact id: 'a218b36bcf5a045230093b8305c2659c') in 0.0005414 seconds
Start importing Packages/com.unity.collab-proxy/Editor/Assistant/UI/Interactions using Guid(6ed4af135d46444bb82543c0676535c8) (DefaultImporter) -> (artifact id: '901845f0d2fc4db0cb1fe678b47710e5') in 0.0005225 seconds
Start importing Packages/com.unity.purchasing/Editor/ServiceProjectSettings/UI/StyleSheets using Guid(8ee1ac16e2987421cb2657dd20ba755d) (DefaultImporter) -> (artifact id: '7be51645cb0b8e83a58ebfc9d25bb8ec') in 0.0007412 seconds
Start importing Packages/com.unity.ugui/Runtime/UGUI/EventSystem/InputModules using Guid(8e78f8a8575e4a04f8337a54e241cdc5) (DefaultImporter) -> (artifact id: 'cf1e069480532a8f3dc9085bfcf71e39') in 0.0004995 seconds
Start importing Packages/com.unity.services.core/Editor/Core/Environments/Analytics using Guid(8e39141d2b0d43b588706d73735a06c7) (DefaultImporter) -> (artifact id: 'bfc7faf10e3a9e42bfd607921f735988') in 0.0005139 seconds
Start importing Packages/com.unity.ugui/Tests/Editor/UGUI/CanvasRenderer using Guid(ae242449e9279d44789513b922d3178a) (DefaultImporter) -> (artifact id: 'ee5d432a1318ff51cc5f0f75759cfc19') in 0.000619 seconds
Start importing Packages/com.unity.collab-proxy/Editor/UI/UnityInternals/UnityEditor using Guid(ceb46eb2d5b64017b74f9fb0e50fdf1e) (DefaultImporter) -> (artifact id: '4db9f1f2ac03a462643c94640b50e956') in 0.0006825 seconds
Start importing Packages/com.unity.collab-proxy/Editor/Views/CreateWorkspace/Dialogs using Guid(cecb087091caedf48adcc1cd3b0ebd6d) (DefaultImporter) -> (artifact id: '095cb73a983b60f812ee00a9246086c3') in 0.0006127 seconds
Start importing Packages/com.unity.purchasing/Runtime/Purchasing/Analytics/Models using Guid(fe0cf112f44a4a41a35d890ef9a3aa1b) (DefaultImporter) -> (artifact id: 'd105362a3cab2476229544c9c6484fdd') in 0.0005718 seconds
Start importing Packages/com.unity.ugui/Tests/Editor/UGUI/Dropdown using Guid(1f71aeacc4a9f1a40b22a1a590331f6b) (DefaultImporter) -> (artifact id: 'f07cb706910528267c831c49a6968d8c') in 0.0006416 seconds
Start importing Packages/com.unity.purchasing/Runtime/Purchasing/Telemetry/Metrics using Guid(2f6cffa6702349b8bc20b2986d3145e2) (DefaultImporter) -> (artifact id: '2f5facdd9571ce81e96c1c2d994a5219') in 0.0005316 seconds
Start importing Packages/com.unity.ugui/Tests/Editor/UGUI/Text using Guid(4f9ac6e545d53f94b9f09c85b9576f36) (DefaultImporter) -> (artifact id: '5f05d186dcb1976da8af0bac527eb730') in 0.0005364 seconds
Start importing Packages/com.unity.xr.arfoundation/Runtime/Simulation/Plugins/linux using Guid(4f9a3aee4b54046b3ba84f2dc601f638) (DefaultImporter) -> (artifact id: '712e025ebd11b3b66aaceb1838099c43') in 0.0005722 seconds
Start importing Packages/com.unity.xr.arfoundation/Runtime/Simulation/Subsystems/EnvironmentProbe using Guid(5f6b10434e7f4bce97074a8c54a2da59) (DefaultImporter) -> (artifact id: '29b30f4c3047612180dafd60487379f9') in 0.0005246 seconds
Start importing Packages/com.unity.ugui/Tests/Runtime/UGUI/Util using Guid(af30a361ab68260438b6ec3fb7e64500) (DefaultImporter) -> (artifact id: '2b58310aa8804f03a037a2d47189a1c9') in 0.0005439 seconds
Start importing Packages/com.unity.services.core/Editor/Core/Shared/DependencyInversion using Guid(bfd743ae33394444da25ad34d8e5a595) (DefaultImporter) -> (artifact id: '22f62e5452b12aa752ff7dd61a47473c') in 0.0005875 seconds
Start importing Packages/com.unity.ugui/Tests/Runtime/UGUI/NestedLayout using Guid(efad3ddb7270ac241b9b1357ec5ee2f2) (DefaultImporter) -> (artifact id: '8bbb7177cd104b80d48b4cfb1dc88884') in 0.000515 seconds
Start importing Packages/com.unity.purchasing/Editor/ServiceProjectSettings/UI/Views/Obfuscator using Guid(c03173fa4ced85e42b863e680e5bf56d) (DefaultImporter) -> (artifact id: '608d161c2ac080ce43540c57e60f9a64') in 0.0005687 seconds
Start importing Packages/com.unity.collab-proxy/Editor/Diff/Asset/Common/Property using Guid(d0a9ebc8de8b8428fae0574a3a7abc3f) (DefaultImporter) -> (artifact id: '2feb7f1d58eb8f747f6cba9308868b1b') in 0.0008247 seconds
Start importing Packages/com.unity.collab-proxy/Editor/Diff/Asset/Content/Filtering using Guid(e0f244660204c468a8fe30e330135e0d) (DefaultImporter) -> (artifact id: '858364f4a91ebd44fed9abae1b0d9e55') in 0.0005153 seconds
Start importing Packages/com.unity.purchasing/Runtime/Purchasing/Telemetry/Diagnostics/Interfaces using Guid(e0a86a11952f4a8fbefd35ee2c6f769f) (DefaultImporter) -> (artifact id: 'e5acae345bcd6e18774c1d2c07c643e1') in 0.0005371 seconds
Start importing Packages/com.unity.collab-proxy/Editor/Diff/Asset/Content/Property using Guid(018268bdd48d54121b0fe237a6571615) (DefaultImporter) -> (artifact id: '25f8446b089c9c1c20ab2f3313d9d4de') in 0.0005062 seconds
Start importing Packages/com.unity.services.core/Editor/Core/Environments/UI/Toolbar using Guid(11b827b8634d3b646a7abe82fe76ba01) (DefaultImporter) -> (artifact id: 'd5232c915d60153abae832de7d86b7f4') in 0.0006699 seconds
Start importing Packages/com.unity.collab-proxy/Editor/Diff/Image/Views/Swipe using Guid(215b9f47294ba41a09021a89ed5f5dc1) (DefaultImporter) -> (artifact id: '7c9234140a5d71d23d0e3b38d7b27f87') in 0.0006028 seconds
Start importing Packages/com.unity.collab-proxy/Editor/Diff/Image/Views/OnionSkin using Guid(e1ed640bd70fd427bbd3b9e95533ce87) (DefaultImporter) -> (artifact id: '1b05436f9491648a2df574240c3c7589') in 0.0006582 seconds
Start importing Packages/com.unity.collab-proxy/Editor/Diff/Asset/Common/UnityObject using Guid(4230d3b9af6f940719414ab4bd67a08e) (DefaultImporter) -> (artifact id: '7ff37b86672de66d249d52a0e4a69f47') in 0.0011367 seconds
Start importing Packages/com.unity.purchasing/Runtime/Stores/Android/Common/AAR using Guid(7230a722aeaf44487b1f638621f80e53) (DefaultImporter) -> (artifact id: 'b5d35efc79fe6d419d9be5c2f0dba9d7') in 0.0005476 seconds
Start importing Packages/com.unity.collab-proxy/Editor/Diff/Image/Views/ImageViewer using Guid(232fff0341b3476d9eae6e83059c7aa0) (DefaultImporter) -> (artifact id: 'ff338aa9f96ec5ae4f9532f45f4d9361') in 0.0005491 seconds
Start importing Packages/com.unity.purchasing/Editor/ServiceProjectSettings/Service/Networking/Models using Guid(33ef59feb9289e8479c3a3935021f6af) (DefaultImporter) -> (artifact id: '3f696c0549127bd26bece9291fc58f55') in 0.0005164 seconds
Start importing Packages/com.unity.purchasing/Runtime/Purchasing/Telemetry/Metrics/Interfaces using Guid(738fadef27b946418f067db7de94dfa0) (DefaultImporter) -> (artifact id: '2c46ce6413d11b4cd715650f8cc0f66b') in 0.0005332 seconds
Start importing Packages/com.unity.services.core/Editor/Core/Shared/Infrastructure/SystemEnvironment using Guid(a34c854a398474b63b1e45024cfbd2d4) (DefaultImporter) -> (artifact id: '303df972310e6417fdd213a8a1257d43') in 0.0005314 seconds
Start importing Packages/com.unity.services.core/Editor/Core/Shared/Infrastructure/Collections using Guid(e3040a42462f34a1abb382a2b8af67f2) (DefaultImporter) -> (artifact id: '1b3d35ac9cf2964955aca5308988f73b') in 0.0005146 seconds
Start importing Packages/com.unity.collab-proxy/Editor/Views/BranchExplorer/Options/DisplayOptions using Guid(046453f671b3d46c9a39b23fc4d10a39) (DefaultImporter) -> (artifact id: '0f14c630c4a74fcc80dd5e342c04638a') in 0.0005399 seconds
Start importing Packages/com.unity.ugui/Tests/Editor/UGUI/UI/PropertyDrawers using Guid(24333a116497b144f9782b1160984b57) (DefaultImporter) -> (artifact id: '38a6a8db8e66efb4b3e00b0b49edce4d') in 0.0006044 seconds
Start importing Packages/com.unity.collab-proxy/Editor/Diff/Asset/Common/Meta using Guid(54ada74a1e58348099b007e35677f3aa) (DefaultImporter) -> (artifact id: '18819359d35c3a9df27728f9531ac860') in 0.0005051 seconds
Start importing Packages/com.unity.services.core/Editor/Core/Shared/Infrastructure/Threading using Guid(8408aeb5b11d54a55914b8fb72aa9ee1) (DefaultImporter) -> (artifact id: '98470adbb3b650c2ffa6421328dbe6db') in 0.0005185 seconds
Start importing Packages/com.unity.purchasing/Runtime/Stores/Android/GooglePlay/Interfaces using Guid(156541eab9c06435ca3081452e529326) (DefaultImporter) -> (artifact id: '6e18d87e7ca2676104c9b86cf907a8b9') in 0.0005335 seconds
Start importing Packages/com.unity.services.core/Editor/Core/Environments/Client/Configuration using Guid(75e8d0760cfbb423989cc47bb74a9b16) (DefaultImporter) -> (artifact id: '3b90f8d714f5c81ab681f4e14180b30b') in 0.0005306 seconds
Start importing Packages/com.unity.inputsystem/InputSystem/Editor/AssetEditor/PackageResources/personal using Guid(95391b99439094c00a105cd26ba61b1b) (DefaultImporter) -> (artifact id: '4035ef21cafc80447e59ea9645c8f64f') in 0.0005236 seconds
Start importing Packages/com.unity.collab-proxy/Editor/Diff/Asset/Diff/Property using Guid(c5fe7e62b877408882a2c7096800559b) (DefaultImporter) -> (artifact id: '359537e54ee611b1451057541ecf478c') in 0.0004852 seconds
Start importing Packages/com.unity.services.core/Editor/Core/Shared/Infrastructure/IO using Guid(368c9397c0c824135971fff9f031ce88) (DefaultImporter) -> (artifact id: '6ef4f1f5a8a85a33add51114ae7bca02') in 0.0005958 seconds
Start importing Packages/com.unity.ugui/Runtime/UGUI/UI/Core/Utility using Guid(d63dd1a776d383248a21ec2a8a6e7868) (DefaultImporter) -> (artifact id: 'ddf4baa864d390cb48033641e93bc3ab') in 0.0005585 seconds
Start importing Packages/com.unity.purchasing/Runtime/Stores/Android/GooglePlay/AAR using Guid(d60eea031768040e187593c6f7d616f3) (DefaultImporter) -> (artifact id: 'b5e57b388f87a41fe9198e16e76e1689') in 0.0005099 seconds
Start importing Packages/com.unity.collab-proxy/Editor/Diff/Asset/Content/UnityObject using Guid(17560f2306bb24c3f829b2c849fdf839) (DefaultImporter) -> (artifact id: 'f5b85999b498f4972065364c29756bcd') in 0.0004994 seconds
Start importing Packages/com.unity.2d.sprite/Editor/ObjectMenuCreation/DefaultAssets/Textures/v2 using Guid(172f9a5627fbd495e9b469d54bed367a) (DefaultImporter) -> (artifact id: '327242699991e55b98b75cc85c4c2e4d') in 0.0007559 seconds
Start importing Packages/com.unity.ugui/Runtime/UGUI/UI/Core/Culling using Guid(27ed3e221887b3544bd9d6505d4a789f) (DefaultImporter) -> (artifact id: 'a8414d4e7a7ce3589ca9a54f2895a3ea') in 0.0005038 seconds
Start importing Packages/com.unity.collab-proxy/Editor/Views/BranchExplorer/Options/ConditionalFormat using Guid(3759a3b34c2714f738805af7001e839f) (DefaultImporter) -> (artifact id: '55ecf25fe025304136858a23a6b44efe') in 0.0005517 seconds
Start importing Packages/com.unity.services.core/Editor/Core/Environments/Client/Scheduler using Guid(4793b5531764c4e4d856241083e98cdd) (DefaultImporter) -> (artifact id: 'e9b6ef166d2081e32a961b9e2e9c9a7f') in 0.0006 seconds
Start importing Packages/com.unity.collab-proxy/Editor/Diff/Image/Views/Differences using Guid(6702045c2697453fae61a67931fbef13) (DefaultImporter) -> (artifact id: '27c394b20a61e25b42a9a193905118e6') in 0.000497 seconds
Start importing Packages/com.unity.collab-proxy/Editor/Diff/Asset/Diff/Meta using Guid(772402f8aab2e44a089edb3142c706cd) (DefaultImporter) -> (artifact id: '816356c35c5b1df7678c1383b7f5865f') in 0.0005207 seconds
Start importing Packages/com.unity.xr.arfoundation/Runtime/VisualScripting/Units/Events/MessageListeners using Guid(a78ab592bbf6d4a668a9ac5f7af9c924) (DefaultImporter) -> (artifact id: '9429150345b2fe342c0ea5d569467468') in 0.0006003 seconds
Start importing Packages/com.unity.collab-proxy/Editor/Diff/Asset/Diff/UnityObject using Guid(b76140aafe154f1aaa659bebc7f9316e) (DefaultImporter) -> (artifact id: 'a6376020ad119566745478a1c9fbf37e') in 0.0006487 seconds
Start importing Packages/com.unity.xr.arfoundation/Runtime/VisualScripting/Units/Events/EventUnits using Guid(286108a95f30b401bb0555389fcef8aa) (DefaultImporter) -> (artifact id: 'b54963255f59c5053681190c3e6ea316') in 0.0005507 seconds
Start importing Packages/com.unity.collab-proxy/Editor/UI/UnityInternals/UnityEditor/SceneManagement using Guid(58ea190e1cd94c2ca3a4b39e76639f7c) (DefaultImporter) -> (artifact id: '029e0a57f5975e170ec31dcbf1af4929') in 0.0006084 seconds
Start importing Packages/com.unity.collab-proxy/Editor/Diff/Asset/Diff/Filtering using Guid(9831c3a3f4a4645309f76e99ac9844c2) (DefaultImporter) -> (artifact id: 'bf74f672c67af5f034de922febd2ce69') in 0.0005139 seconds
Start importing Packages/com.unity.ugui/Runtime/UGUI/UI/Core/SpecializedCollections using Guid(f8ed4321a98682942b9980996131cf26) (DefaultImporter) -> (artifact id: '5a5ef29bec25f7a3bf7676116a5962c1') in 0.0005307 seconds
Start importing Packages/com.unity.ugui/Runtime/UGUI/UI/Core/Layout using Guid(1999349e7f492c947bb6eb70f624382e) (DefaultImporter) -> (artifact id: 'a8e41ce3a6fccc9c9b78c2afb86f94a6') in 0.0004837 seconds
Start importing Packages/com.unity.xr.arfoundation/Runtime/Simulation/Subsystems/Plane/Visualizers using Guid(d9208135155494374afd1ffaf1f05088) (DefaultImporter) -> (artifact id: '0e9f9b0343ab84ce08fbcf39d4e6667d') in 0.0005054 seconds
Start importing Packages/com.unity.services.core/Editor/Core/Environments/Client/Http using Guid(d91c06138f45d4ced92a6b23acc172b1) (DefaultImporter) -> (artifact id: 'c6d8ff655c8d8c4e2d846f6407735dfc') in 0.0005453 seconds
Start importing Packages/com.unity.collab-proxy/Editor/Diff/Asset/Diff/Search using Guid(4ab5cfecaea4f4c34a32783932e0b88e) (DefaultImporter) -> (artifact id: '5bb933c30786b95ed28f96fea6d06918') in 0.0005354 seconds
Start importing Packages/com.unity.ugui/Tests/Runtime/UGUI/EventSystem/InputModuleTests using Guid(7a892c920c8ad2848b469ec9579c5219) (DefaultImporter) -> (artifact id: 'ddbbd39c1ecedea9952da13283fac82b') in 0.000571 seconds
Start importing Packages/com.unity.collab-proxy/Editor/Views/BranchExplorer/Drawing/Shapes using Guid(9a92ce7bfd964dae89e964f40874a3c2) (DefaultImporter) -> (artifact id: '207f98c800d8a62d55cbdd65d49099b4') in 0.0005719 seconds
Start importing Packages/com.unity.collab-proxy/Editor/Diff/Image/Views/SideBySide using Guid(ca0b25f6cad2c45419e69a71c9f47695) (DefaultImporter) -> (artifact id: '4f630630f8f7b4e823608df7521b93a8') in 0.0005108 seconds
Start importing Packages/com.unity.purchasing/Runtime/Purchasing/Analytics/Interfaces/Legacy using Guid(3b4c8676988f43f1b9fe1b5c391cff46) (DefaultImporter) -> (artifact id: 'ed02d99813ed0da5619b72c92a223431') in 0.0005161 seconds
Start importing Packages/com.unity.collab-proxy/Editor/Views/Merge/Developer/DirectoryConflicts using Guid(5b3802c1581ef894d83aa9fcb7ace84c) (DefaultImporter) -> (artifact id: '9f66472e52b4f544e8791bff694516df') in 0.0005302 seconds
Start importing Packages/com.unity.collab-proxy/Editor/Diff/Asset/Content/Search using Guid(7b2b4aac3415145888e9c580fb869826) (DefaultImporter) -> (artifact id: '0ba84bb437284a5a613dbcd4a73dc947') in 0.0004857 seconds
Start importing Packages/com.unity.collab-proxy/Editor/Diff/Asset/Content/Meta using Guid(0c9e6fa111057499c9ed2c22d2c00f95) (DefaultImporter) -> (artifact id: 'a3a0dea15dddaa20068b5ffa840fb94d') in 0.0005201 seconds
Start importing Packages/com.unity.ugui/Runtime/UGUI/UI/Core/MaterialModifiers using Guid(7c6295db74da28645bf49db58b7c9c65) (DefaultImporter) -> (artifact id: 'c8309270d25389008b80d2680377db3a') in 0.0004831 seconds
Start importing Packages/com.unity.services.core/Editor/Core/Environments/UI/Assets using Guid(5db9d1747e5834b66b20ddca88e326d2) (DefaultImporter) -> (artifact id: '39df988fb0fd93620c7ce8635ee756d6') in 0.0009244 seconds
Start importing Packages/com.unity.purchasing/Runtime/Stores/Android/GooglePlay/Models using Guid(7d95beed0e5a94c829a2130f36af88f4) (DefaultImporter) -> (artifact id: '876100ce8d951ffb49599340cc7a5058') in 0.0006485 seconds
Start importing Packages/com.unity.services.core/Editor/Core/Environments/Client/Apis using Guid(ad4cf63af038a43a3b11975e0653dea6) (DefaultImporter) -> (artifact id: 'b6e9bc5e8cc6a3637bc8b3c593acc43f') in 0.0005461 seconds
Start importing Packages/com.unity.inputsystem/InputSystem/Editor/AssetEditor/PackageResources/pro using Guid(be2b3c041afc2477ea1f172b6d14c3dc) (DefaultImporter) -> (artifact id: '08b4bf9d1d01c804d61635e1b758a23f') in 0.0006309 seconds
Start importing Packages/com.unity.services.core/Editor/Core/Environments/Client/Models using Guid(fe97984daaefe4f7ea9eee59fe9717ba) (DefaultImporter) -> (artifact id: '3a3093caa63c2f86e952f7fbc70b94e0') in 0.0006153 seconds
Start importing Packages/com.unity.services.core/Editor/Core/Environments/Client/ErrorMitigation using Guid(4f2e6d0ab1a754839a258e070611eedd) (DefaultImporter) -> (artifact id: '6f23bf0b12bf7ae0f45d99fef7ee7fdc') in 0.0005124 seconds
Start importing Packages/com.unity.purchasing/Runtime/Purchasing/CoreServices/Interfaces/Environment using Guid(6fc53bc850719b84dbf66ccaea4c91d7) (DefaultImporter) -> (artifact id: '96f351225bbc88eb37e71efce1aa5da5') in 0.0004923 seconds
Start importing Packages/com.unity.ugui/Runtime/UGUI/UI/Core/VertexModifiers using Guid(cfa73a847eeff06448bb50a8ac6a94e0) (DefaultImporter) -> (artifact id: '4854c52cecabffb60fdd5ed9e9763c1c') in 0.0005113 seconds
Start importing Packages/com.unity.purchasing/Runtime/Stores/Android/GooglePlay/Services using Guid(df43328350a7d4c8ea0557296c108d62) (DefaultImporter) -> (artifact id: '55f5f5b0b477c8d54bd0f29d3dfc9616') in 0.0005408 seconds
Start importing Packages/com.unity.collab-proxy/Lib/Editor/TextMateSharp/Onigwrap/libonigwrap using Guid(ff34c512c6de840e7a2081a1d55a4a2a) (DefaultImporter) -> (artifact id: '785bfb18adf10e991ae5d496009cced6') in 0.0007509 seconds
Start importing Packages/com.unity.collab-proxy/Editor/Views/BranchExplorer/Drawing/Shapes/Colors using Guid(1047700d0d5e4572882e66f9c6420fc1) (DefaultImporter) -> (artifact id: '0297ca1fdbb72331a1869611a7318239') in 0.0006256 seconds
Start importing Packages/com.unity.collab-proxy/Lib/Editor/TextMateSharp/Onigwrap/libonigwrap/win-x86 using Guid(a05969d78cc3d44469783fe59f3bfa65) (DefaultImporter) -> (artifact id: '9f7d04e26245be90a002c84cb995f822') in 0.0005974 seconds
Start importing Packages/com.unity.collab-proxy/Lib/Editor/TextMateSharp/Onigwrap/libonigwrap/osx-arm64 using Guid(128bcf006b84f4f1b864cf579a4f8b97) (DefaultImporter) -> (artifact id: 'bf4d5c384037bc557dcaaadc3fd1922b') in 0.0006793 seconds
Start importing Packages/com.unity.collab-proxy/Lib/Editor/TextMateSharp/Onigwrap/libonigwrap/win-x64 using Guid(9315f038861f843d3894954f9be43296) (DefaultImporter) -> (artifact id: 'e2e2a10fb5f7ded51ea69ef22e70bf02') in 0.0006179 seconds
Start importing Packages/com.unity.xr.arfoundation/Runtime/VisualScripting/Units/Events/MessageListeners/Deprecated using Guid(649ab2abdbbe40ab8e5c2642e655a926) (DefaultImporter) -> (artifact id: '6db0bbafec70913c0e0d91fcc0a1c7af') in 0.000522 seconds
Start importing Packages/com.unity.purchasing/Runtime/Stores/Android/GooglePlay/Interfaces/Services using Guid(a472a3d2f5a6b4752bfdd4d41b09e439) (DefaultImporter) -> (artifact id: 'e8dd4bc291e14d219a72576aa4364841') in 0.0006337 seconds
Start importing Packages/com.unity.purchasing/Runtime/Stores/Android/GooglePlay/AAR/Utils using Guid(6665eb7ef1c5b436abaf0390be9c9a36) (DefaultImporter) -> (artifact id: '234042511e3cbc1d2146235cf0be13c5') in 0.0005287 seconds
Start importing Packages/com.unity.collab-proxy/Editor/Views/BranchExplorer/Drawing/Shapes/Connections using Guid(a7816f8f0b844c4faf3b7c5f4a231f0d) (DefaultImporter) -> (artifact id: 'ea7b83bab41bf34c487b36b8d424bb2a') in 0.0005331 seconds
Start importing Packages/com.unity.purchasing/Runtime/Stores/Android/GooglePlay/AAR/Interfaces using Guid(78835d9d9c2484147b2adacaf8a03d55) (DefaultImporter) -> (artifact id: '8ed5a6f53aadba46d151a462eb3b1530') in 0.0005601 seconds
Start importing Packages/com.unity.purchasing/Runtime/Stores/Android/GooglePlay/AAR/Listeners using Guid(d8ea9d0e5fbcc4bbf91341eec787996f) (DefaultImporter) -> (artifact id: '8a52e63c23e47c0c2cc1399b93ad190e') in 0.0005496 seconds
Start importing Packages/com.unity.collab-proxy/Lib/Editor/TextMateSharp/Onigwrap/libonigwrap/osx-x64 using Guid(9998fb40f44e7474c848728667ed8142) (DefaultImporter) -> (artifact id: 'c89b5b996a1bf22b81556bbe6132be0f') in 0.0004991 seconds
Start importing Packages/com.unity.xr.arfoundation/Runtime/VisualScripting/Units/Events/EventUnits/Deprecated using Guid(1a24cad234cb485faa05d5c6b1d12fc4) (DefaultImporter) -> (artifact id: '63f49664dabeec9235e05c2ab4a83b67') in 0.0005202 seconds
Start importing Packages/com.unity.collab-proxy/Lib/Editor/TextMateSharp/Onigwrap/libonigwrap/win-arm64 using Guid(5a1dbdb524f764c34b894c8c2b21e31f) (DefaultImporter) -> (artifact id: '68a4d55f4dfc4a6d57f443c72e7890a1') in 0.0006237 seconds
Start importing Packages/com.unity.purchasing/Runtime/Stores/Android/GooglePlay/AAR/Models using Guid(0e43d21c7429d482b8fb60645c3e2930) (DefaultImporter) -> (artifact id: '6751f554a608d759a38bcfea989b6ca8') in 0.0004765 seconds
Start importing Packages/com.unity.test-framework/Tests/TestNewCustomAssembly/TestNewCustomAssembly.asmdef using Guid(005d90528beb64e71b011a6207806ed5) (AssemblyDefinitionImporter) -> (artifact id: 'fdab9d5d4dfc6a2d471dd347f8a4173e') in 0.0028834 seconds
Start importing Packages/com.unity.purchasing/Runtime/WinRT/UnityEngine.Purchasing.WinRT.asmdef using Guid(20070e9a261ad0a478db18e21b0af607) (AssemblyDefinitionImporter) -> (artifact id: '5c5658f376b38ca660c9aeaa311daa99') in 0.0020394 seconds
Start importing Packages/com.unity.services.core/Runtime/Configuration/Unity.Services.Core.Configuration.asmdef using Guid(4077802dea91b4b6d878b48b4160bd81) (AssemblyDefinitionImporter) -> (artifact id: '973367fadcb186f561e3acd6bd961225') in 0.0022146 seconds
Start importing Packages/com.unity.purchasing/Runtime/Apple/UnityEngine.Purchasing.Apple.asmdef using Guid(400f2260dd8d285419d1db99999109aa) (AssemblyDefinitionImporter) -> (artifact id: '2fc820b677bd223952a4d1265face78b') in 0.0019513 seconds
Start importing Packages/com.unity.ugui/Runtime/TMP/Unity.TextMeshPro.asmdef using Guid(6055be8ebefd69e48b49212b09b47b2f) (AssemblyDefinitionImporter) -> (artifact id: '4e96139a71d8eeea7a2262da3fc03891') in 0.0018788 seconds
Start importing Packages/com.unity.purchasing/Runtime/Purchasing/UnityEngine.Purchasing.asmdef using Guid(60bfecf5cb232594891bc622f40d6bed) (AssemblyDefinitionImporter) -> (artifact id: 'edb504148b21083af90cdd377207e5fc') in 0.0019795 seconds
Start importing Packages/com.unity.services.core/Runtime/Environments/Unity.Services.Core.Environments.asmdef using Guid(70ea675efa2644cef98c7ece24158333) (AssemblyDefinitionImporter) -> (artifact id: '3c8e55694e689eb67f8b95ce61a18367') in 0.0024512 seconds
Start importing Packages/com.unity.mathematics/Tests/Unity.Mathematics.Tests.asmdef using Guid(904d80dccad704a3f95e42bd0ad5d960) (AssemblyDefinitionImporter) -> (artifact id: '83da058a45d0931d86d85312db6af234') in 0.0019365 seconds
Start importing Packages/com.unity.services.core/Editor/Core/Configuration/Unity.Services.Core.Configuration.Editor.asmdef using Guid(d0d897c4aa12b8140b650ec29e099ff7) (AssemblyDefinitionImporter) -> (artifact id: 'f07f072b10caf12b7270a4d43d68ca77') in 0.0018214 seconds
Start importing Packages/com.unity.purchasing/Runtime/AppleStub/UnityEngine.Purchasing.AppleStub.asmdef using Guid(d0bf1e9ef64430948b071de2413e6ae5) (AssemblyDefinitionImporter) -> (artifact id: 'd06569002bfd325086892d7e65da5816') in 0.0021778 seconds
Start importing Packages/com.unity.purchasing/Runtime/SecurityStub/UnityEngine.Purchasing.SecurityStub.asmdef using Guid(d0bf1e9f644394e1de13e6ae02458b07) (AssemblyDefinitionImporter) -> (artifact id: '72a3f3982d5618b072c9c7300f8f656f') in 0.0018589 seconds
Start importing Packages/com.unity.purchasing/Runtime/WinRTCore/UnityEngine.Purchasing.WinRTCore.asmdef using Guid(e0481cc7f70ec8c48994e207808fddef) (AssemblyDefinitionImporter) -> (artifact id: 'bf572474e52d115a36a7ec1c055400e4') in 0.001716 seconds
Start importing Packages/com.unity.timeline/Runtime/Unity.Timeline.asmdef using Guid(f06555f75b070af458a003d92f9efb00) (AssemblyDefinitionImporter) -> (artifact id: 'a7a4cd94efab84b57b749d432e966b7a') in 0.001908 seconds
Start importing Packages/com.unity.analytics/Tests/Runtime/Unity.Analytics.DataPrivacy.Tests.asmdef using Guid(015812e983113a84b95773e55f3cec13) (AssemblyDefinitionImporter) -> (artifact id: '5c686b1002e0bf1ae3052eaf9dae912e') in 0.0016748 seconds
Start importing Packages/com.unity.services.core/Runtime/Analytics/Unity.Services.Core.Analytics.asmdef using Guid(1104de264d522446f8274872ebf70b3d) (AssemblyDefinitionImporter) -> (artifact id: '51de2fe5b51ece0215cbbaee32005a70') in 0.0018382 seconds
Start importing Packages/com.unity.inputsystem/DocCodeSamples.Tests/DocCodeSamples.asmdef using Guid(41b01d3964f844d8b43923c18b3a9a6f) (AssemblyDefinitionImporter) -> (artifact id: 'c4ecdf1098f2cc8c3723c90c3ce012c9') in 0.0021153 seconds
Start importing Packages/com.unity.services.core/Runtime/Device/Unity.Services.Core.Device.asmdef using Guid(614c328814c3e4cb89d08dcc15048513) (AssemblyDefinitionImporter) -> (artifact id: '843dda0d96e7d8fe2adfe7ec232aa176') in 0.0018767 seconds
Start importing Packages/com.unity.xr.legacyinputhelpers/Editor/TrackedPoseDriver/UnityEditor.SpatialTracking.asmdef using Guid(b13a1d1dfb13f1b489a0ff5612f36f29) (AssemblyDefinitionImporter) -> (artifact id: 'fe624f084b2c75318abedc98e63d4936') in 0.0017919 seconds
Start importing Packages/com.unity.timeline/Editor/Unity.Timeline.Editor.asmdef using Guid(02f771204943f4a40949438e873e3eff) (AssemblyDefinitionImporter) -> (artifact id: '6824b23fe8ddefa646e8fbb373fcdacc') in 0.0022373 seconds
Start importing Packages/com.unity.xr.arfoundation/Editor/Simulation/Unity.XR.Simulation.Editor.asmdef using Guid(12d8a1161d987fa4eab8946e7c6a2707) (AssemblyDefinitionImporter) -> (artifact id: 'ae2adde8a2f5e8b265e16cedf2faf885') in 0.0018175 seconds
Start importing Packages/com.unity.mathematics/Unity.Mathematics.Editor/Unity.Mathematics.Editor.asmdef using Guid(329b4ccd385744985bf3f83cfd77dfe7) (AssemblyDefinitionImporter) -> (artifact id: '1973905c62ef572f27533f2f433032d1') in 0.0022487 seconds
Start importing Packages/com.unity.services.core/Runtime/Threading/Unity.Services.Core.Threading.asmdef using Guid(424c109c039b23a469d7e72a2a76e122) (AssemblyDefinitionImporter) -> (artifact id: '732f14e09411e5231b18f21e1b80ceba') in 0.0022671 seconds
Start importing Packages/com.unity.2d.sprite/Tests/Editor/Unity.2D.Sprite.Package.EditorTests.asmdef using Guid(52648b72c7bef2040bf0cfa8dd0f74da) (AssemblyDefinitionImporter) -> (artifact id: '20a178cbe9be74d95c0c71881ae1bddd') in 0.0027283 seconds
Start importing Packages/com.unity.xr.legacyinputhelpers/Editor/LegacyInputHelpersEditor.asmdef using Guid(52c867deb3832554c84dc4202bd47258) (AssemblyDefinitionImporter) -> (artifact id: '5179abed9778700268093d4836e97e0b') in 0.0019989 seconds
Start importing Assets/_Project/Bootstrap/VRM.Bootstrap.asmdef using Guid(8211afadf8fcd304da3ed775d087a3db) (AssemblyDefinitionImporter) -> (artifact id: 'a8b278b30ead2b7a6ede7311278334c3') in 0.0029978 seconds
Start importing Packages/com.unity.xr.arfoundation/Runtime/ARSubsystems/Unity.XR.ARSubsystems.asmdef using Guid(92703082f92b41ba80f0d6912de66115) (AssemblyDefinitionImporter) -> (artifact id: '1021b6ccc87a0d51fc8ab145aad3207c') in 0.0021333 seconds
Start importing Packages/com.unity.xr.arcore/Tests/Runtime/Unity.XR.ARCore.Runtime.Tests.asmdef using Guid(c2c493eb28e964c9cbc0ddbe85265600) (AssemblyDefinitionImporter) -> (artifact id: '8c348523b232562b8ccd0081ba8e38da') in 0.002188 seconds
Start importing Packages/com.unity.collab-proxy/Editor/Entities/Unity.PlasticSCM.Editor.Entities.asmdef using Guid(c24d342672367b243aff1910ea83a56d) (AssemblyDefinitionImporter) -> (artifact id: '101e20f2fb5b674b84fb67ecdd36ee0a') in 0.0019998 seconds
Start importing Packages/com.unity.purchasing/Editor/UnityEditor.Purchasing.asmdef using Guid(e25a61468ff30f44fad56a6b40062363) (AssemblyDefinitionImporter) -> (artifact id: '7a749a2e1b6d349938a0bbfd3d32b366') in 0.0021862 seconds
Start importing Packages/com.unity.services.core/Runtime/Scheduler/Unity.Services.Core.Scheduler.asmdef using Guid(13e422d7b3aa04e7994f974a3d50c391) (AssemblyDefinitionImporter) -> (artifact id: '3900f08593bf273ce0f750be84cfa0f3') in 0.0017337 seconds
Start importing Assets/_Project/UI/VRM.UI.asmdef using Guid(53162da0995c3a9418387c165bfa4745) (AssemblyDefinitionImporter) -> (artifact id: '81860697307748e1711e006bc0148188') in 0.0028627 seconds
Start importing Packages/com.unity.ugui/Editor/Analytics/UnityEditor.UI.Analytics.asmdef using Guid(8394c018a82352f41ae354f7bdad54e3) (AssemblyDefinitionImporter) -> (artifact id: '51a42a6dc598d685998182f7c5c967c4') in 0.0016962 seconds
Start importing Packages/com.unity.xr.arfoundation/Tests/Runtime/ARFoundation/Unity.XR.ARFoundation.Runtime.Tests.asmdef using Guid(837c14ed651d4f64b6a0abb5eb836fdc) (AssemblyDefinitionImporter) -> (artifact id: '662568eed0dc24aa64ea32984d9d17ae') in 0.0016702 seconds
Start importing Packages/com.unity.services.core/Runtime/Environments/Internal/Unity.Services.Core.Environments.Internal.asmdef using Guid(93dfd405b987c45479315eb420601044) (AssemblyDefinitionImporter) -> (artifact id: 'd1a9ebe87ed91c0c4104f0e0efddd9f0') in 0.0017053 seconds
Start importing Packages/com.unity.ugui/Editor/UGUI/UnityEditor.UI.asmdef using Guid(343deaaf83e0cee4ca978e7df0b80d21) (AssemblyDefinitionImporter) -> (artifact id: 'af08ec8d4d031bbff740ba61300146c5') in 0.0019222 seconds
Start importing Assets/_Project/Map/VRM.Map.asmdef using Guid(5489bce02ff4cd041bf5fbed3fbfd3eb) (AssemblyDefinitionImporter) -> (artifact id: '87d66fa0f76b40dc6cce31f25c23478f') in 0.002273 seconds
Start importing Packages/com.unity.multiplayer.center/Common/Unity.Multiplayer.Center.Common.asmdef using Guid(84abd2ab34a74600a33a3bb9d72859fe) (AssemblyDefinitionImporter) -> (artifact id: '2e15fdfe053455410c46af8108d4b576') in 0.0017203 seconds
Start importing Packages/com.unity.purchasing/Runtime/Security/UnityEngine.Purchasing.Security.asmdef using Guid(94e1de2458b07d0bf1e9f13e6ae06443) (AssemblyDefinitionImporter) -> (artifact id: '7a0b2edd27014e083b519c29e809ea89') in 0.0016386 seconds
Start importing Packages/com.unity.xr.management/Runtime/Unity.XR.Management.asmdef using Guid(e40ba710768534012815d3193fa296cb) (AssemblyDefinitionImporter) -> (artifact id: '04f13840a83b28046135f00ae95bf538') in 0.0018771 seconds
Start importing Packages/com.unity.xr.management/Tests/Editor/Unity.XR.Management.EditorTests.asmdef using Guid(f46fc3751c3e84133af5527f7c1abae5) (AssemblyDefinitionImporter) -> (artifact id: '977d7474250e856bc01698ef7440b556') in 0.0017936 seconds
Start importing Packages/com.unity.purchasing/Runtime/Codeless/UnityEngine.Purchasing.Codeless.asmdef using Guid(059c931883a8a274690376c0592ea9a0) (AssemblyDefinitionImporter) -> (artifact id: '97a409bf6720dff8810603052d8f3760') in 0.0017696 seconds
Start importing Packages/com.unity.xr.legacyinputhelpers/Tests/Editor/LegacyInputHelpersEditorTests.asmdef using Guid(559bcbd55c770ea4d959cfdb857c39a5) (AssemblyDefinitionImporter) -> (artifact id: 'fbcff2b0f7bca1bc362d22f64001d26f') in 0.0015416 seconds
Start importing Packages/com.unity.ugui/Editor/TMP/Unity.TextMeshPro.Editor.asmdef using Guid(6546d7765b4165b40850b3667f981c26) (AssemblyDefinitionImporter) -> (artifact id: '1f9e68e65a89d864e608d8f22b5bd4c4') in 0.0017508 seconds
Start importing Packages/com.unity.ugui/Tests/Editor/TMP/Unity.TextMeshPro.Editor.Tests.asmdef using Guid(656e461844099ae43a609ff6109b0877) (AssemblyDefinitionImporter) -> (artifact id: '30072da98643a3dd2fb6cd04c1e7f82b') in 0.002383 seconds
Start importing Packages/com.unity.inputsystem/InputSystem/Unity.InputSystem.asmdef using Guid(75469ad4d38634e559750d17036d5f7c) (AssemblyDefinitionImporter) -> (artifact id: '2d3a0dad32b774b4d278f2779136f38f') in 0.00188 seconds
Start importing Packages/com.unity.purchasing/Runtime/AppleMacos/UnityEngine.Purchasing.AppleMacos.asmdef using Guid(85419d1db9999260dd8d29109aa400f2) (AssemblyDefinitionImporter) -> (artifact id: '43b9285b2511637bd2480410bc267f6f') in 0.0017221 seconds
Start importing Packages/com.unity.timeline/DocCodeExamples/DocCodeExamples.asmdef using Guid(9550f6b9c1ac87345a996c43f204fb30) (AssemblyDefinitionImporter) -> (artifact id: '7443b485a95e4880d831b4fb6bec6210') in 0.0018941 seconds
Start importing Packages/com.unity.xr.management/Tests/TestPackage/Editor/Uniyt.XR.Management.TestPackage.Editor.asmdef using Guid(c536cb714a8a9e84cb16ecf0330eea40) (AssemblyDefinitionImporter) -> (artifact id: '6f5ee339b273e57a3697aa80d5e2237d') in 0.0017843 seconds
Start importing Packages/com.unity.ai.navigation/Editor/ConversionSystem/Unity.AI.Navigation.Editor.ConversionSystem.asmdef using Guid(c57630adab7a340ec94f10e4fcac12f1) (AssemblyDefinitionImporter) -> (artifact id: 'e598b58b76186828c99f16f776b7fbb5') in 0.0017651 seconds
Start importing Packages/com.unity.xr.arfoundation/Runtime/Simulation/Unity.XR.Simulation.asmdef using Guid(c51e66e30427fcc498954ede90ba2665) (AssemblyDefinitionImporter) -> (artifact id: 'd1de5603420258ef0a49a770d61c3773') in 0.0018521 seconds
Start importing Packages/com.unity.ide.rider/Rider/Editor/com.unity.ide.rider.asmdef using Guid(d528c8c98d269ca44a06cd9624a03945) (AssemblyDefinitionImporter) -> (artifact id: '468142d889371a57d8a20db05147f19d') in 0.0019369 seconds
Start importing Packages/com.unity.xr.arfoundation/Tests/Editor/XRSimulation/Unity.XR.Simulation.Editor.Tests.asmdef using Guid(f50a736f6d33a44cb9d793c29c225733) (AssemblyDefinitionImporter) -> (artifact id: '3467a8b8c03a698938880a0e665400c7') in 0.0017672 seconds
Start importing Packages/com.unity.ai.navigation/Editor/Updater/Unity.AI.Navigation.Updater.asmdef using Guid(1664e92176d434ccd902c1705fefe682) (AssemblyDefinitionImporter) -> (artifact id: '8c8fe093821397de6eabebbbee056d8c') in 0.0019223 seconds
Start importing Packages/com.unity.multiplayer.center/Tests/Runtime/Unity.Multiplayer.Center.Tests.asmdef using Guid(2664430aff4254d79887d32c3fc1e221) (AssemblyDefinitionImporter) -> (artifact id: '10a8b6cec249c3f1431650b35fb0b23f') in 0.001715 seconds
Start importing Assets/_Project/Tests/VRM.Tests.asmdef using Guid(86896684499fa7d4d8a25113dfbbbe41) (AssemblyDefinitionImporter) -> (artifact id: '522b1c6804b6396fab1b22c5aebea167') in 0.0030192 seconds
Start importing Packages/com.unity.ai.navigation/Editor/Unity.AI.Navigation.Editor.asmdef using Guid(86c9d8e67265f41469be06142c397d17) (AssemblyDefinitionImporter) -> (artifact id: 'adc2e1fdd52ddb190c2be9656f93685e') in 0.0021697 seconds
Start importing Packages/com.unity.services.core/Runtime/Components/Unity.Services.Core.Components.asmdef using Guid(96fdca1f2d7348147946226cfe61a2e1) (AssemblyDefinitionImporter) -> (artifact id: 'ddacfd3981716951d761b226eb6fb861') in 0.0015651 seconds
Start importing Packages/com.unity.purchasing/Runtime/SecurityCore/UnityEngine.Purchasing.SecurityCore.asmdef using Guid(e63a64384cc3ef04cac761c1ce76e9c2) (AssemblyDefinitionImporter) -> (artifact id: '66573912bb151a02a0f018472e77c98b') in 0.0020603 seconds
Start importing Packages/com.unity.purchasing/Runtime/AppleMacosStub/UnityEngine.Purchasing.AppleMacosStub.asmdef using Guid(f6443094e1de2413e6ae58b07d0bf1e9) (AssemblyDefinitionImporter) -> (artifact id: '83c6c7393f7a5ce1e47e7de783b694c3') in 0.0023869 seconds
Start importing Packages/com.unity.collab-proxy/Editor/UnityInternals/Unity.CollabProxy.Editor.asmdef using Guid(17b36165d09634a48bf5a0e4bb27f4bd) (AssemblyDefinitionImporter) -> (artifact id: 'f45ab56a349740336e631d4aeeec9d8b') in 0.0016931 seconds
Start importing Packages/com.unity.xr.management/Tests/TestTooling/Unity.XR.TestSupport.asmdef using Guid(174dd372073128d46a2d10d2daaf414f) (AssemblyDefinitionImporter) -> (artifact id: 'eb70fe3c08d56243e605425cb6d2930b') in 0.0018289 seconds
Start importing Packages/com.unity.test-framework/UnityEngine.TestRunner/UnityEngine.TestRunner.asmdef using Guid(27619889b8ba8c24980f49ee34dbb44a) (AssemblyDefinitionImporter) -> (artifact id: '4e99211f6fa79279dcc82bfb5cb90702') in 0.0018044 seconds
Start importing Packages/com.unity.editorcoroutines/Editor/Unity.EditorCoroutines.Editor.asmdef using Guid(478a2357cc57436488a56e564b08d223) (AssemblyDefinitionImporter) -> (artifact id: '83f7016b4e01821ae3c5aa00151b346f') in 0.001693 seconds
Start importing Packages/com.unity.xr.management/Tests/StandaloneSubsystem/Unity.XR.Management.Tests.Standalone.asmdef using Guid(575f7633d101095488b014272f40d6f7) (AssemblyDefinitionImporter) -> (artifact id: '41eed1a4464538258154f82956d6f4ff') in 0.0017454 seconds
Start importing Packages/com.unity.xr.arcore/Editor/Unity.XR.ARCore.Editor.asmdef using Guid(d76576b768da4171b007f21c44fabe13) (AssemblyDefinitionImporter) -> (artifact id: 'b0359d071fbab0cc066b5592d481ed9c') in 0.0018818 seconds
Start importing Packages/com.unity.purchasing/Runtime/Stores/UnityEngine.Purchasing.Stores.asmdef using Guid(08d1c582746949b40ba6a45cdb776bdf) (AssemblyDefinitionImporter) -> (artifact id: '6e253db5dd464c1febfab84f579fcd9e') in 0.002009 seconds
Start importing Packages/com.unity.xr.legacyinputhelpers/Runtime/LegacyInputHelpers.asmdef using Guid(28c5e819ece8a0746abb16dc5aa91f44) (AssemblyDefinitionImporter) -> (artifact id: 'e86ae76f0c0746f664f8f1c22b964421') in 0.0021597 seconds
Start importing Packages/com.unity.purchasing/Runtime/AppleCore/UnityEngine.Purchasing.AppleCore.asmdef using Guid(38106865282c8c64c93112192f9fe21b) (AssemblyDefinitionImporter) -> (artifact id: 'b9820de917ae3ca92428dc4dd80bc7ce') in 0.0018202 seconds
Start importing Packages/com.unity.xr.arfoundation/Tests/Editor/ARFoundation/Unity.XR.ARFoundation.Editor.Tests.asmdef using Guid(38f077d5b26004b23a92d4cf1d38e163) (AssemblyDefinitionImporter) -> (artifact id: '6f21737c6a04518e8f080da987ca064e') in 0.0018533 seconds
Start importing Packages/com.unity.xr.core-utils/Tests/Editor/XRCoreUtilities/Unity.XR.CoreUtils.Editor.Tests.asmdef using Guid(7870a2ee9789f42f180ed4aff3154d02) (AssemblyDefinitionImporter) -> (artifact id: 'e353f286fee1b397e2d638635bd7ff7b') in 0.0018416 seconds
Start importing Packages/com.unity.multiplayer.center/Tests/Editor/Unity.Multiplayer.Center.Editor.Tests.asmdef using Guid(787ec048daec145b580d1134da5dd278) (AssemblyDefinitionImporter) -> (artifact id: '29dc17f91cb2a01d8b6be8c932a8280d') in 0.0019619 seconds
Start importing Packages/com.unity.analytics/Editor/Analytics.asmdef using Guid(9811a7ba202944de58374f6369b5bceb) (AssemblyDefinitionImporter) -> (artifact id: 'd3ff8b4cbbb94d6d1e79c91e3264b53f') in 0.0019289 seconds
Start importing Packages/com.unity.services.core/Runtime/Telemetry/Unity.Services.Core.Telemetry.asmdef using Guid(d8e56012c572e204692b3fe5183b7da1) (AssemblyDefinitionImporter) -> (artifact id: '10a25cf03758fd930949acb0d8a43454') in 0.0023398 seconds
Start importing Packages/com.unity.mathematics/Unity.Mathematics/Unity.Mathematics.asmdef using Guid(d8b63aba1907145bea998dd612889d6b) (AssemblyDefinitionImporter) -> (artifact id: '6e50b0b6076b0521e9640933c3861a6b') in 0.0017253 seconds
Start importing Packages/com.unity.services.core/Runtime/Core.Internal/Unity.Services.Core.Internal.asmdef using Guid(f82009cf854e040a18ebb38251781c58) (AssemblyDefinitionImporter) -> (artifact id: '02f8e63a5978650b60eb208e2c9379a7') in 0.0019799 seconds
Start importing Packages/com.unity.inputsystem/InputSystem/Plugins/InputForUI/InputSystemForUI.asmdef using Guid(09dcc9c0126b6b34ab2a877b8f2277f5) (AssemblyDefinitionImporter) -> (artifact id: '909e8380d27ebb14864db4f1d55d8eb9') in 0.0018205 seconds
Start importing Assets/_Project/Networking/VRM.Networking.asmdef using Guid(496fd9a2f5935d145a253aa3f99636a9) (AssemblyDefinitionImporter) -> (artifact id: '3c69e24995cea9a332da784688ed9b4c') in 0.0026801 seconds
Start importing Packages/com.unity.xr.arfoundation/Runtime/ARFoundation/Unity.XR.ARFoundation.asmdef using Guid(a9420e37d7990b54abdef6688edbe313) (AssemblyDefinitionImporter) -> (artifact id: '9413ad7231d2d4fe9de54d86d16a14f6') in 0.0018081 seconds
Start importing Packages/com.unity.ide.visualstudio/Editor/com.unity.ide.visualstudio.asmdef using Guid(b93f844d45cfcc44fa2b0eed5c9ec6bb) (AssemblyDefinitionImporter) -> (artifact id: '07f9e1490d86333fb372ad3ff9957c62') in 0.0020971 seconds
Start importing Packages/com.unity.xr.core-utils/Tests/Runtime/Unity.XR.CoreUtils.Tests.asmdef using Guid(d9619e68605d1439eb49319b2d076662) (AssemblyDefinitionImporter) -> (artifact id: '3ebfd2507813ebe7130e0682cf817c29') in 0.0016857 seconds
Start importing Packages/com.unity.ugui/Tests/Runtime/UGUI/UnityEngine.UI.Tests.asmdef using Guid(e9745f6a32442194c8dc5a43e9ab86f9) (AssemblyDefinitionImporter) -> (artifact id: '671361ac3978847d29e63ee1cf5da131') in 0.0018256 seconds
Start importing Packages/com.unity.xr.management/Editor/Unity.XR.Management.Editor.asmdef using Guid(f9fe0089ec81f4079af78eb2287a6163) (AssemblyDefinitionImporter) -> (artifact id: 'd14f81caf2ce7839ddd7dbaa607e37a0') in 0.0020684 seconds
Start importing Packages/com.unity.xr.management/Tests/Runtime/Unity.XR.Management.Tests.asmdef using Guid(0a731f4d44d04439bb291bdbaa8cb9fc) (AssemblyDefinitionImporter) -> (artifact id: 'e6995d9f38a9d232a8a30c9a45bf8afd') in 0.001888 seconds
Start importing Packages/com.unity.test-framework/UnityEditor.TestRunner/UnityEditor.TestRunner.asmdef using Guid(0acc523941302664db1f4e527237feb3) (AssemblyDefinitionImporter) -> (artifact id: 'a37885b78cc3bc346b8ba1ba7dd76b0c') in 0.0017087 seconds
Start importing Packages/com.unity.collab-proxy/Editor/Assistant/Unity.PlasticSCM.Editor.Assistant.asmdef using Guid(1a494b476833467f9df3a23e8804595b) (AssemblyDefinitionImporter) -> (artifact id: '4f078de12b9fdfb838fe1b12d5dec6b3') in 0.0018326 seconds
Start importing Packages/com.unity.inputsystem/Tests/IntegrationTests/Unity.InputSystem.IntegrationTests.asmdef using Guid(3ae5734e49d646442ad24f37762ebdd2) (AssemblyDefinitionImporter) -> (artifact id: '9abaaed583597bdbc9fadb4bc1dd80ee') in 0.0016191 seconds
Start importing Packages/com.unity.2d.tilemap/Editor/Unity.2D.Tilemap.Editor.asmdef using Guid(3a9781db4804a9945b9883f3a7c46d45) (AssemblyDefinitionImporter) -> (artifact id: '9c862f09385ea29aeea7e904b53042c4') in 0.0018885 seconds
Start importing Packages/com.unity.services.core/Runtime/Registration/Unity.Services.Core.Registration.asmdef using Guid(7a3effa9f908d4e8a88877e048cf05dd) (AssemblyDefinitionImporter) -> (artifact id: '242310be5a3b1bcdfaaf29affeae4155') in 0.0017925 seconds
Start importing Packages/com.unity.xr.legacyinputhelpers/Runtime/TrackedPoseDriver/UnityEngine.SpatialTracking.asmdef using Guid(ba171b3dd2a51234ab864770f99741a5) (AssemblyDefinitionImporter) -> (artifact id: '764982c79c22882b4ff4d912a8ea2bb8') in 0.0017207 seconds
Start importing Packages/com.unity.xr.arfoundation/Tests/Editor/InternalUtils/Unity.XR.ARFoundation.InternalUtils.Editor.Tests.asmdef using Guid(fa70b942f3ecd43f18bacc33a505fa5c) (AssemblyDefinitionImporter) -> (artifact id: '33a24332e6e949377dcedeff6aa49cce') in 0.0016829 seconds
Start importing Packages/com.unity.ugui/Runtime/UGUI/UnityEngine.UI.asmdef using Guid(2bafac87e7f4b9b418d9448d219b01ab) (AssemblyDefinitionImporter) -> (artifact id: 'ae336cb81789e16129f7ac7efd5e66ac') in 0.001991 seconds
Start importing Packages/com.unity.xr.arfoundation/Tests/Runtime/CodeSamples/Unity.XR.ARFoundation.CodeSamples.Tests.asmdef using Guid(3bdd7457c03d749c18d130bda2fa8ec2) (AssemblyDefinitionImporter) -> (artifact id: '77f3f1248583eae042ed692139fa01b5') in 0.0019031 seconds
Start importing Packages/com.unity.collab-proxy/Editor/Unity.PlasticSCM.Editor.asmdef using Guid(4b84427fd7ace4b4cb623ef8a46124ed) (AssemblyDefinitionImporter) -> (artifact id: 'f1189ac68d0498067932729d2bc3105d') in 0.0017342 seconds
Start importing Packages/com.unity.purchasing/Runtime/Common/Purchasing.Common.asmdef using Guid(7bb1ee73ebb9f114188944f67b1333d6) (AssemblyDefinitionImporter) -> (artifact id: 'f74e95a8a5a87dae8ec4937af4ea1686') in 0.0019165 seconds
Start importing Packages/com.unity.xr.arfoundation/Editor/ARSubsystems/Unity.XR.ARSubsystems.Editor.asmdef using Guid(8b0c2853a940d4fd9979bac438eb5bf3) (AssemblyDefinitionImporter) -> (artifact id: '22bb2e4bce5e14fb81b1b6ee260cbc53') in 0.0018459 seconds
Start importing Packages/com.unity.xr.management/Tests/TestPackage/Runtime/Uniyt.XR.Management.TestPackage.asmdef using Guid(9b8b61ec9cb92d1439beb03814dc2cb0) (AssemblyDefinitionImporter) -> (artifact id: '45a184ecf62d99d81c5a814533efcf34') in 0.00179 seconds
Start importing Packages/com.unity.ugui/Tests/Runtime/TMP/Unity.TextMeshPro.Tests.asmdef using Guid(bb05cab7d802aa5468f8f2f86840d984) (AssemblyDefinitionImporter) -> (artifact id: '89d48fa439e205f5072672939dd03b3e') in 0.0017733 seconds
Start importing Packages/com.unity.services.core/Editor/Core/Unity.Services.Core.Editor.asmdef using Guid(1c66728ad60364b82bf095d383b87458) (AssemblyDefinitionImporter) -> (artifact id: 'e3845c1d3bdc95ec6f27870bdf5eafc8') in 0.0017509 seconds
Start importing Assets/_Project/Core/VRM.Core.asmdef using Guid(2c32224be52623249b6e1fad0681e81e) (AssemblyDefinitionImporter) -> (artifact id: '24e29f2fde0aa9e2ee88977537bc4439') in 0.0025836 seconds
Start importing Packages/com.unity.2d.sprite/Editor/Unity.2D.Sprite.Editor.asmdef using Guid(2c573e6b271651846a79655161004c5b) (AssemblyDefinitionImporter) -> (artifact id: 'ad155b58be6d3a256711849c2e0fdcf8') in 0.0019872 seconds
Start importing Packages/com.unity.ugui/Tests/Editor/UGUI/UnityEditor.UI.EditorTests.asmdef using Guid(7c04f0dfa9243c04681a55d90d3ff3fc) (AssemblyDefinitionImporter) -> (artifact id: 'b0030b2b8f67d12eacbc22c1af1fbac4') in 0.0017642 seconds
Start importing Packages/com.unity.2d.tilemap/Tests/Editor/Unity.2D.Tilemap.Package.EditorTests.asmdef using Guid(8ce1fc14411aade4b81c0e6dd86950be) (AssemblyDefinitionImporter) -> (artifact id: 'c4d9df05de1b5d6bcb87152f50066aff') in 0.0015768 seconds
Start importing Packages/com.unity.ai.navigation/Runtime/Unity.AI.Navigation.asmdef using Guid(8c4dd21966739024fbd72155091d199e) (AssemblyDefinitionImporter) -> (artifact id: 'cc5cca0622230da4c134ad5ba351c1cf') in 0.0029834 seconds
Start importing Packages/com.unity.xr.arfoundation/Tests/Runtime/XRSimulation/Unity.XR.Simulation.Runtime.Tests.asmdef using Guid(ac5e3383b319944839ccab6f66289e52) (AssemblyDefinitionImporter) -> (artifact id: '0f46e8c23ea63fee39b483a1a9231580') in 0.001769 seconds
Start importing Packages/com.unity.inputsystem/Tests/TestFixture/Unity.InputSystem.TestFramework.asmdef using Guid(dc04f38471c3a459fb4d31124ee9127d) (AssemblyDefinitionImporter) -> (artifact id: 'f7b9ae147baf20ba48e98b1980f6cc2c') in 0.0017959 seconds
Start importing Packages/com.unity.xr.core-utils/Runtime/Unity.XR.CoreUtils.asmdef using Guid(dc960734dc080426fa6612f1c5fe95f3) (AssemblyDefinitionImporter) -> (artifact id: '0b0e7749ca849dcf1556c52fee014698') in 0.0019317 seconds
Start importing Packages/com.unity.xr.core-utils/Tests/Editor/CodeSamples/Unity.XR.CoreUtils.CodeSamples.Tests.asmdef using Guid(3d53ee15b96134ef5aa193409bc3d4c0) (AssemblyDefinitionImporter) -> (artifact id: '7215a7fd5e484f1c166259b05b30e001') in 0.0018398 seconds
Start importing Packages/com.unity.xr.core-utils/Editor/Unity.XR.CoreUtils.Editor.asmdef using Guid(4ddd23ea56a3a40f0aa0036d1624a53e) (AssemblyDefinitionImporter) -> (artifact id: '6c916791965ab16215b112353399b297') in 0.001784 seconds
Start importing Packages/com.unity.purchasing/Runtime/WinRTStub/UnityEngine.Purchasing.WinRTStub.asmdef using Guid(6dd7470a4befbae4a8c06c3746662f86) (AssemblyDefinitionImporter) -> (artifact id: '28dbed18a9be3bdb8e71d60cb9530fed') in 0.0020987 seconds
Start importing Packages/com.unity.analytics/Tests/Editor/Unity.Analytics.StandardEvents.EditorTests.asmdef using Guid(adee0c1377ef8b2489060e152dd0d119) (AssemblyDefinitionImporter) -> (artifact id: '090616f83a916567ebc5eeaadd64465e') in 0.0018175 seconds
Start importing Packages/com.unity.xr.arfoundation/Runtime/VisualScripting/Unity.XR.ARFoundation.VisualScripting.asmdef using Guid(cdb8859fb0a09423cb297e38fa65bd99) (AssemblyDefinitionImporter) -> (artifact id: '02dc4f157365708d62ccfe35803e2d4f') in 0.0019068 seconds
Start importing Packages/com.unity.xr.legacyinputhelpers/Tests/Runtime/TrackedPoseDriver/UnityEngine.SpatialTracking.Tests.asmdef using Guid(0ed2122ec3d57864e862de5fb40f7eae) (AssemblyDefinitionImporter) -> (artifact id: '580e03846c0cd193b33f08d58cd763d5') in 0.0017438 seconds
Start importing Packages/com.unity.services.analytics/Editor/Unity.Services.Analytics.Editor.asmdef using Guid(0e3c3eb7c9e204d9a971561df3498313) (AssemblyDefinitionImporter) -> (artifact id: '3d78b48d46cd99d14c9e809242865460') in 0.0015846 seconds
Start importing Packages/com.unity.xr.arcore/Tests/Editor/Unity.XR.ARCore.Editor.Tests.asmdef using Guid(3ea00208b93ac42ddb026a263bd9ef58) (AssemblyDefinitionImporter) -> (artifact id: 'b9dd690bd3233f554d5447f7c4fc5a7d') in 0.0015244 seconds
Start importing Packages/com.unity.xr.arfoundation/Editor/ARAnalytics/Unity.XR.ARAnalytics.Editor.asmdef using Guid(3e157be2a77444a3d923ef4ab98b10b0) (AssemblyDefinitionImporter) -> (artifact id: 'ce26a03d1ea6f959cc206bc58e7fa246') in 0.0019724 seconds
Start importing Packages/com.unity.xr.arfoundation/Tests/Editor/XRTestTooling/Unity.XR.TestTooling.Editor.Tests.asmdef using Guid(3e5ecfe2afaeb46a6bf39845165b9b6a) (AssemblyDefinitionImporter) -> (artifact id: '9447ffdf9ec898aa44fc7bbddbabf7e6') in 0.0018571 seconds
Start importing Packages/com.unity.services.analytics/Runtime/Unity.Services.Analytics.asmdef using Guid(5e0b455853cd340e0813387221dfd501) (AssemblyDefinitionImporter) -> (artifact id: '9e43ba4f923e2f539889bdd52706da40') in 0.0515417 seconds
Start importing Packages/com.unity.xr.arfoundation/Runtime/InternalUtils/Unity.XR.ARFoundation.InternalUtils.asmdef using Guid(9e46552017bcb4589bcb9664adc3eaf1) (AssemblyDefinitionImporter) -> (artifact id: '65da4f0f1981c0738fa032c2a689b130') in 0.0025138 seconds
Start importing Packages/com.unity.xr.arcore/Runtime/Unity.XR.ARCore.asmdef using Guid(9e6bdf94fcb245c585c26819fa23a202) (AssemblyDefinitionImporter) -> (artifact id: 'd44591551ca591f0c87e34600e8c1e50') in 0.0022276 seconds
Start importing Packages/com.unity.services.core/Editor/Core/Environments/Unity.Services.Core.Environments.Editor.asmdef using Guid(9e6ed7d51349b45518022aa545ab7e0b) (AssemblyDefinitionImporter) -> (artifact id: '86ce557f2c50e5f67df2c7b298a81575') in 0.0024941 seconds
Start importing Assets/_Project/AR/VRM.AR.asmdef using Guid(aeac740eca993ea4bada4a40d758b3f9) (AssemblyDefinitionImporter) -> (artifact id: '0b03f00feb6d58b8195579b21138edc8') in 0.0028042 seconds
Start importing Packages/com.unity.multiplayer.center/Editor/Unity.Multiplayer.Center.Editor.asmdef using Guid(be17709716f1648caa5de6d0c38103ed) (AssemblyDefinitionImporter) -> (artifact id: '6ce86c22cc7899b0214f30e55df0ec5c') in 0.0021635 seconds
Start importing Packages/com.unity.xr.arfoundation/Tests/Editor/ARSubsystems/Unity.XR.ARSubsystems.Editor.Tests.asmdef using Guid(beb96ec8ad8b849a787382738bb427ae) (AssemblyDefinitionImporter) -> (artifact id: '7b39d003a79bad06d79917c806660a53') in 0.0024989 seconds
Start importing Packages/com.unity.services.core/Runtime/Core/Unity.Services.Core.asmdef using Guid(fe25561d224ed4743af4c60938a59d0b) (AssemblyDefinitionImporter) -> (artifact id: 'bed49020658fd21e454f2c96c634a6f4') in 0.0017823 seconds
Start importing Packages/com.unity.analytics/DataPrivacy/Unity.Analytics.DataPrivacy.asmdef using Guid(0fda7ebe61ab2164383d10e32efb9c6e) (AssemblyDefinitionImporter) -> (artifact id: '307dd330fb2d4723e2f158e0f75d1ede') in 0.0020247 seconds
Start importing Packages/com.unity.services.core/Runtime/Networking/Unity.Services.Core.Networking.asmdef using Guid(4fc462806a32aa245a7b28367381bf24) (AssemblyDefinitionImporter) -> (artifact id: 'ad4155cb36878a16ee1b7ea1753de00a') in 0.0018502 seconds
Start importing Packages/com.unity.xr.arfoundation/Editor/InternalUtils/Unity.XR.ARFoundation.InternalUtils.Editor.asmdef using Guid(5f27140884daf8a43af9434fd8028de9) (AssemblyDefinitionImporter) -> (artifact id: '720e3e46b78c87c379ae0e0e7a62ff42') in 0.002806 seconds
Start importing Packages/com.unity.xr.arfoundation/Tests/Editor/CodeSamples/Unity.XR.ARFoundation.CodeSamples.Editor.Tests.asmdef using Guid(5fab0d74d4d31754180a351f20d1dd72) (AssemblyDefinitionImporter) -> (artifact id: '32ef5a9da76ec0d44b233b7bdfa0b22a') in 0.0021206 seconds
Start importing Packages/com.unity.xr.arfoundation/Editor/ARFoundation/Unity.XR.ARFoundation.Editor.asmdef using Guid(7f759c464cb5ea8448d441f13b57aec0) (AssemblyDefinitionImporter) -> (artifact id: 'b74aa208e2c6a795330ea8a1fe54f849') in 0.0017732 seconds
Start importing Packages/com.unity.xr.arfoundation/Editor/VisualScripting/Unity.XR.ARFoundation.VisualScripting.Editor.asmdef using Guid(7fb5bd92010cb49b985f8c463d6914ae) (AssemblyDefinitionImporter) -> (artifact id: '9b3dc7ef7654c5d0bb8798352dc1f04c') in 0.0024726 seconds
Start importing Packages/com.unity.purchasing/Plugins/UnityPurchasing/Android/IAPResolver/IAPResolver.asmdef using Guid(af860f39950cf4bcb871b7edd8c723d6) (AssemblyDefinitionImporter) -> (artifact id: '16aa77afe8185add4e8bb44ba4e815b8') in 0.0021008 seconds
Start importing Packages/com.unity.modules.ui/package.ModuleCompilationTrigger using Guid(51fa60bb2bd1e5bc74e8cc95a7bfd5b7) (DefaultImporter) -> (artifact id: '237e32f9541121b786ca4b06eace0dfe') in 0.0256112 seconds
Start importing Packages/com.unity.modules.unityanalytics/package.ModuleCompilationTrigger using Guid(71136fc5cf34f2cc10be0e33c0b08019) (DefaultImporter) -> (artifact id: '9b0cf4eb7c767f90f530cd263ba24ee4') in 0.001068 seconds
Start importing Packages/com.unity.modules.tilemap/package.ModuleCompilationTrigger using Guid(a1c42005fe7c5d78585a77ce396a5eea) (DefaultImporter) -> (artifact id: 'd923349cce1d10fbf9fab4491e59c38f') in 0.0006939 seconds
Start importing Packages/com.unity.modules.hierarchycore/package.ModuleCompilationTrigger using Guid(d104359075a97392b803d3d5aebc77f7) (DefaultImporter) -> (artifact id: '5f087c93c58d9b1c35f89c539ed3a98d') in 0.000658 seconds
Start importing Packages/com.unity.modules.assetbundle/package.ModuleCompilationTrigger using Guid(222fc39b0c85d800342910da2cd64781) (DefaultImporter) -> (artifact id: '9a6a8c4ae725acd0e4d082b2f7469352') in 0.0005382 seconds
Start importing Packages/com.unity.modules.unitywebrequest/package.ModuleCompilationTrigger using Guid(d2ec2d1228c8e67cdd913cb5609176a2) (DefaultImporter) -> (artifact id: '8af4f3e306c0241d03204a437a8fc5e0') in 0.000614 seconds
Start importing Packages/com.unity.modules.ai/package.ModuleCompilationTrigger using Guid(e2d09a26ce46dc617b54e49a534ace20) (DefaultImporter) -> (artifact id: 'a71f1fd08e4e9bf1ecd2d64209645034') in 0.0005855 seconds
Start importing Packages/com.unity.modules.terrain/package.ModuleCompilationTrigger using Guid(23032f4383e95e772bce465c5896d0fd) (DefaultImporter) -> (artifact id: '491a7f75d3e9187fba07a3d515b1da29') in 0.0005297 seconds
Start importing Packages/com.unity.modules.imageconversion/package.ModuleCompilationTrigger using Guid(830a36a23cf3ab1e61fa47940a6dc35e) (DefaultImporter) -> (artifact id: 'ee0f0c801f95c19382d8b454dc7586e1') in 0.0005328 seconds
Start importing Packages/com.unity.modules.unitywebrequesttexture/package.ModuleCompilationTrigger using Guid(a31a332ce3485f00f7df8d987302a29c) (DefaultImporter) -> (artifact id: '5b56561b2c8cae5c48817dca1565364f') in 0.0006074 seconds
Start importing Packages/com.unity.modules.audio/package.ModuleCompilationTrigger using Guid(042dc296246916648e55a43d0eeb2036) (DefaultImporter) -> (artifact id: '93cfeb7be8bf6df4dc4fc167223dc2d5') in 0.0005614 seconds
Start importing Packages/com.unity.modules.unitywebrequestaudio/package.ModuleCompilationTrigger using Guid(553737203d61a8109f9544a97201e1aa) (DefaultImporter) -> (artifact id: '29c8c1952ecab40326be6fe65bf2dc75') in 0.0006073 seconds
Start importing Packages/com.unity.modules.vr/package.ModuleCompilationTrigger using Guid(b5bd8fa6f4c55ab6f09322b86d18b0e3) (DefaultImporter) -> (artifact id: '7fb6f5a64a18b8abc92ffb2611727976') in 0.0005865 seconds
Start importing Packages/com.unity.modules.vehicles/package.ModuleCompilationTrigger using Guid(e5c46c19ce0ce2e0103aa6f82df1043a) (DefaultImporter) -> (artifact id: '4efeb502fc9ade03fc8da1a2020cc14d') in 0.000532 seconds
Start importing Packages/com.unity.modules.unitywebrequestassetbundle/package.ModuleCompilationTrigger using Guid(7610600f5c83e01041a6fe849d39279f) (DefaultImporter) -> (artifact id: '5ea653cc184754456a13dd8d09c34205') in 0.0005764 seconds
Start importing Packages/com.unity.modules.jsonserialize/package.ModuleCompilationTrigger using Guid(e6a135e3ea9cb46795d1b0e05ac3e1e5) (DefaultImporter) -> (artifact id: '8d26f1c211bce77f7cf17eccccd57b0d') in 0.0005354 seconds
Start importing Packages/com.unity.modules.video/package.ModuleCompilationTrigger using Guid(f62135e79edb837b2d2ee3c524da864c) (DefaultImporter) -> (artifact id: '6ebda327ae83705f04de3efed3db9873') in 0.0005825 seconds
Start importing Packages/com.unity.modules.particlesystem/package.ModuleCompilationTrigger using Guid(17f093324b67f5bd57e55b546736750e) (DefaultImporter) -> (artifact id: '2ff549dcfdc7b1fa23811cebe1444f07') in 0.0007123 seconds
Start importing Packages/com.unity.modules.accessibility/package.ModuleCompilationTrigger using Guid(4745d06d5a7ca576dcf9e5e67b417652) (DefaultImporter) -> (artifact id: 'ae9e01646ac31a09b3de296582cd6de0') in 0.0006662 seconds
Start importing Packages/com.unity.modules.xr/package.ModuleCompilationTrigger using Guid(c7a8b0317f4e68556d7509828e9e211e) (DefaultImporter) -> (artifact id: 'cff4c28c132f8374585e00aa928dde3a') in 0.0007847 seconds
Start importing Packages/com.unity.modules.cloth/package.ModuleCompilationTrigger using Guid(082fbee38a82835433261a5e9c00e267) (DefaultImporter) -> (artifact id: 'fb60fe65bd12026494280cd2600d4c8d') in 0.0005659 seconds
Start importing Packages/com.unity.modules.androidjni/package.ModuleCompilationTrigger using Guid(c82e859b16636ddd2ca4a1f63fd34938) (DefaultImporter) -> (artifact id: '28e4fd36d397729ef98ce8a6b5fe53a2') in 0.0005876 seconds
Start importing Packages/com.unity.modules.director/package.ModuleCompilationTrigger using Guid(c88e90bad18cceb5d182d0c805883056) (DefaultImporter) -> (artifact id: '8e742e385eae214c44fd937134cf600f') in 0.0007103 seconds
Start importing Packages/com.unity.modules.wind/package.ModuleCompilationTrigger using Guid(2adec19fac7df68adf1fd6eb83197bb1) (DefaultImporter) -> (artifact id: '7db7181525b7da8ee072e519f9529aab') in 0.0005591 seconds
Start importing Packages/com.unity.modules.uielements/package.ModuleCompilationTrigger using Guid(8a752aaaadd2410dd9a84e01c1bace9f) (DefaultImporter) -> (artifact id: 'ae37e7f0f1483578fc0d8d28fd17e0e2') in 0.0005497 seconds
Start importing Packages/com.unity.modules.umbra/package.ModuleCompilationTrigger using Guid(1b6246f2248883964991eac9e9b4817c) (DefaultImporter) -> (artifact id: 'd1507e2ccffaa842e8d211f5b4e1425f') in 0.0006194 seconds
Start importing Packages/com.unity.modules.terrainphysics/package.ModuleCompilationTrigger using Guid(cbb1a39d56ce4d9ac1a46ac505893fa7) (DefaultImporter) -> (artifact id: '8d1d3ac1946fa5f9233e968059d3fb13') in 0.0006612 seconds
Start importing Packages/com.unity.modules.animation/package.ModuleCompilationTrigger using Guid(db8e609a39b9b231fccc54e5fa4cbd1b) (DefaultImporter) -> (artifact id: '76194af19b6b83e46d258b902c79f26f') in 0.0005906 seconds
Start importing Packages/com.unity.modules.physics/package.ModuleCompilationTrigger using Guid(5c1ee4056d0ac7ad3c5a16597fcaa38a) (DefaultImporter) -> (artifact id: '288b7a03d6481d4e92cee0ae908758ad') in 0.0006313 seconds
Start importing Packages/com.unity.modules.subsystems/package.ModuleCompilationTrigger using Guid(8d4bc6bfa28760b29f13174d6b6ea710) (DefaultImporter) -> (artifact id: '86683c86d6892e456463f75256ee724d') in 0.0005241 seconds
Start importing Packages/com.unity.modules.screencapture/package.ModuleCompilationTrigger using Guid(cd561f5f687aed43bf280c27a84f79e3) (DefaultImporter) -> (artifact id: '9675ccd07d8427f33d815eef637fd3c3') in 0.000524 seconds
Start importing Packages/com.unity.modules.unitywebrequestwww/package.ModuleCompilationTrigger using Guid(ae87256f29d9c8b50490f4caf75b2c41) (DefaultImporter) -> (artifact id: '8a97098fbd52b5ae1a5755ce8a67debb') in 0.0005865 seconds
Start importing Packages/com.unity.modules.imgui/package.ModuleCompilationTrigger using Guid(be13c398521e3c1ad21fb9da30ab2ab6) (DefaultImporter) -> (artifact id: 'ea0574aa05344c7e80357502346d73fc') in 0.0004929 seconds
Start importing Packages/com.unity.modules.physics2d/package.ModuleCompilationTrigger using Guid(fe6a6957b37b61417b457a1e0541791d) (DefaultImporter) -> (artifact id: 'a5a6ae7d64235baf32ceb35097cc3c10') in 0.0005023 seconds
Refreshing native plugins compatible for Editor in 11.93 ms, found 4 plugins.
Native extension for iOS target not found
Native extension for Android target not found
Native extension for WindowsStandalone target not found
Mono: successfully reloaded assembly
- Finished resetting the current domain, in  1.032 seconds
Domain Reload Profiling: 1752ms
	BeginReloadAssembly (176ms)
		ExecutionOrderSort (0ms)
		DisableScriptedObjects (10ms)
		BackupInstance (0ms)
		ReleaseScriptingObjects (0ms)
		CreateAndSetChildDomain (33ms)
	RebuildCommonClasses (29ms)
	RebuildNativeTypeToScriptingClass (9ms)
	initialDomainReloadingComplete (24ms)
	LoadAllAssembliesAndSetupDomain (482ms)
		LoadAssemblies (394ms)
		RebuildTransferFunctionScriptingTraits (0ms)
		AnalyzeDomain (178ms)
			TypeCache.Refresh (129ms)
				TypeCache.ScanAssembly (117ms)
			BuildScriptInfoCaches (42ms)
			ResolveRequiredComponents (3ms)
	FinalizeReload (1032ms)
		ReleaseScriptCaches (0ms)
		RebuildScriptCaches (0ms)
		SetupLoadedEditorAssemblies (919ms)
			LogAssemblyErrors (0ms)
			InitializePlatformSupportModulesInManaged (29ms)
			SetLoadedEditorAssemblies (5ms)
			BeforeProcessingInitializeOnLoad (128ms)
			ProcessInitializeOnLoadAttributes (602ms)
			ProcessInitializeOnLoadMethodAttributes (149ms)
			AfterProcessingInitializeOnLoad (4ms)
			EditorAssembliesLoaded (1ms)
		ExecutionOrderSort2 (0ms)
		AwakeInstancesAfterBackupRestoration (8ms)
Start importing Assets/Resources using Guid(e2e107415caefff4192df48c0861084f) (DefaultImporter) -> (artifact id: 'fa236637455261ddcd4e26e0154e0f22') in 0.0020257 seconds
Start importing Library/BuildPlayer.prefs using Guid(00000000000000005000000000000000) (DefaultImporter) -> (artifact id: '083d37eb6b0e82b8f5c1ec86344d848d') in 0.0275034 seconds
Start importing Packages/com.unity.analytics/Unity.Analytics.Tracker.dll.mdb using Guid(d607a67dc772b484da060e66a3d61a4e) (DefaultImporter) -> (artifact id: 'ff5557e7da810cd9dccec794dc388710') in 0.0082937 seconds
Start importing Packages/com.unity.analytics/Unity.Analytics.Editor.dll.mdb using Guid(fec197bad419341558f81f2ec8a05e18) (DefaultImporter) -> (artifact id: 'c9b36134534d95a13dd0aabb4975a9f2') in 0.0009029 seconds
Start importing Packages/com.unity.purchasing/Editor/AppleIncRootCertificate.cer using Guid(79da3f60f13c14c08aa09b9b72eacaff) (DefaultImporter) -> (artifact id: 'c69fcd27a3c87a497b402a0b3cb0d82a') in 0.0067365 seconds
Start importing Packages/com.unity.ugui/Package Resources/TMP Examples & Extras.unitypackage using Guid(bc00e25696e4132499f56528d3fed2e3) (DefaultImporter) -> (artifact id: '1ce1a29a71d1a5e8b09cc972336e5d7e') in 0.0041818 seconds
Start importing Packages/com.unity.purchasing/Editor/IAPGeneratedCredentials.cs.template using Guid(5d137f890d26642219841a7f08fff0fb) (DefaultImporter) -> (artifact id: '75a208e635b58a7ce3e04b355633310d') in 0.0041329 seconds
Start importing Packages/com.unity.nuget.newtonsoft-json/Runtime/Newtonsoft.Json.pdb using Guid(7d34f3cc1c0185b4990cf748e55a8688) (DefaultImporter) -> (artifact id: '1cbc4390bbaf31a69fa104bed1286f91') in 0.0079566 seconds
Start importing Packages/com.unity.purchasing/Editor/StoreKitTestCertificate.cer using Guid(8e649573cf74c4f639e2acc868af433a) (DefaultImporter) -> (artifact id: '1a24f9b14d9fd4ceb827fa60053095a4') in 0.0009289 seconds
Start importing Packages/com.unity.ugui/Package Resources/TMP Essential Resources.unitypackage using Guid(ce4ff17ca867d2b48b5c8a4181611901) (DefaultImporter) -> (artifact id: 'c9b9d0e8e0d8a5df2fad0e13885ca7c4') in 0.0008293 seconds
Start importing Packages/com.unity.analytics/AnalyticsStandardEvents/Unity.Analytics.StandardEvents.dll.mdb using Guid(4f81cd564330421097fbc6b671962d49) (DefaultImporter) -> (artifact id: '88a348c04a3284631f1b38ce86a92723') in 0.0010002 seconds
Start importing Packages/com.unity.services.core/Runtime/Threading/Unity.Services.Core.Threading.api using Guid(a2223fccbc4b76546b70cd6d62739cf1) (DefaultImporter) -> (artifact id: 'd795349423440e08c83a446d0eab3c4f') in 0.0032882 seconds
Start importing Packages/com.unity.nuget.newtonsoft-json/Runtime/AOT/Newtonsoft.Json.pdb using Guid(1396f5bdc432cd247ac75b97a31e4d1a) (DefaultImporter) -> (artifact id: '54274fc98b839c9a8653151473d087b3') in 0.0009317 seconds
Start importing Packages/com.unity.services.core/Runtime/Scheduler/Unity.Services.Core.Scheduler.api using Guid(93f3fa6ca41e54380b7362a953d48f4f) (DefaultImporter) -> (artifact id: 'd8b9bc65647c8e2576282ce6e2f4eb2f') in 0.0007611 seconds
Start importing Packages/com.unity.services.core/Editor/Core/Unity.Services.Core.Editor.api using Guid(24b38a646859243c4a35b882459da8a9) (DefaultImporter) -> (artifact id: 'e43166c936af6f31489362e7a33501d0') in 0.0006847 seconds
Start importing Packages/com.unity.services.core/Runtime/Core/Unity.Services.Core.api using Guid(75ba8cc18b7164eb6aa7a8c4e64fbd25) (DefaultImporter) -> (artifact id: '132c63f55d8dc79279f0ea3eed3aca90') in 0.0007232 seconds
Start importing Packages/com.unity.mathematics/Unity.Mathematics/Noise/README using Guid(16687ba1ea1804a9fb7cb7c2410eab23) (DefaultImporter) -> (artifact id: '2929125107863164c206a89898b66aa5') in 0.0006144 seconds
Start importing Packages/com.unity.multiplayer.center/Editor/Questionnaire/Questionnaire.questionnaire using Guid(a659150180ae3489ba41c71780ba3779) (DefaultImporter) -> (artifact id: 'f015c12481ca2ebbe281edf6a5646fdb') in 0.0036704 seconds
Start importing Packages/com.unity.multiplayer.center/Editor/Recommendations/RecommendationData_6000.0.recommendations using Guid(b66d076cdcfe3b14388de66307a0e7ff) (DefaultImporter) -> (artifact id: '1b3459ae4f98f07b813c3fa223d78525') in 0.0035276 seconds
Start importing Packages/com.unity.services.core/Runtime/Telemetry/Unity.Services.Core.Telemetry.api using Guid(47b040834d0cf144b80407277a1bcadd) (DefaultImporter) -> (artifact id: 'cbadaca8754476c5752529a39ae6e329') in 0.0011137 seconds
Start importing Packages/com.unity.services.core/Runtime/Core.Internal/Unity.Services.Core.Internal.api using Guid(6785295165a3043e78d533185c7bf4cb) (DefaultImporter) -> (artifact id: '56e7763bb1c4ac4cff2be67b43b55730') in 0.0008872 seconds
Start importing Packages/com.unity.services.core/Runtime/Environments/Unity.Services.Core.Environments.api using Guid(973daa486f51c45fab6cbd0a82a6dec7) (DefaultImporter) -> (artifact id: '615a13f49d806b20d9b5faea5fc2ff33') in 0.0009644 seconds
Start importing Packages/com.unity.ide.visualstudio/Editor/VSWhere/vswhere.exe using Guid(585c3fb85b32bd64e8814074e754163e) (DefaultImporter) -> (artifact id: '7ca1d7ea37c1153a3b01c9dd9e8e3c8d') in 0.0052292 seconds
Start importing Packages/com.unity.mathematics/Unity.Mathematics/Noise/LICENSE using Guid(e8895079ca68e498482a3075d7e34508) (DefaultImporter) -> (artifact id: '2ccf915d0b12a895d154feb6c9e1bfa4') in 0.0008292 seconds
Start importing Packages/com.unity.services.core/Runtime/Analytics/Unity.Services.Core.Analytics.api using Guid(3acc39c28cb7b4e14aec130471988144) (DefaultImporter) -> (artifact id: '36e0d359bf8247b2bda0ed6d55033511') in 0.0008095 seconds
Start importing Packages/com.unity.services.core/Runtime/Registration/Unity.Services.Core.Registration.api using Guid(0b717c01fb2904de1bd971d517f26c29) (DefaultImporter) -> (artifact id: 'fb6c076ca153f5f59a7d4cc211c7f20f') in 0.0010115 seconds
Start importing Packages/com.unity.services.core/Runtime/Networking/Unity.Services.Core.Networking.api using Guid(0bc813267d884254f93e1477fe12263b) (DefaultImporter) -> (artifact id: 'b5c37074f40b59a837c028c624a24206') in 0.0008081 seconds
Start importing Packages/com.unity.services.core/Runtime/Components/Unity.Services.Core.Components.api using Guid(dc4d653a4df37f0488eb48939f3898fd) (DefaultImporter) -> (artifact id: '90359e5b7ab374ca8262b9ee760dcdb0') in 0.0006804 seconds
Start importing Packages/com.unity.2d.sprite/Editor/Assets/SpriteEditorWindowDefault.overlay using Guid(6d70958817ddd43678a10b02a1aa4cdd) (DefaultImporter) -> (artifact id: 'f9756d37b3eec6e067a99ba748460ac8') in 0.0025883 seconds
Start importing Packages/com.unity.services.core/Runtime/Configuration/Unity.Services.Core.Configuration.api using Guid(3fdb983cd9c6943db94f76b0e6462317) (DefaultImporter) -> (artifact id: '83f7cd9ab2279d8eed31e962f1ef11a5') in 0.0011951 seconds
Start importing Packages/com.unity.services.core/Runtime/Device/Unity.Services.Core.Device.api using Guid(9fd3161dccac3420aba623cc85241d0d) (DefaultImporter) -> (artifact id: 'fe6339f1f5f2fedb1bafc12fa33f6b2a') in 0.0008029 seconds
Start importing Packages/com.unity.services.core/Editor/Core/Configuration/Unity.Services.Core.Configuration.Editor.api using Guid(22dae0cede953ee46bef52cd8dc7b9fe) (DefaultImporter) -> (artifact id: 'b7e52d3a8e4d9443af5fc167b22f4e62') in 0.0008019 seconds
Start importing Packages/com.unity.xr.core-utils/Tests/Runtime/Scenes/ConvexHullPerformanceTest.unity using Guid(14fc8b46bbbe44c8384c288cda0b3a64) (DefaultImporter) -> (artifact id: 'b800443305a865eae708539a3a6c73ff') in 0.0007174 seconds
Start importing Packages/com.unity.xr.core-utils/Tests/Runtime/Scenes/CustomApproximatelyPerformanceTest.unity using Guid(a401cbed40abb430895eec5ceb8b5353) (DefaultImporter) -> (artifact id: '9453346d4c96ea83fc74e73d8d2d169f') in 0.0006568 seconds
Start importing Packages/com.unity.services.core/Editor/Core/Environments/Unity.Services.Core.Environments.Editor.api using Guid(a4ebf98f04dc14143987a9c9bfbcac75) (DefaultImporter) -> (artifact id: '33d27e4aade6f736d65ced9b8c06c078') in 0.0006371 seconds
Start importing Packages/com.unity.xr.core-utils/Tests/Runtime/Scenes/PointInPolygonPerformanceTest.unity using Guid(d469f69adcddc4b1a91654a826f73b4d) (DefaultImporter) -> (artifact id: '4e6335b58916cc27c435447a3d69c589') in 0.0007726 seconds
Start importing Packages/com.unity.ide.visualstudio/Editor/COMIntegration/Release/COMIntegration.exe using Guid(cb67edc1800c2ec4ba8dfb1cf0dfc84a) (DefaultImporter) -> (artifact id: '6e3d23dbc7971e0ed5f6081272d6ee64') in 0.0007841 seconds
Start importing Packages/com.unity.services.core/Runtime/Environments/Internal/Unity.Services.Core.Environments.Internal.api using Guid(bd92d50cc3f25354fbc10dd21151d4ff) (DefaultImporter) -> (artifact id: '95fdde4f1db2992a93b6926dd3a6e322') in 0.0008056 seconds
Start importing Packages/com.unity.xr.arfoundation/Runtime/Simulation/Plugins/windows-x64/XRSimulationSubsystem.pdb using Guid(a1022967a90aad746b907ae522194966) (DefaultImporter) -> (artifact id: '6fa1775aa203c5ef30695b1d3d968c2f') in 0.0007367 seconds
Start importing Packages/com.unity.xr.arfoundation/Runtime/Simulation/Plugins/windows-arm64/XRSimulationSubsystem.pdb using Guid(0497231d45cdc094f8d310d20605a8f9) (DefaultImporter) -> (artifact id: '09b7d4bed389709bf130f086ee09468b') in 0.000792 seconds
Start importing Packages/com.unity.xr.arfoundation/Runtime/Simulation/Plugins/linux/XRSimulationSubsystem.debug using Guid(a49c62393703f0c4c840e5c6bcb83867) (DefaultImporter) -> (artifact id: '758075c782bb3edb4687d54eb02deb84') in 0.0031464 seconds
Start importing Packages/com.unity.inputsystem/InputSystem/Editor/Icons/ChevronUp@3x.png using Guid(006305b616daf47409935f3dc8a172e2) (TextureImporter) -> (artifact id: '561031ca9902d8ffedacdd9b33a282af') in 0.0230008 seconds
Start importing Packages/com.unity.inputsystem/InputSystem/Editor/Icons/d_ChevronDown@2x.png using Guid(0068f400a72d84c92a1b8f5889a574b2) (TextureImporter) -> (artifact id: 'b2c2f05deaea283f40dbcc96f72e68f1') in 0.0038948 seconds
Start importing Packages/com.unity.collab-proxy/Editor/Assets/Images/step2@2x.png using Guid(0029170d14ce6c04c9f45c22cdae5559) (TextureImporter) -> (artifact id: '550658892f4710c257489a8501474231') in 0.0060605 seconds
Start importing Packages/com.unity.services.analytics/Editor/Tools/Loading.png using Guid(007a06f9017eae342933fca57e1d48e5) (TextureImporter) -> (artifact id: 'b4cbf1607ad6533d8a901faf9b401e78') in 0.0044035 seconds
Start importing Packages/com.unity.collab-proxy/Editor/Assets/Images/d_iconlockedremoteoverlay.png using Guid(1046ed65e6aaffb4391378f6d08d6c14) (TextureImporter) -> (artifact id: 'd53702adbc214c389cced68da9dcca93') in 0.0032465 seconds
Start importing Packages/com.unity.collab-proxy/Editor/Assets/Images/d_iconlockretained@2x.png using Guid(20647d71003f8e34685b1972b30dbd2b) (TextureImporter) -> (artifact id: '7213e8967f08f0f4a143f2a429c5174a') in 0.0134556 seconds
Start importing Packages/com.unity.inputsystem/InputSystem/Editor/Icons/Interactive Binding@2x.png using Guid(2027b97fd12d842d7a3169c784502a54) (TextureImporter) -> (artifact id: 'd2894f4cf925a73557717f5878bca8ab') in 0.0029625 seconds
Start importing Packages/com.unity.collab-proxy/Editor/Assets/Images/iconprivateoverlay@2x.png using Guid(20894f77802694ca2b9afb02a7388138) (TextureImporter) -> (artifact id: '7b2d6496443e262d6c1c780fe39fae81') in 0.0031819 seconds
Start importing Packages/com.unity.2d.sprite/Editor/ObjectMenuCreation/DefaultAssets/Textures/v2/Capsule.png using Guid(207ee8102dd4143d288186ef0be518ee) (TextureImporter) -> (artifact id: '6b5ef9c8cfe06b1f86077010d90551fb') in 0.0068165 seconds
Start importing Packages/com.unity.collab-proxy/Editor/Assets/Images/d_iconinviteusers.png using Guid(3094096a150921c409ef35579f2ada0f) (TextureImporter) -> (artifact id: '70ee64a1a3dd0527156041ef185d97a4') in 0.003007 seconds
Start importing Packages/com.unity.collab-proxy/Editor/Assets/Images/d_buttonssosigninemail.png using Guid(3086d66a563317b40a20a20da2c64ac0) (TextureImporter) -> (artifact id: '37cc6cc167dd726b70cebc7d2d0a6662') in 0.0031812 seconds
Start importing Packages/com.unity.inputsystem/InputSystem/Editor/Icons/InputSystemUIInputModule@64.png using Guid(3028dc075ba8c584d9bc7d1e0255e038) (TextureImporter) -> (artifact id: 'fb8ff24596cc7b56590cd22ff53a53ad') in 0.0034075 seconds
Start importing Packages/com.unity.collab-proxy/Editor/Assets/Images/iconconflictresolvedoverlay@2x.png using Guid(309b1d5a294fd6c43ae9cf77656c1852) (TextureImporter) -> (artifact id: 'bb08e1c3f465373af85846d2bdc3baee') in 0.0039593 seconds
Start importing Packages/com.unity.collab-proxy/Editor/Assets/Images/iconinviteusers.png using Guid(40e23f4f2fddc724db517c63f4d8990d) (TextureImporter) -> (artifact id: 'cba088b19ddf622309827923518dd788') in 0.0039059 seconds
Start importing Packages/com.unity.timeline/Editor/StyleSheets/Images/Icons/d_TimelineCollapseMarkerButtonDisabled.png using Guid(40947ddc2dd4f0d499a92d0f3675c4e8) (TextureImporter) -> (artifact id: 'e94bfd97f4bbd1e86c93adc1cc65c114') in 0.0040565 seconds
Start importing Packages/com.unity.inputsystem/InputSystem/Editor/Icons/InputAction.png using Guid(40265a896a0f341bb956e90c59025a29) (TextureImporter) -> (artifact id: '9335de4b24485409a829e1076874b976') in 0.0053037 seconds
Start importing Packages/com.unity.2d.tilemap/Editor/Icons/Tilemap.ShowTilePalette@4x.png using Guid(401e910567b72dd4abf58be9f7e0518b) (TextureImporter) -> (artifact id: '77723041f59bbcea8171b4bd9fa7d85a') in 0.0031956 seconds
Start importing Packages/com.unity.timeline/Editor/StyleSheets/Images/DarkSkin/TimelineStartPlayback.png using Guid(5060c9f9eb2f7ee4695b638a21d8fe01) (TextureImporter) -> (artifact id: '6d0c557d3df84ae971b0da895ed2ed8f') in 0.0037844 seconds
Start importing Packages/com.unity.collab-proxy/Editor/Assets/Images/d_iconhistory@2x.png using Guid(50d1ea51731fa43db9ce0ec4fe5f0b07) (TextureImporter) -> (artifact id: '321150898e995655f27a8e339edd8458') in 0.0036732 seconds
Start importing Packages/com.unity.collab-proxy/Editor/Assets/Images/iconconflictedoverlay.png using Guid(503a763cc33a6854c86d736c5dd2515c) (TextureImporter) -> (artifact id: 'ac0ef2152bfc73b70b27579c09108399') in 0.0042207 seconds
Start importing Packages/com.unity.timeline/Editor/StyleSheets/Images/Icons/TrackRecordButtonDisabled@2x.png using Guid(6091f9516d23100479c03bca26138bc8) (TextureImporter) -> (artifact id: '9bd6d7637202cf96324e276783c446fb') in 0.0044799 seconds
Start importing Packages/com.unity.collab-proxy/Editor/Assets/Images/d_refresh@2x.png using Guid(602b72d4617c3694aa94419fc1b68e04) (TextureImporter) -> (artifact id: '0e5a07188b9291882cf69703263447f5') in 0.0038958 seconds
Start importing Packages/com.unity.2d.sprite/Editor/Assets/SpriteEditor@2x.png using Guid(7013f35dfb10340ecbb956ca7e17de0d) (TextureImporter) -> (artifact id: 'adeb608cc998237218709ce63c5f9aa7') in 0.0031613 seconds
Start importing Packages/com.unity.timeline/Editor/StyleSheets/Images/LightSkin/TimelinePlayRange.png using Guid(70e3f118652b9094885689730ad3a47b) (TextureImporter) -> (artifact id: 'f84c1dd15e6a46bb6b5bc480132cdc8a') in 0.003416 seconds
Start importing Packages/com.unity.collab-proxy/Editor/Assets/Images/icondeletedremote@2x.png using Guid(70e3ce8ad01f39248a3ea97a35bcf238) (TextureImporter) -> (artifact id: '8c8add68b9a1d5973e5d970e5f144944') in 0.003199 seconds
Start importing Packages/com.unity.ai.navigation/EditorResources/Overlay/d_NavigationOverlay@128.png using Guid(80899a9fbe3d3364eac2c5924c0a28cf) (TextureImporter) -> (artifact id: 'd57212ee1e014a053a658e51304f576d') in 0.0042587 seconds
Start importing Packages/com.unity.xr.arcore/Tests/Editor/Assets/one.png using Guid(90a79eef6393246e88d11f6201a42bf8) (TextureImporter) -> (artifact id: 'e0b5c523b9074b30b95f66b987f091c6') in 0.0153841 seconds
Start importing Packages/com.unity.collab-proxy/Editor/Assets/Images/iconretainedoverlay@2x.png using Guid(a01087ce1455c7e4c8f2410c26afcfd2) (TextureImporter) -> (artifact id: '16d4136378eeefa805da7257e31b70f5') in 0.0035622 seconds
Start importing Packages/com.unity.inputsystem/InputSystem/Editor/Icons/Mouse@4x.png using Guid(a0b78c5ab9d654a9daba91ff774b4931) (TextureImporter) -> (artifact id: '227148202c758efeaf336e828e95772f') in 0.0036324 seconds
Start importing Packages/com.unity.services.analytics/Editor/Tools/StateInactive.png using Guid(a06923554df657641a16c3812f8337a5) (TextureImporter) -> (artifact id: 'cb3a61d4efc259405b791bcdfc3fa192') in 0.0036664 seconds
Start importing Packages/com.unity.timeline/Editor/StyleSheets/Images/Shared/TimelineConnector.png using Guid(a04f1625bf500f64e97445265dfbcc93) (TextureImporter) -> (artifact id: '87fdc55a8e18da1769feacdc423dead1') in 0.00369 seconds
Start importing Packages/com.unity.timeline/Editor/StyleSheets/Images/LightSkin/TimelineHold.png using Guid(a09fd8b5d9396c24a96a6de50cddc3b9) (TextureImporter) -> (artifact id: 'ac72d291b0b61221521b6afbc3eed7fa') in 0.0038231 seconds
Start importing Packages/com.unity.inputsystem/InputSystem/Editor/Icons/InputActionAsset.png using Guid(b025a2a0f9e554d1e88a93b5649dfc3f) (TextureImporter) -> (artifact id: 'a56880c01d7ec808cfc02025decea49f') in 0.0057577 seconds
Start importing Packages/com.unity.ai.navigation/EditorResources/NavigationWindowIcon.png using Guid(b0172c3ab97e219478711e1fbe9630f2) (TextureImporter) -> (artifact id: 'a64e61cf8e736e637d519fa1f1936980') in 0.0034867 seconds
Start importing Packages/com.unity.collab-proxy/Editor/Assets/Images/d_iconedit.png using Guid(b0e7ed213bccf484e89c4261a7e16f66) (TextureImporter) -> (artifact id: 'f6c3fc05e86044b3f674d9b74e61af3e') in 0.0041922 seconds
Start importing Packages/com.unity.inputsystem/InputSystem/Editor/AssetEditor/PackageResources/pro/propertiesBackground.png using Guid(b02e3f0c0798a4f1789a89a7697660be) (TextureImporter) -> (artifact id: 'b641857a9535761014b4fd649cec78cb') in 0.0041627 seconds
Start importing Packages/com.unity.ai.navigation/EditorResources/Overlay/NavigationOverlay On@256.png using Guid(b05e7d8dc2bdbb14ab5b1da240ac65d5) (TextureImporter) -> (artifact id: '66d19401fd99a4c2c6e163f8befec6c5') in 0.0055176 seconds
Start importing Packages/com.unity.2d.tilemap/Editor/Icons/d_Tilemap.DefaultBrush@2x.png using Guid(c06100d8ae6a60d44ab25f318a154ce3) (TextureImporter) -> (artifact id: '7bf076dcd6fee40ea4b68f8124c65768') in 0.0036412 seconds
Start importing Packages/com.unity.inputsystem/InputSystem/Editor/AssetEditor/PackageResources/pro/foldoutBackground.png using Guid(c0996bc290ff74bf4834f4a8b7dc8c3e) (TextureImporter) -> (artifact id: '24ac2cab8840225c36ff1b4824b39766') in 0.0035775 seconds
Start importing Packages/com.unity.inputsystem/InputSystem/Editor/Icons/Axis@2x.png using Guid(d0006d51a864248adba0238883f8c71e) (TextureImporter) -> (artifact id: '8dc26cbafab65be844f3684c5c900af3') in 0.0034882 seconds
Start importing Packages/com.unity.xr.arfoundation/Editor/Icons/ArrowCaretRight@2x.png using Guid(d063466193bd7d849a39c4fe3a4291a0) (TextureImporter) -> (artifact id: '2d893f8a51877c820281d3972cc4d4ce') in 0.0037488 seconds
Start importing Packages/com.unity.xr.arcore/Tests/Editor/Unity.XR.ARCore.Editor.Tests-UnityLogo White On Black.jpg using Guid(e0b604dee94974948961f7c5ce96485d) (TextureImporter) -> (artifact id: '3c87fe1b1727f3414c230079b272c6c6') in 0.0130402 seconds
Start importing Packages/com.unity.inputsystem/InputSystem/Editor/Icons/d_Axis@4x.png using Guid(e01ab4b854c6d4fa3a8d869b67ecd643) (TextureImporter) -> (artifact id: 'd5b8982bc492b6ece96324e3a3f3133d') in 0.003555 seconds
Start importing Packages/com.unity.ugui/Editor Resources/Textures/btn_AlignRight_Light.psd using Guid(e05ace3bd15740cda0bad60d89092a5b) (TextureImporter) -> (artifact id: '73baac227d0e5c243ce3e82aee7f60c7') in 0.0065762 seconds
Start importing Packages/com.unity.collab-proxy/Editor/Assets/Images/d_iconplasticnotifypendingchanges@2x.png using Guid(f0c047e73e3b41341822a9e31da81877) (TextureImporter) -> (artifact id: 'c16feca5f4c06a19daf668032e887328') in 0.0035009 seconds
Start importing Packages/com.unity.timeline/Editor/StyleSheets/Images/Icons/TrackCurvesButtonDisabled.png using Guid(f0f8ff8921b22a74a8c79d955ace248d) (TextureImporter) -> (artifact id: '6689b464bd11aa37a7f7f3f7bc7da564') in 0.0029168 seconds
Start importing Packages/com.unity.collab-proxy/Editor/Assets/Images/buttonssosigningoogle.png using Guid(f09eae8c0ea04254b90c5386a034a225) (TextureImporter) -> (artifact id: '6c100a91597654c33cdc127bbe71940a') in 0.0037264 seconds
Start importing Packages/com.unity.collab-proxy/Editor/Assets/Images/iconnext.png using Guid(010782d013661414a9aa675a9fbcceab) (TextureImporter) -> (artifact id: 'be46ab88046a60aa94c772883378c6c5') in 0.0051156 seconds
Start importing Packages/com.unity.collab-proxy/Editor/Assets/Images/d_iconpendingchangesview.png using Guid(11d4f7dd8fc834c8e92cab84d5137828) (TextureImporter) -> (artifact id: '829a18876bc9c0a8ea110d27b9b9cb89') in 0.005689 seconds
Start importing Packages/com.unity.inputsystem/InputSystem/Editor/Icons/Interactive Binding.png using Guid(2196c18f03faf4184b1aeb2c61d5571d) (TextureImporter) -> (artifact id: '717b3d6e89fdea2a9bec709a0976b30d') in 0.0036875 seconds
Start importing Packages/com.unity.collab-proxy/Editor/Assets/Images/d_iconplasticview@2x.png using Guid(3168140d6f409d0448447f18568d9482) (TextureImporter) -> (artifact id: '5a2fac7ca7b499695b867685b8f7f0fc') in 0.0031602 seconds
Start importing Packages/com.unity.2d.sprite/Editor/ObjectMenuCreation/DefaultAssets/Textures/v2/Square.png using Guid(311925a002f4447b3a28927169b83ea6) (TextureImporter) -> (artifact id: 'cc728ae82285ec8b177d5cd38730178e') in 0.0056961 seconds
Start importing Packages/com.unity.multiplayer.center/Editor/MultiplayerCenterWindow/UI/Icons/d_PackageInstalled@2x.png using Guid(318df756abab5463e9aa361360784865) (TextureImporter) -> (artifact id: '2bfc6ff6e12cf115d11676c14519e9e2') in 0.0032685 seconds
Start importing Packages/com.unity.timeline/Editor/StyleSheets/Images/LightSkin/TimelineIconClipIn.png using Guid(4171b549947246b4f9579419d5698a7e) (TextureImporter) -> (artifact id: 'a2a6c8fdd38d2b39e590c4b49ba48776') in 0.0032961 seconds
Start importing Packages/com.unity.ugui/Editor Resources/Textures/btn_AlignMiddle.psd using Guid(41b96614b2e6494ba995ddcd252d11ae) (TextureImporter) -> (artifact id: 'c376cef8200e3e4d9a72a2b2fbfc30c2') in 0.0038532 seconds
Start importing Packages/com.unity.inputsystem/InputSystem/Editor/Icons/d_Dpad@4x.png using Guid(41edf25d451a744e6ad1172a677603bd) (TextureImporter) -> (artifact id: '21d5d80aa94c56cc25f408e0b57784d1') in 0.0048265 seconds
Start importing Packages/com.unity.timeline/Editor/StyleSheets/Images/Icons/d_TimelineEditModeRippleOFF.png using Guid(411e6f19c19fa0546af83aeb59c2ed4b) (TextureImporter) -> (artifact id: '6b164ba42900bc71e396c4f9b5118590') in 0.0029603 seconds
Start importing Packages/com.unity.timeline/Editor/StyleSheets/Images/DarkSkin/TimelineDisabledBackground.png using Guid(412f73153f3a3c549b67b2a847741145) (TextureImporter) -> (artifact id: 'bb47e6bd60b4fdfd1fa4788229b46089') in 0.0038366 seconds
Start importing Packages/com.unity.collab-proxy/Editor/Assets/Images/d_iconplasticnotifyconflict.png using Guid(51582ae5ea51fa14996791a550f89473) (TextureImporter) -> (artifact id: 'd4e64ae7e3d55646cf4a2733c4892879') in 0.0030943 seconds
Start importing Packages/com.unity.2d.tilemap/Editor/Icons/Grid.RotateACW@2x.png using Guid(51b8cbcbf34a36243a954f42c5d344fc) (TextureImporter) -> (artifact id: '7f24ed4b309bfb323808e72ba6ad4286') in 0.0032857 seconds
Start importing Packages/com.unity.timeline/Editor/StyleSheets/Images/Icons/TrackMuteButtonEnabled@2x.png using Guid(512aaee9b220348408a2e518f98d6e14) (TextureImporter) -> (artifact id: '5689f32802994b9d18789793ba9a8bf7') in 0.0033583 seconds
Start importing Packages/com.unity.collab-proxy/Editor/Assets/Images/d_iconplasticview.png using Guid(519d97e745e55f041b609f3666cbc037) (TextureImporter) -> (artifact id: '68c0e8af0354ca6e321c65c7b6ea1510') in 0.0035504 seconds
Start importing Packages/com.unity.timeline/Editor/StyleSheets/Images/Icons/TrackAvatarButtonEnabled@2x.png using Guid(51bf5f55a8a01e546bf6092b54fdae20) (TextureImporter) -> (artifact id: 'e863c2f66793870c788f053eff9bf54a') in 0.0034063 seconds
Start importing Packages/com.unity.inputsystem/InputSystem/Editor/Icons/Keyboard@3x.png using Guid(6191a40940a3e46899ecf82fa8389d01) (TextureImporter) -> (artifact id: '33fb5c752a18f0b869be320931cbe26e') in 0.0031494 seconds
Start importing Packages/com.unity.timeline/Editor/StyleSheets/Images/Icons/d_TrackMarkerButtonEnabled@2x.png using Guid(6192986415256ca47a97a97507406f5e) (TextureImporter) -> (artifact id: 'fd3df7552389f63abb1a8a825e0fa24a') in 0.003229 seconds
Start importing Packages/com.unity.timeline/Editor/StyleSheets/Images/LightSkin/TimelineContinue.png using Guid(61c21f74972ba8246b3ea400a9231841) (TextureImporter) -> (artifact id: '628cb3f9933fb211d596e911fdf3648d') in 0.0031422 seconds
Start importing Packages/com.unity.inputsystem/InputSystem/Editor/Icons/d_Mouse@3x.png using Guid(6164e492ad3164525ab8ecd9968c3a64) (TextureImporter) -> (artifact id: '91d0783ba6c2337ef14d5d67c4100a08') in 0.0042705 seconds
Start importing Packages/com.unity.collab-proxy/Editor/Assets/Images/d_iconbranches.png using Guid(612c5e166a121e3449dad067fbdc37a4) (TextureImporter) -> (artifact id: '326805fc74b28326a8adfea9ef9ba7ba') in 0.0030954 seconds
Start importing Packages/com.unity.collab-proxy/Editor/Assets/Images/d_iconlockedlocaloverlay.png using Guid(71c45f80bffdb9145ad2c456254c862e) (TextureImporter) -> (artifact id: '971403d933aec7cd3f315d29d3e3b02f') in 0.0027231 seconds
Start importing Packages/com.unity.2d.sprite/Editor/ObjectMenuCreation/DefaultAssets/Textures/9-Sliced.png using Guid(71ebafeef3c03457483266a33ab2b270) (TextureImporter) -> (artifact id: 'af9491c457d4e2b1d57a7fc24dd39771') in 0.0053245 seconds
Start importing Packages/com.unity.services.analytics/Editor/Tools/d_Checkmark.png using Guid(716f0061ae97b1a4e9463d2dcf1a9739) (TextureImporter) -> (artifact id: 'eeb413cd92220b836d9386d00dbb8251') in 0.0035552 seconds
Start importing Packages/com.unity.timeline/Editor/StyleSheets/Images/Icons/TrackMuteButtonEnabled.png using Guid(81e8b4a4bcbf7a14898e2658fd827642) (TextureImporter) -> (artifact id: '21e176e4013873276c561b30424dcbf7') in 0.0028977 seconds
Start importing Packages/com.unity.ugui/Editor Resources/Textures/btn_AlignCenter.psd using Guid(81ed8c76d2bc4a4c95d092c98af4e58f) (TextureImporter) -> (artifact id: 'f6a49c74cbd943076747cd08f17a0f12') in 0.0047624 seconds
Start importing Packages/com.unity.2d.tilemap/Editor/Icons/Tilemap.DefaultBrush@2x.png using Guid(9182e08d6d8be424a98050562de5b053) (TextureImporter) -> (artifact id: 'a5b0865c64dca0d4ce73a090c57a929e') in 0.0035015 seconds
Start importing Packages/com.unity.timeline/Editor/StyleSheets/Images/Icons/d_TrackAvatarButtonDisabled.png using Guid(91746a504b59769439bb2749c314d231) (TextureImporter) -> (artifact id: '460d469cf2dba2ec12e48b913d808fd2') in 0.00269 seconds
Start importing Packages/com.unity.collab-proxy/Editor/Assets/Images/iconemptygravatar.png using Guid(91976e8b9ce0f0341838727acd55621c) (TextureImporter) -> (artifact id: 'e0d6e8d1ecca09f9516d0c04db666a00') in 0.0033143 seconds
Start importing Packages/com.unity.timeline/Editor/StyleSheets/Images/Icons/d_TimelineEditModeReplaceOFF.png using Guid(912fd71cbf4cbe140b4f240bedbc1f3e) (TextureImporter) -> (artifact id: '30ba3d9e94b8f2cd4c67272584d628b4') in 0.0028557 seconds
Start importing Packages/com.unity.2d.tilemap/Editor/Icons/d_Tilemap.TilePalette.png using Guid(a16432554ffe69042985d012d1df2637) (TextureImporter) -> (artifact id: '38976c86e88480208f78709042333af0') in 0.0037091 seconds
Start importing Packages/com.unity.inputsystem/InputSystem/Editor/Icons/d_Dpad@3x.png using Guid(a1b7d9ffed68a47128c5622c13ba4752) (TextureImporter) -> (artifact id: '4f79dd368aceaf6007b5fd7fc09df66b') in 0.0037235 seconds
Start importing Packages/com.unity.2d.tilemap/Editor/Icons/Tilemap.FocusGrid@4x.png using Guid(a1bd3db90f5f7314e822ba2e38f901c6) (TextureImporter) -> (artifact id: 'c5ca0fbd12f017428cdb025839799e81') in 0.0038726 seconds
Start importing Packages/com.unity.timeline/Editor/StyleSheets/Images/Icons/TimelineDigIn.png using Guid(b1d064d6d80829f4eb370f679384ea1f) (TextureImporter) -> (artifact id: '52ee2ae2534a23185875de6227a36fb9') in 0.0033835 seconds
Start importing Packages/com.unity.collab-proxy/Editor/Assets/Images/iconshelve.png using Guid(b1b37c2733b68854ba004ff712ef849f) (TextureImporter) -> (artifact id: '57e9b56a33692a3c1a8bf77a5e6db068') in 0.0033657 seconds
Start importing Packages/com.unity.2d.tilemap/Editor/Icons/d_EditorUI.TargetHover.png using Guid(c130b41d1f572a14793b146add3d6e3f) (TextureImporter) -> (artifact id: 'b0ed171c292f393c55b8f2a2cd0bdc19') in 0.0037538 seconds
Start importing Packages/com.unity.collab-proxy/Editor/Assets/Images/d_iconbranch.png using Guid(c1516142c0a669b42aecce30a3459017) (TextureImporter) -> (artifact id: 'bfdb147646e5b3550c64c8951b5821f0') in 0.0035966 seconds
Start importing Packages/com.unity.timeline/Editor/StyleSheets/Images/DarkSkin/TimelineMarkerItem.png using Guid(c133595e3c100774496e03e66fa69259) (TextureImporter) -> (artifact id: '698ab7d7c972368692b6f164fd765363') in 0.0043716 seconds
Start importing Packages/com.unity.collab-proxy/Editor/Assets/Images/d_iconclipboard@2x.png using Guid(c115023c6a2060d4da6a7684bd40c5c0) (TextureImporter) -> (artifact id: 'f0da1e13aa4c7918037c2765b670d767') in 0.0055272 seconds
Start importing Packages/com.unity.ai.navigation/EditorResources/Overlay/NavigationOverlay On.png using Guid(c136efa5cc6d99a4d9e7bad0209aea25) (TextureImporter) -> (artifact id: 'fae79c541f4232462f9ede88bddd997c') in 0.0037999 seconds
Start importing Packages/com.unity.timeline/Editor/StyleSheets/Images/Icons/d_TrackMarkerButtonEnabled.png using Guid(d18286874382ef042bbbdab5f71329c1) (TextureImporter) -> (artifact id: '6963a7719083d3f69a07a34ff0f194b6') in 0.0030124 seconds
Start importing Packages/com.unity.collab-proxy/Editor/Assets/Images/iconconflicted.png using Guid(d1c88f142eee55b4eb2b2cfd7b3624ce) (TextureImporter) -> (artifact id: 'de776b5023347288fe9c1d5ad9297451') in 0.0034367 seconds
Start importing Packages/com.unity.inputsystem/InputSystem/Editor/Icons/ChevronDown@4x.png using Guid(d1acbe0a708dc40dc80254764e67ecfa) (TextureImporter) -> (artifact id: 'b6aac1de49e2ef4bc061a214557961e9') in 0.0038886 seconds
Start importing Packages/com.unity.timeline/Editor/StyleSheets/Images/Icons/TrackMarkerButtonEnabled.png using Guid(d1eccbb425fdacc4ba53ce4223f4ea30) (TextureImporter) -> (artifact id: 'cee76915f47ab2b5261e7724bf81dc54') in 0.0037673 seconds
Start importing Packages/com.unity.collab-proxy/Editor/Assets/Images/d_iconlabel.png using Guid(e1e64e28e7631534d8408668bcb82502) (TextureImporter) -> (artifact id: '12c1f388ad3fef1d2f6c6930d8c57d7c') in 0.003629 seconds
Start importing Packages/com.unity.inputsystem/InputSystem/Editor/Icons/d_Position@3x.png using Guid(e1da124f7cbda41a4925397406076a42) (TextureImporter) -> (artifact id: 'ae29e9c241f662bddcb1bc22afddff62') in 0.0035597 seconds
Start importing Packages/com.unity.timeline/Editor/StyleSheets/Images/DarkSkin/TimelineAutokey_active.png using Guid(e17ee60887efdd04389991a15ee0c578) (TextureImporter) -> (artifact id: 'ba4e63a9db5fb8a9c8d8138008545da2') in 0.0039638 seconds
Start importing Packages/com.unity.collab-proxy/Editor/Assets/Images/d_iconplasticnotifypendingchangesandincoming.png using Guid(f180c6addffab449cb6897ba994abec5) (TextureImporter) -> (artifact id: '9f0b1d843198a83a7f08ee457809c814') in 0.0032721 seconds
Start importing Packages/com.unity.2d.tilemap/Editor/Icons/d_Tilemap.FocusNone@4x.png using Guid(f1d766c90aeb37d4fb8c7d1ed3ba1378) (TextureImporter) -> (artifact id: '07075cd7ebd1e91a6a93d4ed2185f5c5') in 0.0035475 seconds
Start importing Packages/com.unity.timeline/Editor/StyleSheets/Images/DarkSkin/TimelineMarkerItemCollapsed.png using Guid(f179d9a3cccffb04ba2e27f681e9b147) (TextureImporter) -> (artifact id: '87017d74f536a921ab2784a10f2ee1a5') in 0.0033562 seconds
Start importing Packages/com.unity.inputsystem/InputSystem/Editor/Icons/d_Keyboard@2x.png using Guid(f14e3a4027f834f16b235498ac15bb3f) (TextureImporter) -> (artifact id: '5e2492367620d9e262feefbf78b97784') in 0.0042094 seconds
Start importing Packages/com.unity.collab-proxy/Editor/Assets/Images/d_RGBAlpha@2x.png using Guid(02102e2fc09aa45bf8be0a509170d07f) (TextureImporter) -> (artifact id: 'e6d12eeeb03fbfdc4192b4dfd3fa3ab7') in 0.0038608 seconds
Start importing Packages/com.unity.collab-proxy/Editor/Assets/Images/d_iconaddedlocal@2x.png using Guid(02800fb9cff14da47a04572790384d8b) (TextureImporter) -> (artifact id: '8d8f70c8705db5d9a778dbe7015d3815') in 0.003294 seconds
Start importing Packages/com.unity.collab-proxy/Editor/Assets/Images/iconzoomin@2x.png using Guid(0247a919add89e04aad63b6657886901) (TextureImporter) -> (artifact id: 'c87d5dee09958b27a52a0792b098b3d9') in 0.0037681 seconds
Start importing Packages/com.unity.2d.tilemap/Editor/Icons/d_Grid.FlipY.png using Guid(0219184e13f92e94896b4df6846db652) (TextureImporter) -> (artifact id: '630909945eaa0c2b439e0b70f9fc9756') in 0.004075 seconds
Start importing Packages/com.unity.2d.tilemap/Editor/Icons/d_Tilemap.DefaultBrush.png using Guid(12e04f72413abf04fb4a5f79e70822ff) (TextureImporter) -> (artifact id: 'ec98d210c77ff486edd916ef81257e6d') in 0.0032145 seconds
Start importing Packages/com.unity.ugui/Editor Resources/Textures/btn_AlignLeft_Light.psd using Guid(12736c98af174f91827a26b66d2b01b9) (TextureImporter) -> (artifact id: '0cd275e44dc3591903f57b8cde8e766b') in 0.0038759 seconds
Start importing Packages/com.unity.collab-proxy/Editor/Assets/Images/iconmergelink.png using Guid(120bf54dff785a0429b068b814e9c12a) (TextureImporter) -> (artifact id: '7465ad21d646a49225f10990b936e736') in 0.0034157 seconds
Start importing Packages/com.unity.inputsystem/InputSystem/Editor/Icons/d_Keyboard@4x.png using Guid(123b6218ad27a41af933311ee524dcdc) (TextureImporter) -> (artifact id: 'be2d20660dcc34e6af0d1451829752cb') in 0.0037242 seconds
Start importing Packages/com.unity.timeline/Editor/StyleSheets/Images/Icons/d_TimelineDigIn.png using Guid(22c3c381bd3cd4a40a8541103023e1ef) (TextureImporter) -> (artifact id: '4bbaca03d706fc33448243a2125c3983') in 0.0031475 seconds
Start importing Packages/com.unity.collab-proxy/Editor/Assets/Images/iconclouddriveview.png using Guid(229870d327005574fb840c2dd8050ec6) (TextureImporter) -> (artifact id: 'ca21c58a0cd79f098a16b6bf19c03318') in 0.003468 seconds
Start importing Packages/com.unity.services.analytics/Editor/Tools/Error.png using Guid(22bbd203db1050b48a3949fc652baf19) (TextureImporter) -> (artifact id: 'abf36337c9f4d095322713f3d9d57fdb') in 0.0036975 seconds
Start importing Packages/com.unity.collab-proxy/Editor/Assets/Images/d_iconlast@2x.png using Guid(229e2995d63f84938880b35fec07c4b2) (TextureImporter) -> (artifact id: 'a70ec7918367574814d2e3caf6338caa') in 0.0044892 seconds
Start importing Packages/com.unity.timeline/Editor/StyleSheets/Images/DarkSkin/TimelineIconClipOut.png using Guid(32f7e3598d6414c489127629e29af3f6) (TextureImporter) -> (artifact id: 'f025599a4247e3efbc8ee52f4fb99b81') in 0.0033544 seconds
Start importing Packages/com.unity.2d.tilemap/Editor/Icons/Grid.RotateCW@2x.png using Guid(3239e705bdc364b47a21e44901809b91) (TextureImporter) -> (artifact id: '9f71fc748dfa478646501708bdd59cc4') in 0.003302 seconds
Start importing Packages/com.unity.collab-proxy/Editor/Assets/Images/d_iconzoomout@2x.png using Guid(320a7c2756434dc43b9ecca2585168b2) (TextureImporter) -> (artifact id: 'ff309d8baf0426cbd12de392cdae1260') in 0.0044679 seconds
Start importing Packages/com.unity.collab-proxy/Editor/Assets/Images/iconlabel.png using Guid(42540fa3b3cef1340bebdf077d0e2030) (TextureImporter) -> (artifact id: '08e64ff5027728ace44a1affa1c8809c') in 0.0032741 seconds
Start importing Packages/com.unity.collab-proxy/Editor/Assets/Images/iconprev.png using Guid(42d4aab7d8dc3481eb811bb48a8c8485) (TextureImporter) -> (artifact id: '3691f622287e5f5349a749a1ac37d72f') in 0.0035812 seconds
Start importing Packages/com.unity.collab-proxy/Editor/Assets/Images/iconbranch@2x.png using Guid(425970578f3342a43b40545d1ac8a25d) (TextureImporter) -> (artifact id: '92e219eff7759851fbde892d2cd64be4') in 0.0038005 seconds
Start importing Packages/com.unity.multiplayer.center/Editor/MultiplayerCenterWindow/UI/Icons/Loading.png using Guid(424a8de5def3b46dcb08edd00ad1c7bd) (TextureImporter) -> (artifact id: '70d572c2ffb2c67c5c885302c1a7577c') in 0.0043383 seconds
Start importing Packages/com.unity.inputsystem/InputSystem/Editor/Icons/d_Orientation@3x.png using Guid(424bff4d3ea64400e9b384cb8bebfb96) (TextureImporter) -> (artifact id: '9674cbd6c04db8df47d0b8d3c37c8054') in 0.0040593 seconds
Start importing Packages/com.unity.2d.tilemap/Editor/Icons/Tilemap.GridPaint@2x.png using Guid(42fb19d14e266e4409770bbcdbc6a1e5) (TextureImporter) -> (artifact id: '34f62a9f9b29b70bee1e4009c6d4509f') in 0.0033644 seconds
Start importing Packages/com.unity.ai.navigation/EditorResources/d_NavigationWindowIcon.png using Guid(425f55e9ef81a5e48b87c5d6b1bbf35c) (TextureImporter) -> (artifact id: 'e18dfd0510941361b0aff5b3ee8325e5') in 0.0034864 seconds
Start importing Packages/com.unity.collab-proxy/Editor/Assets/Images/d_icondiff@2x.png using Guid(428f6dbb540e04806b5f7de85468b51a) (TextureImporter) -> (artifact id: '92664a1d6f04fea7a13538430e1a9f0c') in 0.0034551 seconds
Start importing Packages/com.unity.xr.arfoundation/Assets/Textures/DialogBackground@4x.png using Guid(52a208bb46e934bb5aba0a4973595f80) (TextureImporter) -> (artifact id: 'b8f09b36f7853f4b8a8e7c05467be9e2') in 0.0045857 seconds
Start importing Packages/com.unity.timeline/Editor/StyleSheets/Images/Icons/TrackMuteButtonDisabled.png using Guid(5216b1b48296ef345ad2d2ec43105bf0) (TextureImporter) -> (artifact id: '1b120565fa12d207c489bf6eb2919a97') in 0.0036117 seconds
Start importing Packages/com.unity.collab-proxy/Editor/Assets/Images/iconignoredoverlay.png using Guid(52a825037e457964f9c91a99d4522f14) (TextureImporter) -> (artifact id: '855386fc8af3891d0260f21d782190a1') in 0.0035979 seconds
Start importing Packages/com.unity.multiplayer.center/Editor/MultiplayerCenterWindow/UI/Icons/d_Package.png using Guid(525a6cca8dd9a4d28875a8fe824710d9) (TextureImporter) -> (artifact id: '906d284ce644e2c5d4449c5401372c81') in 0.0029134 seconds
Start importing Packages/com.unity.timeline/Editor/StyleSheets/Images/Icons/d_TrackLockButtonDisabled.png using Guid(52ee3ba2abc3da14a95cdf64d32ae0ae) (TextureImporter) -> (artifact id: 'e026e41d640f69fe691e85c495e0dd89') in 0.0036815 seconds
Start importing Packages/com.unity.inputsystem/InputSystem/Editor/Icons/Stick.png using Guid(6234dae5cf6f04acb9a51e04d448e444) (TextureImporter) -> (artifact id: '09abdf7baa1ba2b5e828009748789041') in 0.0027395 seconds
Start importing Packages/com.unity.inputsystem/InputSystem/Editor/Icons/d_Axis@3x.png using Guid(62c846073cb844a2b926e4bbd3189647) (TextureImporter) -> (artifact id: '302a97b86c190d72e1b04aeadb848925') in 0.0031087 seconds
Start importing Packages/com.unity.inputsystem/InputSystem/Editor/Icons/Orientation@2x.png using Guid(62f8dda50382d487597224e197cbd34f) (TextureImporter) -> (artifact id: '3a6d7fe7b3fd878ba431efb11f34f1fa') in 0.00339 seconds
Start importing Packages/com.unity.collab-proxy/Editor/Assets/Images/d_icondeletedremote@2x.png using Guid(626b9cddb29049e4cac50cd87b419945) (TextureImporter) -> (artifact id: '0d4fbcebc7d49dd96f6e96a16d250a3e') in 0.0035998 seconds
Start importing Packages/com.unity.inputsystem/InputSystem/Editor/Icons/InputControl@2x.png using Guid(62ce957ca99fe4fcba573a5b141eb113) (TextureImporter) -> (artifact id: '9ec9e1d7e369cb9ea1879eef9ce96c4a') in 0.0032033 seconds
Start importing Packages/com.unity.2d.tilemap/Editor/Icons/d_Grid.RotateACW@2x.png using Guid(72124a67bbace794fa38534a24d23cee) (TextureImporter) -> (artifact id: '78774217803a6682ad9e7bbd04cd404d') in 0.0031388 seconds
Start importing Packages/com.unity.2d.tilemap/Editor/Icons/Tilemap.EditPalette@4x.png using Guid(72a3c6132d5e2ae48a1df56cfebbc7c2) (TextureImporter) -> (artifact id: 'ea71876de9ddcc366c3e949883c42d0a') in 0.0034516 seconds
Start importing Packages/com.unity.timeline/Editor/StyleSheets/Images/Shared/TimelineOutline.png using Guid(829511f8e35bf3a40be037a1050f801c) (TextureImporter) -> (artifact id: '1b6f65d9fb2dbd0a56ecfea0fc73b961') in 0.0035325 seconds
Start importing Packages/com.unity.xr.arfoundation/Editor/Icons/d_ARVR@4x.png using Guid(8236c695e72414e7889fb3f4d8226fde) (TextureImporter) -> (artifact id: '81aa963789b12aaa8ca34c53583be44c') in 0.0037142 seconds
Start importing Packages/com.unity.inputsystem/InputSystem/Editor/Icons/Touch@2x.png using Guid(82073a8bfd6b8488a89b8796d500d12d) (TextureImporter) -> (artifact id: 'dec78204f69e82d471e3487e3737d2d1') in 0.003001 seconds
Start importing Packages/com.unity.2d.tilemap/Editor/Icons/d_Tilemap.ActiveTargetLayers@4x.png using Guid(82f78c36add1c2c4795c911a7abfb93e) (TextureImporter) -> (artifact id: 'bd41e6b725eb12b37d0e78c3fe5835b5') in 0.0037725 seconds
Start importing Packages/com.unity.collab-proxy/Editor/Assets/Images/d_iconhistory.png using Guid(8219bbb48767b46e7b1588dad7f021aa) (TextureImporter) -> (artifact id: 'ebd35ec015236cee6f52c2ffa27ab1ed') in 0.0035712 seconds
Start importing Packages/com.unity.timeline/Editor/StyleSheets/Images/LightSkin/TimelineStartPlayback.png using Guid(824c4beb0ca6c934bbc7a26919302236) (TextureImporter) -> (artifact id: '05610f59f5bf8a729c9ce8caecf9ba49') in 0.0032163 seconds
Start importing Packages/com.unity.ugui/Editor Resources/Textures/btn_AlignJustified.psd using Guid(92027f7f8cfc4feaa477da0dc38d3d46) (TextureImporter) -> (artifact id: '098db5a5013b1ca1dc88de79d0dc9d7d') in 0.0036923 seconds
Start importing Packages/com.unity.collab-proxy/Editor/Assets/Images/d_icondeletedlocaloverlay@2x.png using Guid(92b204cca46037444ab18ba6701f86f7) (TextureImporter) -> (artifact id: '5e839717db2b553be57403a0ca18c5b3') in 0.0036518 seconds
Start importing Packages/com.unity.collab-proxy/Editor/Assets/Images/d_iconshelve@2x.png using Guid(9264df9de832d7f4bb90a1d0c31d8343) (TextureImporter) -> (artifact id: '2af769e7734155391a35f43faa6d1205') in 0.0033663 seconds
Start importing Packages/com.unity.ai.navigation/Gizmos/NavMeshLink Icon.png using Guid(92f4afa3e25264f5b964937ccea49ff2) (TextureImporter) -> (artifact id: 'd09433ec39c4e796290434e9786f2a5d') in 0.005448 seconds
Start importing Packages/com.unity.timeline/Editor/StyleSheets/Images/DarkSkin/TimelineAutokey.png using Guid(92b5e4310629b264dad0fb2cc196d818) (TextureImporter) -> (artifact id: '25d99e445eee15181f95b618f5df9793') in 0.0031735 seconds
Start importing Packages/com.unity.collab-proxy/Editor/Assets/Images/icondiff@2x.png using Guid(92f52bf261791408fb5ad445ce645efb) (TextureImporter) -> (artifact id: 'd0a6e1d973948b3f38f16519a48507f8') in 0.003096 seconds
Start importing Packages/com.unity.ugui/Editor Resources/Textures/btn_AlignLeft.psd using Guid(9288066c33474b94b6ee5465f4df1cc0) (TextureImporter) -> (artifact id: '6aebf4e5f66cfdfdeb253baf5051a93f') in 0.0038488 seconds
Start importing Packages/com.unity.collab-proxy/Editor/Assets/Images/d_refresh.png using Guid(92b8c447daf4d4b41a0ec148d1091261) (TextureImporter) -> (artifact id: '600c9ea4d0a89806a950b1c0e0bd55ef') in 0.0029617 seconds
Start importing Packages/com.unity.2d.tilemap/Editor/Icons/Tilemap.TilePalette@4x.png using Guid(920ecfdb532776b4cb32b37e5bd9e6ff) (TextureImporter) -> (artifact id: '360359267fe17fb9e3d779583bfd9fc9') in 0.0041944 seconds
Start importing Packages/com.unity.2d.tilemap/Editor/Icons/Tilemap.FocusGrid@2x.png using Guid(929e44994130ee644ac47965b289aec4) (TextureImporter) -> (artifact id: '72389050881ba0b7a49cc5d42a61639b') in 0.0029725 seconds
Start importing Packages/com.unity.xr.arfoundation/Editor/Icons/d_ArrowCaretLeft@2x.png using Guid(a23489f7f0d4e364c964361e900e4be6) (TextureImporter) -> (artifact id: '383e1d6bc2450055b1c68149daacdbf0') in 0.0031457 seconds
Start importing Packages/com.unity.ai.navigation/EditorResources/Overlay/d_NavigationOverlay On@2x.png using Guid(a206ff0ddc681e642a2e62fc57a7d51c) (TextureImporter) -> (artifact id: '758498f728da4b882c0352f3a8330fb9') in 0.0041257 seconds
Start importing Packages/com.unity.xr.arfoundation/Editor/Icons/d_XREnvironment@2x.png using Guid(a2691ee365c36ea429319fe131fd85aa) (TextureImporter) -> (artifact id: '6df3a1676619185da4c3e617734c5d7e') in 0.0034973 seconds
Start importing Packages/com.unity.multiplayer.center/Editor/MultiplayerCenterWindow/UI/Icons/CloudCode@2x.png using Guid(a23c0dd570fd44b57a03a8880002fcca) (TextureImporter) -> (artifact id: 'e58afe4cf3541f9eaa443cc95abb6d38') in 0.0039455 seconds
Start importing Packages/com.unity.multiplayer.center/Editor/MultiplayerCenterWindow/UI/Icons/ClientHosted.png using Guid(b2ce704e56cc84fb3b347499263c6244) (TextureImporter) -> (artifact id: '00d500bae2420d361dbcfaccaae3ae88') in 0.00366 seconds
Start importing Packages/com.unity.timeline/Editor/StyleSheets/Images/DarkSkin/TimelineEndPlayback.png using Guid(c285802d9d414814fad592b90b223f15) (TextureImporter) -> (artifact id: 'f453792275923aa5bd4c9433b2742bc1') in 0.0035954 seconds
Start importing Packages/com.unity.timeline/Editor/StyleSheets/Images/Icons/d_TrackAvatarButtonEnabled.png using Guid(c207dcd389fb689489f5266468cd4609) (TextureImporter) -> (artifact id: '733753afe17d69f9d800ec13ae0a82cc') in 0.0033 seconds
Start importing Packages/com.unity.ugui/Editor Resources/Textures/btn_AlignMidLine.psd using Guid(c2f7f6a88b4c4f20a53deb72f3d9144c) (TextureImporter) -> (artifact id: '4af26713fe88eb6dc738b2743f97d1b5') in 0.0034442 seconds
Start importing Packages/com.unity.inputsystem/InputSystem/Editor/Icons/Joystick.png using Guid(c28849deb3e3b45c98965e7efd26f7be) (TextureImporter) -> (artifact id: '8594c8d498354067b6d2f32543daf438') in 0.0034667 seconds
Start importing Packages/com.unity.collab-proxy/Editor/Assets/Images/buttonssosigninemail.png using Guid(d24e7e0b75e1a244bb9687d6fd4315ef) (TextureImporter) -> (artifact id: 'dc2c87c3602990f0c92015c1b79d7df6') in 0.0032775 seconds
Start importing Packages/com.unity.collab-proxy/Editor/Assets/Images/d_ArrowCaretLeft.png using Guid(e2c5ee46f6b0148afbe40d935c70faee) (TextureImporter) -> (artifact id: 'e731d091069d1e62c15c35b51e186c41') in 0.0030543 seconds
Start importing Packages/com.unity.inputsystem/InputSystem/Editor/Icons/d_InputControl@4x.png using Guid(e2078613efd9e410c8771cbd2717f4e7) (TextureImporter) -> (artifact id: '79b6bd1f7e7e734351e6157122af8def') in 0.0036957 seconds
Start importing Packages/com.unity.collab-proxy/Editor/Assets/Images/d_iconmovedoverlay@2x.png using Guid(e27bb56b83f03421880673ee2b951102) (TextureImporter) -> (artifact id: '2b7e5fece9bb58be6d0ebcd0fd9bf49d') in 0.0031938 seconds
Start importing Packages/com.unity.2d.tilemap/Editor/Icons/Grid.RotateCW.png using Guid(e25f34c849d45714e86b14d3afbb763e) (TextureImporter) -> (artifact id: '77ad68f843329e4db512c0e05c9e7b35') in 0.0034587 seconds
Start importing Packages/com.unity.inputsystem/InputSystem/Editor/Icons/d_Stick@4x.png using Guid(f2fd4d7aa99c94a67a6a137fe979a760) (TextureImporter) -> (artifact id: '60b8e8edbf05e9c194ca3a03fc40133e') in 0.0039687 seconds
Start importing Packages/com.unity.inputsystem/InputSystem/Editor/Icons/d_Stick@3x.png using Guid(03c3559bb64164f7785cd1250e475250) (TextureImporter) -> (artifact id: 'baa6d168e8b04aee996cb5ce3bde4485') in 0.0031409 seconds
Start importing Packages/com.unity.timeline/Editor/StyleSheets/Images/LightSkin/TimelineDisabledBackground.png using Guid(0304baf8d224f3e47b22d872c8dcd412) (TextureImporter) -> (artifact id: 'bc0b101435d81d60a40ab33eec922628') in 0.0039626 seconds
Start importing Packages/com.unity.multiplayer.center/Editor/MultiplayerCenterWindow/UI/Icons/DistributedAuthority@2x.png using Guid(0354877031b64465ea7e5cafea1a2653) (TextureImporter) -> (artifact id: 'ad57e03eb33317f601406844e7bd4489') in 0.0044455 seconds
Start importing Packages/com.unity.timeline/Editor/StyleSheets/Images/Icons/TimelineCollapseMarkerButtonEnabled.png using Guid(0367ce1ebbbb18940b79eed63a0315d5) (TextureImporter) -> (artifact id: '861bcec0910839e02ccb329d3fbac345') in 0.003027 seconds
Start importing Packages/com.unity.inputsystem/InputSystem/Editor/Icons/d_Button.png using Guid(0309256f03c114697813e2296f0a1f18) (TextureImporter) -> (artifact id: '6e3c0b7f3c7e4bae20c4e3fa8b34b760') in 0.0031351 seconds
Start importing Packages/com.unity.2d.tilemap/Editor/Icons/d_Tilemap.BrushSettings@2x.png using Guid(03d93c388f90a6248983677a29c72b38) (TextureImporter) -> (artifact id: '14a02203e56a673186eadbead902c63d') in 0.0030072 seconds
Start importing Packages/com.unity.collab-proxy/Editor/Assets/Images/iconpendingchangesview.png using Guid(034d3052cb4a54f028bf55f9f9115d3c) (TextureImporter) -> (artifact id: 'dda1f5542ae100333c4855069fc98e82') in 0.0030195 seconds
Start importing Packages/com.unity.timeline/Editor/StyleSheets/Images/Shared/TimelineDisplay.png using Guid(03ae22b9de3989144a9bebf8972b4fad) (TextureImporter) -> (artifact id: '9a0f04f3f1853adfac635696fd7079c1') in 0.0034999 seconds
Start importing Packages/com.unity.collab-proxy/Editor/Assets/Images/secondarytabclose.png using Guid(03cefa94d5aa9d74993fb2138af9d607) (TextureImporter) -> (artifact id: '7f6884b4c375b43e1474c61d2e4d47e9') in 0.0038525 seconds
Start importing Packages/com.unity.collab-proxy/Editor/Assets/Images/iconclosebutton.png using Guid(13527793884104b46b7446fd7464c3ed) (TextureImporter) -> (artifact id: '47936b4d0293ddfc23cb8e3251bedafa') in 0.0036308 seconds
Start importing Packages/com.unity.collab-proxy/Editor/Assets/Images/iconconflictresolvedoverlay.png using Guid(1318ab8bf649dcf43b922511fa5e155b) (TextureImporter) -> (artifact id: 'dd608c9bc1e9cda2e5dfb07d45215dc4') in 0.0036782 seconds
Start importing Packages/com.unity.2d.tilemap/Editor/Icons/Tilemap.EditPalette@2x.png using Guid(13c8bd32c985e204eafd19f6360119db) (TextureImporter) -> (artifact id: 'dfe2d053a5a580a6f4a75c000f33634a') in 0.0037004 seconds
Start importing Packages/com.unity.inputsystem/InputSystem/Editor/Icons/Pen@2x.png using Guid(13fb345befe624412ac0bd0138d7bcf2) (TextureImporter) -> (artifact id: '308352a373cd4e01c51d6ad673152aab') in 0.0034553 seconds
Start importing Packages/com.unity.collab-proxy/Editor/Assets/Images/d_iconplasticnotifyconflict@2x.png using Guid(23743f0c0ed1e6546808a5d645c2a6a5) (TextureImporter) -> (artifact id: 'e62e7ee3f117ef07366aa6cd8662de95') in 0.0028794 seconds
Start importing Packages/com.unity.collab-proxy/Editor/Assets/Images/d_icondeletedremote.png using Guid(23e66f7264c74424889342127f229577) (TextureImporter) -> (artifact id: 'ae2c505e9d725374be83df5844ed72d7') in 0.0030485 seconds
Start importing Packages/com.unity.2d.tilemap/Editor/Icons/d_Grid.FlipX.png using Guid(238833eb2176e7d429d5020dc9232155) (TextureImporter) -> (artifact id: '3a81bb2d5c621219f907573ff0688d4a') in 0.0034188 seconds
Start importing Packages/com.unity.collab-proxy/Editor/Assets/Images/iconpendingchanges@2x.png using Guid(232fe04bebe5e904bb0568e685bd32a6) (TextureImporter) -> (artifact id: '68c615ecf5e5ddde7da159659d12bc12') in 0.0033637 seconds
Start importing Packages/com.unity.timeline/Editor/StyleSheets/Images/Icons/TimelineClipFG.png using Guid(33b1871a2d09cfa459a93f4e8feb5c41) (TextureImporter) -> (artifact id: '54b65d0a887a66376da2866eee1da584') in 0.0035253 seconds
Start importing Packages/com.unity.purchasing/Icons/LinkBlack.png using Guid(33d3dd2c39dfd49a3b2d36b20225624a) (TextureImporter) -> (artifact id: '8a28db7bca1728bef3553c9a6db622bc') in 0.0030998 seconds
Start importing Packages/com.unity.inputsystem/InputSystem/Editor/AssetEditor/PackageResources/blue.png using Guid(33f32142c2c2d4662be5f5274db27158) (TextureImporter) -> (artifact id: '8b776f1ac03c486777446b37f350f6c1') in 0.0029039 seconds
Start importing Packages/com.unity.ai.navigation/EditorResources/Overlay/NavigationOverlay On@2x.png using Guid(334589c596cc053418f700189f91111c) (TextureImporter) -> (artifact id: '942132db973605d058035655b9849eec') in 0.0036515 seconds
Start importing Packages/com.unity.timeline/Editor/StyleSheets/Images/Icons/TrackMarkerButtonDisabled.png using Guid(33a52b41b4de5874ca7da1da32067e39) (TextureImporter) -> (artifact id: '146d60c55c97b99935dcea0433234aec') in 0.0034038 seconds
Start importing Packages/com.unity.collab-proxy/Editor/Assets/Images/inclusionrule@2x.png using Guid(43411f399f49b42eb9a7157481e8747c) (TextureImporter) -> (artifact id: '8cff03faae3cb027b91fe3b0f3626cf1') in 0.0034723 seconds
Start importing Packages/com.unity.collab-proxy/Editor/Assets/Images/d_iconzoomout.png using Guid(43735cb4df8a4aa49b379e83bd9d77b8) (TextureImporter) -> (artifact id: '106b25004bb5a01047d6268823c4e0cd') in 0.0036038 seconds
Start importing Packages/com.unity.timeline/Editor/StyleSheets/Images/Icons/d_TrackCurvesButtonEnabled@2x.png using Guid(43ed4593c5ddda0439fcc1bdaf8309fe) (TextureImporter) -> (artifact id: 'cf8df1a6ee024c84956370a8833c4053') in 0.003819 seconds
Start importing Packages/com.unity.timeline/Editor/StyleSheets/Images/DarkSkin/TimelinePlayRange.png using Guid(43eeff8a446b32242a4fb1a5c1bd7b8e) (TextureImporter) -> (artifact id: 'a523974126fe475c76a6f96efd1df0f3') in 0.0033374 seconds
Start importing Packages/com.unity.collab-proxy/Editor/Assets/Images/d_iconincomingchangesview@2x.png using Guid(43fe0cd0da17e47fc9e56f08a2415f65) (TextureImporter) -> (artifact id: '1406e1f1e211a95dac18091e16edb75d') in 0.0037655 seconds
Start importing Packages/com.unity.2d.tilemap/Editor/Icons/Tilemap.FocusTilemap.png using Guid(534112f711642464e8a5b9b5ea20e941) (TextureImporter) -> (artifact id: '3379499a216bb12a5db41f91aae95670') in 0.0029766 seconds
Start importing Packages/com.unity.2d.tilemap/Editor/Icons/Tilemap.DefaultBrush.png using Guid(53439e5dcebe4d74e8358cf7104c4666) (TextureImporter) -> (artifact id: '09e4391fc3cc0c66b8ae94183a67c0ac') in 0.003667 seconds
Start importing Packages/com.unity.2d.tilemap/Editor/Icons/d_Grid.RotateACW.png using Guid(53da314bfe3845741ad14976e09ee6cf) (TextureImporter) -> (artifact id: '6da4b13036280a831fa971ac40083b12') in 0.0035779 seconds
Start importing Packages/com.unity.2d.tilemap/Editor/Icons/d_GridSelection@2x.png using Guid(63a012608de367444a8cfb3b43e4da64) (TextureImporter) -> (artifact id: 'babbd97847869cc889f8d344270581a0') in 0.0032651 seconds
Start importing Packages/com.unity.2d.tilemap/Editor/Icons/Tilemap.ShowGrid.png using Guid(63154732be07c2242a369890e0f80a72) (TextureImporter) -> (artifact id: '9836bf5218928f268da9a73597f4ca44') in 0.0032311 seconds
Start importing Packages/com.unity.collab-proxy/Editor/Assets/Images/inclusionrule.png using Guid(63387a17b866347b390227e10a2b1f2e) (TextureImporter) -> (artifact id: 'e9b290ae693bc356bf7bbd2d1798a7bf') in 0.0031477 seconds
Start importing Packages/com.unity.collab-proxy/Editor/Assets/Images/iconoutofsync.png using Guid(636d03a8834e3ed4cac3a1cb4b82deaf) (TextureImporter) -> (artifact id: 'b9b04fb50b0873e306ea5cb9c2724dae') in 0.0037299 seconds
Start importing Packages/com.unity.collab-proxy/Editor/Assets/Images/d_RGBAAll@2x.png using Guid(639dd667694184004a6f47c95ff5594b) (TextureImporter) -> (artifact id: '9ef2126ad91d28a96158f7c429602b70') in 0.0037745 seconds
Start importing Packages/com.unity.2d.tilemap/Editor/Icons/Tilemap.FocusTilemap@4x.png using Guid(7360ac83b6bff7149836a436a4920d53) (TextureImporter) -> (artifact id: '9c18db21dec7819e406690c25d10dfdc') in 0.0036142 seconds
Start importing Packages/com.unity.collab-proxy/Editor/Assets/Images/d_iconaddedoverlay.png using Guid(73d124bf77e463c45942d14136745d9f) (TextureImporter) -> (artifact id: '7af86e5e065bb216685670ead30a34b9') in 0.004295 seconds
Start importing Packages/com.unity.ai.navigation/EditorResources/Overlay/NavigationOverlay@16.png using Guid(731522d95656bec42a5fc0bdc672ebe9) (TextureImporter) -> (artifact id: 'a5456be08e7e341d3fd15df5944fc5f6') in 0.0041763 seconds
Start importing Packages/com.unity.timeline/Editor/StyleSheets/Images/Icons/TimelineSelector.png using Guid(73f5ebb64da7b2a40ab6bffac80f1a61) (TextureImporter) -> (artifact id: 'ec6083c3bf756b2a0fa8a82abd706926') in 0.0030565 seconds
Start importing Packages/com.unity.collab-proxy/Editor/Assets/Images/d_iconzoomin@2x.png using Guid(73d87bc3a27171144985c68fbbd54380) (TextureImporter) -> (artifact id: '3fff296c293ebc84807162ea77187486') in 0.0052116 seconds
Start importing Packages/com.unity.xr.arfoundation/Assets/Textures/Gear@2x.png using Guid(735ab448bda81490bac50b756bc317a8) (TextureImporter) -> (artifact id: '6c0585751b46f3e06af2abc40ba89097') in 0.0039516 seconds
Start importing Packages/com.unity.collab-proxy/Editor/Assets/Images/iconinfobellnotification@2x.png using Guid(830164d71b9d60c40b606822b957d10b) (TextureImporter) -> (artifact id: '22da20585edcae0d0d3aaaf427f176f5') in 0.0047398 seconds
Start importing Packages/com.unity.xr.arfoundation/Assets/Textures/Info@2x.png using Guid(837129fe064064a0ea8a498d72e05698) (TextureImporter) -> (artifact id: '67e16a4ee1124c7eb79e9c3e4f8ec31b') in 0.0039113 seconds
Start importing Packages/com.unity.multiplayer.center/Editor/MultiplayerCenterWindow/UI/Icons/NGO@2x.png using Guid(83b28bcaaf34b4fd580114fb05d9f160) (TextureImporter) -> (artifact id: '026503e811e67fd09fa2f08f991353ac') in 0.004024 seconds
Start importing Packages/com.unity.inputsystem/InputSystem/Editor/Icons/d_Gamepad@4x.png using Guid(83438053370c84456a73f7f95ef821fb) (TextureImporter) -> (artifact id: '94aabd59451d03db9ece9bc6c65ddffc') in 0.0040348 seconds
Start importing Packages/com.unity.inputsystem/InputSystem/Editor/Icons/d_Keyboard.png using Guid(83382fb171da648c594229ca6fa7ad94) (TextureImporter) -> (artifact id: '4875115bd3307c8a2605dcdb639a3c82') in 0.0034674 seconds
Start importing Packages/com.unity.collab-proxy/Editor/Assets/Images/iconçlast@2x.png using Guid(93298c6fcbff047f8aca0c4c8420f143) (TextureImporter) -> (artifact id: 'ad70a6d331cc0fe7a7e05c414002f13a') in 0.0033134 seconds
Start importing Packages/com.unity.timeline/Editor/StyleSheets/Images/Icons/TrackCurvesButtonDisabled@2x.png using Guid(a383d8b1327c9254896ad76d6efaf357) (TextureImporter) -> (artifact id: 'a16291d505b0a17f2998d0574a52df1e') in 0.0036563 seconds
Start importing Packages/com.unity.2d.tilemap/Editor/Icons/d_Grid.FlipY@2x.png using Guid(a3c4ea29a117e3f418ded11a50e4d52d) (TextureImporter) -> (artifact id: '9af03a5f7c9153a8238dc944f3f78c5b') in 0.0032294 seconds
Start importing Packages/com.unity.collab-proxy/Editor/Assets/Images/icondeletedlocaloverlay@2x.png using Guid(a3e491f99ea3ad74f8731ca93e84c497) (TextureImporter) -> (artifact id: 'b57b3adc5dc87f4cffd79df82ad9aa7e') in 0.0032985 seconds
Start importing Packages/com.unity.xr.arfoundation/Assets/Textures/Camera Settings@2x.png using Guid(a377d1d9197e5184e93545d3fce9c427) (TextureImporter) -> (artifact id: '29ce0a5866503c605ac06d7cf246f87f') in 0.003402 seconds
Start importing Packages/com.unity.inputsystem/InputSystem/Editor/Icons/Position@2x.png using Guid(a3fa73829479e4b41965e749fcca7c12) (TextureImporter) -> (artifact id: '3784b6fd367822c1ecdfe74eaf01ca60') in 0.0034132 seconds
Start importing Packages/com.unity.collab-proxy/Editor/Assets/Images/d_iconedit@2x.png using Guid(a36e66e044a5fd94ca570351917c6bda) (TextureImporter) -> (artifact id: '129b01f3dbfb04072616ff33ff6831be') in 0.0042472 seconds
Start importing Packages/com.unity.collab-proxy/Editor/Assets/Images/d_iconconflictedoverlay@2x.png using Guid(a3ced8f7044b9de4787602a9e9b20ea7) (TextureImporter) -> (artifact id: 'a4e78c00c83c9555fde5eb4dd6cbc4eb') in 0.0041749 seconds
Start importing Packages/com.unity.collab-proxy/Editor/Assets/Images/d_ArrowCaretLeft@2x.png using Guid(b3e01e80c420d4ac9a425a6abf8c99ec) (TextureImporter) -> (artifact id: 'bedf7a5ddf94070661670fcf87d4f1f3') in 0.0035102 seconds
Start importing Packages/com.unity.timeline/Editor/StyleSheets/Images/Icons/d_TrackMarkerButtonDisabled.png using Guid(b3644a971cca0bd4eb357cb9aca4dde1) (TextureImporter) -> (artifact id: 'cfe37e9344156e19b089d9fb0bb1a047') in 0.0032672 seconds
Start importing Packages/com.unity.2d.tilemap/Editor/Icons/Tilemap.ShowGrid@4x.png using Guid(b375422385f769844a35ff7743e8f1bb) (TextureImporter) -> (artifact id: '2e1618d27414e42ead2bae3459c0f353') in 0.0042007 seconds
Start importing Packages/com.unity.2d.tilemap/Editor/Icons/d_Tilemap.ShowTilePalette@2x.png using Guid(b3f6a0922e3511840813c51882c0907b) (TextureImporter) -> (artifact id: '1cc80095188dc8594f639cc2c0bc76d8') in 0.0036695 seconds
Start importing Packages/com.unity.xr.arfoundation/Editor/Icons/d_ViewEnvironment.png using Guid(b30afb642173c7f469ddab60c0c5561a) (TextureImporter) -> (artifact id: 'b7a0e02549332287f76b8273150df3ff') in 0.003279 seconds
Start importing Packages/com.unity.ai.navigation/EditorResources/Overlay/d_NavigationOverlay On@64.png using Guid(b3cd430fb0ffe164fa829262bb9e1d4b) (TextureImporter) -> (artifact id: 'b9e5a756d1a88089d42150a7c111be54') in 0.0035588 seconds
Start importing Packages/com.unity.timeline/Editor/StyleSheets/Images/Icons/TrackMarkerButtonEnabled@2x.png using Guid(c35a22ede3f5feb488bf69587ddc36ed) (TextureImporter) -> (artifact id: 'fce4a98492d2678c86290d85105c48eb') in 0.0032893 seconds
Start importing Packages/com.unity.2d.tilemap/Editor/Icons/d_EditorUI.Filter.png using Guid(c33b82aa5373c4e1f8e2d43210c97c45) (TextureImporter) -> (artifact id: 'bc1b0dee19c878a684badce126d56b28') in 0.0029992 seconds
Start importing Packages/com.unity.collab-proxy/Editor/Assets/Images/d_iconretainedoverlay@2x.png using Guid(c34cd61ed96ff9a40a54e159467c5155) (TextureImporter) -> (artifact id: 'a0c8bf1962d26822a978b3cdaef4bdcc') in 0.0033812 seconds
Start importing Packages/com.unity.2d.tilemap/Editor/Icons/d_Tilemap.ActiveTargetLayers@2x.png using Guid(d3b2641fbdbb1f340ad9732102db591e) (TextureImporter) -> (artifact id: '01c35dac4a7b6b63f8d9eac717efec57') in 0.0035594 seconds
Start importing Packages/com.unity.timeline/Editor/StyleSheets/Images/DarkSkin/TimelinePingPong.png using Guid(d3b5c4f7d6b94f64085b3713bffa680e) (TextureImporter) -> (artifact id: 'e66813e1f8d40b432c092752a9d25fed') in 0.0030978 seconds
Start importing Packages/com.unity.collab-proxy/Editor/Assets/Images/iconcurrentbranch.png using Guid(d30af1e364af1fc48be2ff2dcb0d4724) (TextureImporter) -> (artifact id: '998c66590f83452976c358b34733bda5') in 0.0039542 seconds
Start importing Packages/com.unity.ugui/Editor Resources/Textures/SectionHeader_Light.psd using Guid(e3b0f810fdea84e40ab4ba20f256f7e8) (TextureImporter) -> (artifact id: 'ccaac61bbe7f42daf25f8b0fbfaed250') in 0.004499 seconds
Start importing Packages/com.unity.ai.navigation/EditorResources/Overlay/NavigationOverlay.png using Guid(e3f0b16456276c94aab8bd6664208dc3) (TextureImporter) -> (artifact id: '3b6f4aab4098c4fad0f67a926430a7ab') in 0.0030594 seconds
Start importing Packages/com.unity.xr.arfoundation/Editor/Icons/ViewEnvironment@2x.png using Guid(e36b1a9f22adf014b86cc28756509ecb) (TextureImporter) -> (artifact id: '4c4950e0d62dff27f5deb229f71d26e7') in 0.003572 seconds
Start importing Packages/com.unity.xr.arfoundation/Editor/Icons/NoViewEnvironment.png using Guid(e35cc332c6211ec449f15ac0cb835f78) (TextureImporter) -> (artifact id: 'a0f79970a3528ea9ed88f971f14b2733') in 0.0029939 seconds
Start importing Packages/com.unity.collab-proxy/Editor/Assets/Images/iconplasticnotifypendingchanges.png using Guid(f3e2797165e71b443bae6264899b89d6) (TextureImporter) -> (artifact id: '98566803956a8926ae8597d1a0ce900e') in 0.0032477 seconds
Start importing Packages/com.unity.collab-proxy/Editor/Assets/Images/d_iconplasticnotifyincoming.png using Guid(f31d2c855644aad4cb2030bce12859f6) (TextureImporter) -> (artifact id: '93cf19f8ba9f1412e3a62b909770dfb2') in 0.00283 seconds
Start importing Packages/com.unity.collab-proxy/Editor/Assets/Images/d_iconinfobellnotification.png using Guid(f38e832edef3ab648bcc2ab5dfa2906d) (TextureImporter) -> (artifact id: '12f774ced15d3c62f3d2153d8c5d8ce5') in 0.0035051 seconds
Start importing Packages/com.unity.multiplayer.center/Editor/MultiplayerCenterWindow/UI/Icons/PackageInstalled@2x.png using Guid(0423146d9f51c4563a0f2a8200b6cd38) (TextureImporter) -> (artifact id: '56ea9605f5b60b28d2908a42e01ffb5c') in 0.0030631 seconds
Start importing Packages/com.unity.2d.tilemap/Editor/Icons/d_EditorUI.Target.png using Guid(04e6c3cc740a491458073f2f715066f6) (TextureImporter) -> (artifact id: '0c41ab176729a6f2d4886027016f0ae0') in 0.0028832 seconds
Start importing Packages/com.unity.services.core/Editor/Core/UiHelpers/Images/ToggleOff.png using Guid(04ca3057bc8a3462899551a1d4c90184) (TextureImporter) -> (artifact id: '5c4f527177e7dbe3ef5a0ff18fcd5d02') in 0.0046667 seconds
Start importing Packages/com.unity.2d.sprite/Editor/ObjectMenuCreation/DefaultAssets/Textures/IsometricDiamond.png using Guid(045b15ec09bba42448d89db77fa6f20a) (TextureImporter) -> (artifact id: '81d8995953ded4d3c7246403f1e2cf61') in 0.0047205 seconds
Start importing Packages/com.unity.collab-proxy/Editor/Assets/Images/iconoriginalsize.png using Guid(1463dc66197dc49609f516a8540465f0) (TextureImporter) -> (artifact id: '9880bf9d0a5c58d2febe2402351bb141') in 0.0034535 seconds
Start importing Packages/com.unity.ai.navigation/EditorResources/Overlay/NavigationOverlay@256.png using Guid(1497075210b6dcd4c8f31ecfc6c5c79c) (TextureImporter) -> (artifact id: 'ea31f4d813e88e80e4b0058e1fd9b8a7') in 0.0056468 seconds
Start importing Packages/com.unity.collab-proxy/Editor/Assets/Images/d_RGBABlue.png using Guid(14e91e4835bce49a0b49a84da2532484) (TextureImporter) -> (artifact id: 'acbd2808c4ff701f1fa9d0033abc27d7') in 0.0032257 seconds
Start importing Packages/com.unity.collab-proxy/Editor/Assets/Images/d_buttonssosigninemail@2x.png using Guid(144aa74618b85974a9a50f612c2fa8fd) (TextureImporter) -> (artifact id: 'fd1f80356d08889babddc8a3f7461f93') in 0.0035372 seconds
Start importing Packages/com.unity.2d.tilemap/Editor/Icons/d_EditorUI.Filter@2x.png using Guid(24a4dd7831e4a46f593e94273994b42c) (TextureImporter) -> (artifact id: '510b9cd9183b2852dcf798b815959684') in 0.0035609 seconds
Start importing Packages/com.unity.timeline/Editor/StyleSheets/Images/Icons/d_TimelineCollapseMarkerButtonEnabled.png using Guid(2446ee609b613cd4e9142ccc55cb7c43) (TextureImporter) -> (artifact id: '7f49fc5e797b341ae3bfdc990559ec95') in 0.0033376 seconds
Start importing Packages/com.unity.timeline/Editor/StyleSheets/Images/LightSkin/TimelineMarkerItem.png using Guid(24b97c67b63a23b48bea4036d28a5818) (TextureImporter) -> (artifact id: '38c94d5e04652682b57e871232c041da') in 0.003 seconds
Start importing Packages/com.unity.2d.tilemap/Editor/Icons/d_Tilemap.GridPaint@2x.png using Guid(3451731abc835d44993075b3bc0935bd) (TextureImporter) -> (artifact id: '3f66f37615f8a2800f581b5d0e2699b6') in 0.0037774 seconds
Start importing Packages/com.unity.collab-proxy/Editor/Assets/Images/d_stepok@2x.png using Guid(3494dc956dfd7174abc07060940a2848) (TextureImporter) -> (artifact id: '7f06c81e770f09e6bec9b6bda8e048ee') in 0.003111 seconds
Start importing Packages/com.unity.2d.sprite/Editor/ObjectMenuCreation/DefaultAssets/Textures/CapsuleWithBorder.png using Guid(34587324d412940a79d530020c957dc0) (TextureImporter) -> (artifact id: '6b97a42d1fe9b78daf975c2155d484e6') in 0.0073057 seconds
Start importing Packages/com.unity.inputsystem/InputSystem/Editor/Icons/d_Axis.png using Guid(34f9452ba2ee14c0b9c976800caef571) (TextureImporter) -> (artifact id: '1e09060a4be8aea0e8e12333c09857bd') in 0.0029157 seconds
Start importing Packages/com.unity.ugui/Editor Resources/Textures/btn_AlignRight.psd using Guid(342a0f8aca7f4f0691338912faec0494) (TextureImporter) -> (artifact id: '6ce2dc4e5cf55e4fb8908af9dddc7dc5') in 0.0036068 seconds
Start importing Packages/com.unity.ai.navigation/EditorResources/Overlay/NavigationOverlay On@128.png using Guid(44837f46c53a42246a6de7fa161e0d00) (TextureImporter) -> (artifact id: 'b087b84e3ded4b17b74f71e81b9584ef') in 0.0037073 seconds
Start importing Packages/com.unity.collab-proxy/Editor/Assets/Images/d_iconplasticnotifypendingchangesandincoming@2x.png using Guid(54024d7bafa404eb39097aa14df8a5cb) (TextureImporter) -> (artifact id: '209517040af7cafa6d708c69147f400c') in 0.0034593 seconds
Start importing Packages/com.unity.timeline/Editor/StyleSheets/Images/Icons/TrackAvatarButtonDisabled.png using Guid(54623075676bd504d93243fb18745161) (TextureImporter) -> (artifact id: '0e89398489e3ce057d244771d799ea2c') in 0.0034468 seconds
Start importing Packages/com.unity.inputsystem/InputSystem/Editor/Icons/d_Interactive Binding@3x.png using Guid(542599ad529004327a7b18f7b2a4aeb8) (TextureImporter) -> (artifact id: '1c9a223a2772c1f4a3300986057d3007') in 0.0033786 seconds
Start importing Packages/com.unity.ugui/Editor Resources/Textures/btn_AlignFlush_Light.psd using Guid(64b9fad609434c489c32b1cdf2004a1c) (TextureImporter) -> (artifact id: '10c214be994a1fd4c7f07f9ff1ec9d83') in 0.0040207 seconds
Start importing Packages/com.unity.ai.navigation/EditorResources/Overlay/d_NavigationOverlay On@256.png using Guid(642f7453935154b44afc516c07b1d009) (TextureImporter) -> (artifact id: 'fee4a671e11bc4d8dc6c69da61aea3e1') in 0.0049755 seconds
Start importing Packages/com.unity.xr.arfoundation/Editor/Icons/d_ArrowCaretRight.png using Guid(74a4a74438cd46a4f816b9f34fe1e709) (TextureImporter) -> (artifact id: '3634c0a37789e2874a7621b7369e5537') in 0.002723 seconds
Start importing Packages/com.unity.multiplayer.center/Editor/MultiplayerCenterWindow/UI/Icons/d_Questionnaire.png using Guid(741761e72e6f24446bd8ba03ea3d0261) (TextureImporter) -> (artifact id: '906c97a0176a75cf057678069a6b834a') in 0.0034364 seconds
Start importing Packages/com.unity.2d.sprite/Editor/Assets/d_SpriteEditor@2x.png using Guid(74d9036aa1bb14ccfafb89d639870288) (TextureImporter) -> (artifact id: '4707338fc502420cba9c2937fc87cde7') in 0.0029811 seconds
Start importing Packages/com.unity.collab-proxy/Editor/Assets/Images/iconaddedoverlay@2x.png using Guid(74ef721fef79c44489d4e3edb0ab0c01) (TextureImporter) -> (artifact id: '74cd598d4d2a01cb939364328f21b5ac') in 0.0033702 seconds
Start importing Packages/com.unity.multiplayer.center/Editor/MultiplayerCenterWindow/UI/Icons/EmptyViewIcon.png using Guid(84e4bbd00035e4671bf14e0380a89001) (TextureImporter) -> (artifact id: '408d569a325460c698bd61e0229ce3b1') in 0.0055858 seconds
Start importing Packages/com.unity.collab-proxy/Editor/Assets/Images/iconrepository@2x.png using Guid(84f696eaa6e195043b22f318aa59b058) (TextureImporter) -> (artifact id: '97aaf6536b91f446077e9776073ed2e2') in 0.0036333 seconds
Start importing Packages/com.unity.2d.tilemap/Editor/Icons/d_Tilemap.EditPalette.png using Guid(84cd96391d8e912479adff56b3500191) (TextureImporter) -> (artifact id: 'e9bc2225d31dbe930fdecaeeaf8a27d8') in 0.0032298 seconds
Start importing Packages/com.unity.multiplayer.center/Editor/MultiplayerCenterWindow/UI/Icons/PackageManager@2x.png using Guid(9431e8221045c4af189b2fa7174b9e9f) (TextureImporter) -> (artifact id: '4bb21e2c1a32053472a863827e983ad1') in 0.0031377 seconds
Start importing Packages/com.unity.inputsystem/InputSystem/Editor/Icons/d_Touch.png using Guid(94fa2e214a138425e8afbbe1329e0b55) (TextureImporter) -> (artifact id: 'b1fdffbdee8f1fd429b01773d2c7ed67') in 0.0033632 seconds
Start importing Packages/com.unity.collab-proxy/Editor/Assets/Images/iconnext@2x.png using Guid(940b9d1a2dc73495da39c6d329f2b3a0) (TextureImporter) -> (artifact id: '9f32b0c394edcae7632227d080bc7ddc') in 0.0039812 seconds
Start importing Packages/com.unity.inputsystem/InputSystem/Editor/AssetEditor/PackageResources/pro/actionTreeBackgroundWithoutBorder.png using Guid(943deaaee9c9347e0a455aa208526c42) (TextureImporter) -> (artifact id: 'ebcc256e5273e1f39f2815ea99101e99') in 0.0041594 seconds
Start importing Packages/com.unity.2d.tilemap/Editor/Icons/GridSelection@2x.png using Guid(949e98ac1c07e424685f43f530864a7c) (TextureImporter) -> (artifact id: '8add0ffecd39b24304f0824cb96beb21') in 0.0030532 seconds
Start importing Packages/com.unity.collab-proxy/Editor/Assets/Images/iconpressedclosebutton.png using Guid(94fe868620119564f9474f40cd6145aa) (TextureImporter) -> (artifact id: '8cf6eb1eac840caa6ba3d0685ffe7fd7') in 0.003661 seconds
Start importing Packages/com.unity.2d.tilemap/Editor/Icons/EditorUI.Filter@2x.png using Guid(943f98e6f10ab4d4883cdc5198a68118) (TextureImporter) -> (artifact id: '3814b6b71ca04fb20952b6aa6e90ca61') in 0.0030767 seconds
Start importing Packages/com.unity.timeline/Editor/StyleSheets/Images/Icons/Timeline-Marker-Warning-Overlay.png using Guid(945f4ecec6df62244b9ebcc363833642) (TextureImporter) -> (artifact id: 'aca85568b98183ade7afe14e21e29146') in 0.0033106 seconds
Start importing Packages/com.unity.inputsystem/InputSystem/Editor/Icons/Joystick@3x.png using Guid(a4610f64a5a4e4625b1ddbd44b04c5a6) (TextureImporter) -> (artifact id: 'a311f5188b0512d3114a8246c534d2c1') in 0.0031206 seconds
Start importing Packages/com.unity.inputsystem/InputSystem/Editor/Icons/TrackedPoseDriver.png using Guid(a4d5a38cb01e9c54aa75431f797059cb) (TextureImporter) -> (artifact id: '438fa4b8330cabc539a05a6d4e7ec627') in 0.0028193 seconds
Start importing Packages/com.unity.inputsystem/InputSystem/Editor/Icons/d_Add Binding.png using Guid(a4bbff684804d4c84b61cd0256cd2360) (TextureImporter) -> (artifact id: 'c8b03cea8ab2c3084389cbee28b91585') in 0.0031526 seconds
Start importing Packages/com.unity.inputsystem/InputSystem/Editor/Icons/Position@3x.png using Guid(a43c2c10c85c448b584c8f2840f86915) (TextureImporter) -> (artifact id: '92cb06833b0645e02b161358f04cab6e') in 0.0033513 seconds
Start importing Packages/com.unity.inputsystem/InputSystem/Editor/Icons/Stick@3x.png using Guid(a4deca3e01bf64bfc9136f4cb3b41c9f) (TextureImporter) -> (artifact id: '048b97e94a71dc66895679efe22c863d') in 0.0030941 seconds
Start importing Packages/com.unity.collab-proxy/Editor/Assets/Images/iconinviteusers@2x.png using Guid(b43651fb085b38445ade3f9de3ab0636) (TextureImporter) -> (artifact id: '44021d26a93f76a5b26f4a1b29b5ca8f') in 0.0034309 seconds
Start importing Packages/com.unity.2d.tilemap/Editor/Icons/d_Tilemap.FocusGrid.png using Guid(b46d3a07716bc8b4296166d5ac10e492) (TextureImporter) -> (artifact id: 'c886c2d7d3b3268330bf32f23611f3cf') in 0.00337 seconds
Start importing Packages/com.unity.collab-proxy/Editor/Assets/Images/d_iconadd@2x.png using Guid(c41381829109cd84786a392ea6e3db60) (TextureImporter) -> (artifact id: 'a473c043a0828f2d95d869671b82d9a8') in 0.0031456 seconds
Start importing Packages/com.unity.inputsystem/InputSystem/Editor/Icons/d_InputControl@2x.png using Guid(c4235c4abfa134435bd4c8c1f8fd8c56) (TextureImporter) -> (artifact id: '5fd8dc5e9b9f304fbb657e2f30293b96') in 0.0032486 seconds
Start importing Packages/com.unity.inputsystem/InputSystem/Editor/AssetEditor/PackageResources/pro/actionTreeBackground.png using Guid(c4b66e31395c54087a2fbc13ae7e0f3c) (TextureImporter) -> (artifact id: 'b4bc8532989a1ff4247dd4c5a7af1990') in 0.0029681 seconds
Start importing Packages/com.unity.inputsystem/InputSystem/Editor/Icons/ChevronUp@4x.png using Guid(c4f7551c56dfb47a7a105b6579646d2f) (TextureImporter) -> (artifact id: 'e57767c1f6026ed3f06bbb4e4dcb9aa0') in 0.0032202 seconds
Start importing Packages/com.unity.collab-proxy/Editor/Assets/Images/d_iconcurrentbranch@2x.png using Guid(c48b8bcda45b63442a7a7c7244c84635) (TextureImporter) -> (artifact id: '8e6db62627b3a996b8e3ed340561770e') in 0.004472 seconds
Start importing Packages/com.unity.collab-proxy/Editor/Assets/Images/d_RGBABlue@2x.png using Guid(d452c24a7410847ddac09d8ef2fbad23) (TextureImporter) -> (artifact id: 'c2bcbda6257891fed6a16f67a4674943') in 0.0033117 seconds
Start importing Packages/com.unity.collab-proxy/Editor/Assets/Images/stepok.png using Guid(d4780dc1205c7c7478c970d8c61d24e8) (TextureImporter) -> (artifact id: '88f2edb659bcbc590ee144452d47263e') in 0.0032174 seconds
Start importing Packages/com.unity.services.analytics/Editor/Tools/Checkmark.png using Guid(d4cd060c7bf78644d99a5eec9c83c21d) (TextureImporter) -> (artifact id: 'b5160b9a80bb34cdcb0d24c577ffa303') in 0.0030117 seconds
Start importing Packages/com.unity.timeline/Editor/StyleSheets/Images/Icons/TimelineClipBG.png using Guid(d44fc8b11425e0043aa7c20a301ce707) (TextureImporter) -> (artifact id: '6ee453cc2e726aedb21031ef77d5cc90') in 0.0035539 seconds
Start importing Packages/com.unity.collab-proxy/Editor/Assets/Images/d_iconbrex.png using Guid(d44f9c7a4044e1845b5b3627ba32fb10) (TextureImporter) -> (artifact id: 'e58ed96f4f5b075fa810ae70a4fdb241') in 0.0031843 seconds
Start importing Packages/com.unity.collab-proxy/Editor/Assets/Images/iconoutofsyncoverlay.png using Guid(e4517bb2f521d99439ec9981a44a87ec) (TextureImporter) -> (artifact id: 'b480282f77fda5a695be0ba59dd9d98d') in 0.003013 seconds
Start importing Packages/com.unity.collab-proxy/Editor/Assets/Images/iconbranches@2x.png using Guid(e45389a8a97044d4caf408f252370632) (TextureImporter) -> (artifact id: '8a5509a1ff41b47ba2a85200af962246') in 0.0031665 seconds
Start importing Packages/com.unity.ai.navigation/Gizmos/NavMeshSurface Icon.png using Guid(e4f97225bcfb64760a1c81f460837f01) (TextureImporter) -> (artifact id: '872b3fc5b0feac53e4a7e5119fd4078c') in 0.0056546 seconds
Start importing Packages/com.unity.2d.tilemap/Editor/Icons/d_Grid.RotateCW@2x.png using Guid(e41a6ab3ac7354642a9006c03183e95e) (TextureImporter) -> (artifact id: '02123955f127b6378eba369c81ce1531') in 0.0037316 seconds
Start importing Packages/com.unity.inputsystem/InputSystem/Editor/Icons/d_ChevronUp@4x.png using Guid(e46ad23216d074f828f3437b21912c64) (TextureImporter) -> (artifact id: '2e57136ccff6d9e49726f7906cec4fcc') in 0.0035523 seconds
Start importing Packages/com.unity.xr.arfoundation/Editor/Icons/ViewEnvironment.png using Guid(e42d949d3f5591c48a800d05c708e4d3) (TextureImporter) -> (artifact id: 'bad05a54a493c150382e1b87493c029c') in 0.0031983 seconds
Start importing Packages/com.unity.collab-proxy/Editor/Assets/Images/d_ArrowCaretRight.png using Guid(f4d4cddc7d40e49e18d2253e661465b2) (TextureImporter) -> (artifact id: 'c90af08dbe6a6be3f3bd3b32426c51a4') in 0.0035091 seconds
Start importing Packages/com.unity.inputsystem/InputSystem/Editor/Icons/d_Interactive Binding@4x.png using Guid(f4e6ca70dd9734da1a812be882c6364e) (TextureImporter) -> (artifact id: 'c23a7d7e0a87d9bcf56154d280e2fcca') in 0.0038801 seconds
Start importing Packages/com.unity.collab-proxy/Editor/Assets/Images/iconhistory.png using Guid(f42a69ee6b34c4a8eb57e17686d6ab67) (TextureImporter) -> (artifact id: 'c7663aae6bc46ebe31c919d6533ac1b4') in 0.0037432 seconds
Start importing Packages/com.unity.2d.tilemap/Editor/Icons/d_GridSelection.png using Guid(0594f3299f18e6f41908492f9b359f6c) (TextureImporter) -> (artifact id: '55726de0d0022afd3d609a20083e1077') in 0.0028672 seconds
Start importing Packages/com.unity.collab-proxy/Editor/Assets/Images/d_iconclosebutton@2x.png using Guid(0525793900d728a42936791a8a6de63b) (TextureImporter) -> (artifact id: '585532a8bc4126451f885601530114f5') in 0.0036164 seconds
Start importing Packages/com.unity.collab-proxy/Editor/Assets/Images/d_inclusionrule.png using Guid(05ba7199286b24c6ca7441e2c454f5c3) (TextureImporter) -> (artifact id: 'b83cce266e19c175b6d3d700819a0f06') in 0.0033517 seconds
Start importing Packages/com.unity.inputsystem/InputSystem/Editor/Icons/Mouse@3x.png using Guid(05bbafd21bf3c4cca93cb8ddfbbd4070) (TextureImporter) -> (artifact id: '0cd8c0ba0c1d6d7b00108e13afc9c431') in 0.0032967 seconds
Start importing Packages/com.unity.collab-proxy/Editor/Assets/Images/d_iconconflictresolvedoverlay.png using Guid(056ee72c467a4e24d87541d42839ca72) (TextureImporter) -> (artifact id: 'c405320be7a700b2b44138d2b40c3735') in 0.0031919 seconds
Start importing Packages/com.unity.timeline/Editor/StyleSheets/Images/Icons/TimelineSignal.png using Guid(15845fb26c2846947b4dedb9fb348cc1) (TextureImporter) -> (artifact id: '8e075262ec4ffce556a352eff56cdc0d') in 0.0036094 seconds
Start importing Packages/com.unity.ai.navigation/EditorResources/Overlay/NavigationOverlay On@64.png using Guid(151753cf3d5916d4fbf624668c268675) (TextureImporter) -> (artifact id: '5d116c1b87d7f4132caa7b212e630373') in 0.0033855 seconds
Start importing Packages/com.unity.collab-proxy/Editor/Assets/Images/iconcheckmark@2x.png using Guid(155b8a0cbfb7948baab0167cb548c0f6) (TextureImporter) -> (artifact id: 'e5a15161a15e8c6e15abc7671e25b664') in 0.0032317 seconds
Start importing Packages/com.unity.inputsystem/InputSystem/Editor/Icons/ChevronDown@2x.png using Guid(153c8e15f7f6c452ca50f6795813ed39) (TextureImporter) -> (artifact id: '98dd6a6d214a6e7205b06fca9f07b825') in 0.00317 seconds
Start importing Packages/com.unity.inputsystem/InputSystem/Editor/Icons/d_Position@2x.png using Guid(2552e303d22424da2ad62552efbd06e8) (TextureImporter) -> (artifact id: 'f4441ce0daa3faf5b16d8815e39df029') in 0.0033228 seconds
Start importing Packages/com.unity.collab-proxy/Editor/Assets/Images/iconclouddriveview@2x.png using Guid(259fe6e49c74eb143a9fc88f6bd3f050) (TextureImporter) -> (artifact id: '75123467eaa67a9c78207927ff478c22') in 0.0052681 seconds
Start importing Packages/com.unity.timeline/Editor/StyleSheets/Images/DarkSkin/TimelineActivation.png using Guid(359cf58d5969d1a4aad29b095c7fc338) (TextureImporter) -> (artifact id: '062e529b0c23c780a5a6da3a182d26c5') in 0.0043467 seconds
Start importing Packages/com.unity.ugui/Editor Resources/Textures/btn_AlignCenterGeo_Light.psd using Guid(35ff0937876540d3bd4b6a941df62a92) (TextureImporter) -> (artifact id: '2fc11df29a2c7332ff7f549af87f8e47') in 0.0044217 seconds
Start importing Packages/com.unity.2d.tilemap/Editor/Icons/Tilemap.BrushPicks@4x.png using Guid(45612d93bb71d8f48bb1dba4b0f5caac) (TextureImporter) -> (artifact id: 'c9782540cd388b57abf45df6447c4a36') in 0.0050328 seconds
Start importing Packages/com.unity.2d.tilemap/Editor/Icons/d_Tilemap.ShowGrid@2x.png using Guid(4576408ff459c3a48a69ad3c7d941581) (TextureImporter) -> (artifact id: 'f4e29f81bc0ea0708b1031333a325032') in 0.0035732 seconds
Start importing Packages/com.unity.collab-proxy/Editor/Assets/Images/d_iconnext.png using Guid(450a5bff12481484c862ad1ab592a858) (TextureImporter) -> (artifact id: 'e13b02d974e60611e61c47cc8a678b35') in 0.0035668 seconds
Start importing Packages/com.unity.inputsystem/InputSystem/Editor/Icons/d_Stick.png using Guid(55040e210fa9b426b861a26909ab4de7) (TextureImporter) -> (artifact id: 'c6427c1a53355557da6e516c2b31c158') in 0.0032258 seconds
Start importing Packages/com.unity.collab-proxy/Editor/Assets/Images/d_iconzoomin.png using Guid(5544f39aea350784ba1dd4ecc285b777) (TextureImporter) -> (artifact id: '097504fb6c68ca9e653b425a1f4ea358') in 0.0040458 seconds
Start importing Packages/com.unity.collab-proxy/Editor/Assets/Images/d_iconlock@2x.png using Guid(55747841a2e3b47dab36dc8d5e0dc4df) (TextureImporter) -> (artifact id: '8f043fef456d0f5bf16e1b6459c3ed25') in 0.003706 seconds
Start importing Packages/com.unity.purchasing/Icons/UnityEngine.Purchasing.IAPButtonIcon.png using Guid(55e457740fe60405dac77af143e1a867) (TextureImporter) -> (artifact id: 'e31b462cb0d5ee62a5716a645b781876') in 0.0036647 seconds
Start importing Packages/com.unity.collab-proxy/Editor/Assets/Images/xlink.png using Guid(556a2f3b046024d4c9621c1b4be5f0c1) (TextureImporter) -> (artifact id: 'b45ed3249a40faa3f24251523ee81f59') in 0.0032255 seconds
Start importing Packages/com.unity.collab-proxy/Editor/Assets/Images/d_iconconflicted@2x.png using Guid(65f0e363b74cf5845ab8c3fbc14f39ac) (TextureImporter) -> (artifact id: '8f7cd838b9be8b12eb4eaebe886d08ab') in 0.0037674 seconds
Start importing Packages/com.unity.timeline/Editor/StyleSheets/Images/Shared/Timeline-Marker-Multi-Overlay.png using Guid(75f26f1c549568c4e9950a368bd08cb8) (TextureImporter) -> (artifact id: '9b09dfbb8f8dd280e6feaf1335313dd6') in 0.0034347 seconds
Start importing Packages/com.unity.inputsystem/InputSystem/Editor/Icons/Gamepad@4x.png using Guid(7543bb6341c2140f292c8c852e7a3bbf) (TextureImporter) -> (artifact id: '5a2927497c067d7e58b5895758d68944') in 0.0034972 seconds
Start importing Packages/com.unity.2d.sprite/Editor/ObjectMenuCreation/DefaultAssets/Textures/v2/Triangle.png using Guid(75f5f34dc1b5347e0b8351032682f224) (TextureImporter) -> (artifact id: 'd587d9ac88bfd2661088add20889c131') in 0.0051689 seconds
Start importing Packages/com.unity.collab-proxy/Editor/Assets/Images/iconarrowdown@2x.png using Guid(752ba7759bdbd45c59b7e7df302ea223) (TextureImporter) -> (artifact id: '4ce532d6278158607647f98b95829949') in 0.0041054 seconds
Start importing Packages/com.unity.2d.tilemap/Editor/Icons/d_EditorUI.TargetHover@2x.png using Guid(857187d2d610c234587c8a50803e4307) (TextureImporter) -> (artifact id: '1fef354f4f40ec5f36cdb9380b939f00') in 0.0035309 seconds
Start importing Packages/com.unity.2d.tilemap/Editor/Icons/d_Tilemap.ShowTilePalette.png using Guid(95b2d1ff151dd2f479bf1f6321b44179) (TextureImporter) -> (artifact id: '838e915997a5be3265614d34a9cc9519') in 0.0038147 seconds
Start importing Packages/com.unity.timeline/Editor/StyleSheets/Images/Icons/TrackCurvesButtonEnabled.png using Guid(9589d5d9eb09dec43b2ad51af4e78b1e) (TextureImporter) -> (artifact id: '5ef29420e2b060746586df212eb1798b') in 0.0028049 seconds
Start importing Packages/com.unity.inputsystem/InputSystem/Editor/Icons/Add Binding.png using Guid(958a10dec4f3a4764bb345b0aa03510b) (TextureImporter) -> (artifact id: 'a2cfe9a8e7dc7c80345bd2e2fa462f98') in 0.0037674 seconds
Start importing Packages/com.unity.collab-proxy/Editor/Assets/Images/buttonhome@2x.png using Guid(956deaef7c041ed4abe7a5a3690c28bc) (TextureImporter) -> (artifact id: 'd1ea3cc375078e0f7bf8cf61e3d1b0fa') in 0.0030174 seconds
Start importing Packages/com.unity.timeline/Editor/StyleSheets/Images/DarkSkin/TimelineSignalSelected.png using Guid(a5e21f4e466690645980dd0cf0b664bc) (TextureImporter) -> (artifact id: 'eaa3e39c7133062a188e0ef6c21c5cb8') in 0.0032624 seconds
Start importing Packages/com.unity.collab-proxy/Editor/Assets/Images/iconaddedoverlay.png using Guid(a57d0bc93481bd844af3c2236db044f2) (TextureImporter) -> (artifact id: '3d89787bb9935f0c2826756aa0247d24') in 0.0029611 seconds
Start importing Packages/com.unity.collab-proxy/Editor/Assets/Images/iconlockedlocaloverlay@2x.png using Guid(b528c1b33a65cf94ea74f830b54c9acb) (TextureImporter) -> (artifact id: 'eec41f76ce6fc196a44fbb6154cb138c') in 0.0034771 seconds
Start importing Packages/com.unity.multiplayer.center/Editor/MultiplayerCenterWindow/UI/Icons/NoNetcode@2x.png using Guid(b58a826ca804e4c67bab4283ad5a6102) (TextureImporter) -> (artifact id: '57b4d7db222f477afc340a35fa15078a') in 0.0039977 seconds
Start importing Packages/com.unity.timeline/Editor/StyleSheets/Images/Icons/TimelineEditModeRippleON.png using Guid(c5c1f094d9a9b3f4c9cc6c3a87af871c) (TextureImporter) -> (artifact id: 'c1a246f350a24f2e852fc55657b4af2e') in 0.0026907 seconds
Start importing Packages/com.unity.2d.tilemap/Editor/Icons/Tilemap.GridPaint@4x.png using Guid(c54623997d885f6499655af6031a3bf9) (TextureImporter) -> (artifact id: '67d82c22579493322ece9b339ec7269b') in 0.004245 seconds
Start importing Packages/com.unity.xr.arfoundation/Editor/Icons/d_ViewEnvironment@2x.png using Guid(c5e76041ab3100f488b9e8122b0d7bff) (TextureImporter) -> (artifact id: 'e915809cc1a129c02c107fed73863a60') in 0.0044774 seconds
Start importing Packages/com.unity.collab-proxy/Editor/Assets/Images/iconchangesets.png using Guid(c5d82e0b4fbcf42539ceffc642e631ce) (TextureImporter) -> (artifact id: '84ad99aef8a297ef71254b08cb79bd7c') in 0.0031886 seconds
Start importing Packages/com.unity.collab-proxy/Editor/Assets/Images/d_iconplasticnotifyincoming@2x.png using Guid(c5fc116b3271b5947808130b2212cd60) (TextureImporter) -> (artifact id: 'ab6317fc0ff1ca76b18c0f6b4570f406') in 0.0034324 seconds
Start importing Packages/com.unity.inputsystem/InputSystem/Editor/Icons/d_Position.png using Guid(c5bdeae4dabac4bf19f7a1afcf5ca678) (TextureImporter) -> (artifact id: 'f764140415b7ee2caee86479174f3acb') in 0.0032576 seconds
Start importing Packages/com.unity.xr.arfoundation/Assets/Textures/SlideToggleBackground@4x.png using Guid(c5ef8db4d37ba4c0fb5e17dbb0e044ba) (TextureImporter) -> (artifact id: '67ea8e437013a92daf380b7b83677ab8') in 0.004629 seconds
Start importing Packages/com.unity.collab-proxy/Editor/Assets/Images/icondeletedremoteoverlay@2x.png using Guid(d5c3277b1dbad9448b46c2ec87a2cef8) (TextureImporter) -> (artifact id: '13bccca96aa6a54815e43cadcd046627') in 0.0042902 seconds
Start importing Packages/com.unity.2d.tilemap/Editor/Icons/Tilemap.BrushPicks.png using Guid(d5e72ab52355f594fb3b3ba0deba9b4a) (TextureImporter) -> (artifact id: 'f9bea2e5f4e831a993f37cc78dd92a92') in 0.0033034 seconds
Start importing Packages/com.unity.timeline/Editor/StyleSheets/Images/Icons/d_TrackCurvesButtonDisabled.png using Guid(d55a54a15106e3f418a43134888f2211) (TextureImporter) -> (artifact id: '4159a3f49bd6975650bb4d3544c224fe') in 0.0027524 seconds
Start importing Packages/com.unity.collab-proxy/Editor/Assets/Images/d_loading.png using Guid(d58e94bfb1bac774dbb8ca9c2597ef2e) (TextureImporter) -> (artifact id: 'a604f2c220d7dbc9e298140fa2eedb42') in 0.0037111 seconds
Start importing Packages/com.unity.timeline/Editor/StyleSheets/Images/Shared/TimelineSwatch.png using Guid(e50018fd67fc156459e4014bdad3f5f6) (TextureImporter) -> (artifact id: '16a5b0483d84b796b50a5f28e87162fc') in 0.0034919 seconds
Start importing Packages/com.unity.timeline/Editor/StyleSheets/Images/Icons/d_TrackMuteButtonEnabled@2x.png using Guid(e54e20c7a9730fe4c822d63228527ae4) (TextureImporter) -> (artifact id: 'f76f700d42993dcf98f609ccb120e873') in 0.0032213 seconds
Start importing Packages/com.unity.inputsystem/InputSystem/Editor/Icons/Joystick@4x.png using Guid(f58c918f135bd4b8abe5fdb06bda7f4d) (TextureImporter) -> (artifact id: '1d6857333d4ec6b25d195b2e28016862') in 0.0032856 seconds
Start importing Packages/com.unity.inputsystem/InputSystem/Editor/Icons/Stick@4x.png using Guid(f5ace3d653812436a812bebfe7f9a242) (TextureImporter) -> (artifact id: 'd1a49bae950bf0ea983b03e8eeb1fc96') in 0.004043 seconds
Start importing Packages/com.unity.ai.navigation/EditorResources/Overlay/d_NavigationOverlay@256.png using Guid(f5dd88efd8622424998bf5326c5421eb) (TextureImporter) -> (artifact id: '189db112540d0d4a8714ac04673c58a1') in 0.0044997 seconds
Start importing Packages/com.unity.ugui/Editor Resources/Textures/btn_AlignMiddle_Light.psd using Guid(066619c9c9c84f89acb1b48c11a7efe2) (TextureImporter) -> (artifact id: 'ce067e065a5aa92b89a0fdd366616f85') in 0.0031274 seconds
Start importing Packages/com.unity.xr.arfoundation/Editor/Icons/XREnvironment@2x.png using Guid(061c539269d9b0146a75b5ea86f94dd5) (TextureImporter) -> (artifact id: 'd9f02ecfdff53b9a93c1ba5a8485d17d') in 0.00303 seconds
Start importing Packages/com.unity.inputsystem/InputSystem/Editor/Icons/d_ChevronDown.png using Guid(06ad495fb07444736b59782982d96250) (TextureImporter) -> (artifact id: '8d996423a4f4e09434637363e4ca4734') in 0.0035689 seconds
Start importing Packages/com.unity.timeline/Editor/StyleSheets/Images/Icons/d_TimelineSelector.png using Guid(06bf6150656339941aa98e175a995445) (TextureImporter) -> (artifact id: '04ead431f5d8ef55ee8d45bd16689f98') in 0.0028261 seconds
Start importing Packages/com.unity.collab-proxy/Editor/Assets/Images/d_iconpendingchangesview@2x.png using Guid(16e2437bc79d04055b65b968f4eba9c0) (TextureImporter) -> (artifact id: '3b99f5b2f6fec343f2939ab0e2f0ddba') in 0.0034265 seconds
Start importing Packages/com.unity.2d.sprite/Editor/ObjectMenuCreation/DefaultAssets/Textures/HexagonFlatTop.png using Guid(16037dbd798344f57a526d53d48f5ead) (TextureImporter) -> (artifact id: '92eed863b3938c1e874dc23042e330a1') in 0.0057389 seconds
Start importing Packages/com.unity.2d.tilemap/Editor/Icons/d_Tilemap.GridPaint.png using Guid(26f3d342b8e95b24da7ec4638d7f2322) (TextureImporter) -> (artifact id: 'e0359ae0bfd42507e348cecbbfd53f99') in 0.0035382 seconds
Start importing Packages/com.unity.collab-proxy/Editor/Assets/Images/d_iconbranch@2x.png using Guid(267a89f787a621e4290fbff7a5442750) (TextureImporter) -> (artifact id: 'f9f0b798b2eef293a04945ff336b5946') in 0.0037055 seconds
Start importing Packages/com.unity.inputsystem/InputSystem/Editor/Icons/d_Mouse.png using Guid(264ffc05d7d2841d5a6065854b6282ca) (TextureImporter) -> (artifact id: 'c9a60b93e5f261d845c2dd01690a9aab') in 0.0035701 seconds
Start importing Packages/com.unity.collab-proxy/Editor/Assets/Images/d_iconrepository@2x.png using Guid(36564eb85f1bdf2409df96325231cb6c) (TextureImporter) -> (artifact id: '610bcd607c4e99a240a43945e75f4ef9') in 0.003405 seconds
Start importing Packages/com.unity.collab-proxy/Editor/Assets/Images/step3@2x.png using Guid(36e6970b84831434a9eac79abd03700b) (TextureImporter) -> (artifact id: 'bc61485ae97fa8f5d662f5ce5ad8ea5e') in 0.0037487 seconds
Start importing Packages/com.unity.2d.tilemap/Editor/Icons/Grid.FlipX@2x.png using Guid(367a9e3649215be42869f99bdeecbab6) (TextureImporter) -> (artifact id: 'd8e19e8bfdd659892923831479fcf793') in 0.0032416 seconds
Start importing Packages/com.unity.timeline/Editor/StyleSheets/Images/DarkSkin/TimelineLoop.png using Guid(360dded8761e81d4d98c10f469d55492) (TextureImporter) -> (artifact id: '7c16da278b22d1a09ad51cfc512b10b2') in 0.0040024 seconds
Start importing Packages/com.unity.collab-proxy/Editor/Assets/Images/d_step3.png using Guid(46930b20180b59e46b73494adf53abbb) (TextureImporter) -> (artifact id: 'f527b983f74882f56c9bd124df489204') in 0.0041825 seconds
Start importing Packages/com.unity.multiplayer.center/Editor/MultiplayerCenterWindow/UI/Icons/PackageInstalled.png using Guid(4616b2fa4acd1429e931835b80966c2a) (TextureImporter) -> (artifact id: '3e4982edc5fe85343c96f49c707c2c4f') in 0.0030919 seconds
Start importing Packages/com.unity.inputsystem/InputSystem/Editor/Icons/Position.png using Guid(5684eb521fa99491e9061de682d1622e) (TextureImporter) -> (artifact id: '334fcd27568dd908fe4a3a1e23af1a11') in 0.0034554 seconds
Start importing Packages/com.unity.collab-proxy/Editor/Assets/Images/iconconflictedoverlay@2x.png using Guid(5679a74364f6b4440ab7e7aed55cd95e) (TextureImporter) -> (artifact id: '82ba26b248f2555c88cb2bd2c5ef876e') in 0.0033398 seconds
Start importing Packages/com.unity.collab-proxy/Editor/Assets/Images/iconmergeview.png using Guid(569cb7c654ca242978cdc7428c2881a3) (TextureImporter) -> (artifact id: '21ed7a74ebf26ece9a7c65013a4fae73') in 0.0033312 seconds
Start importing Packages/com.unity.2d.tilemap/Editor/Icons/d_Grid.RotateCW.png using Guid(66bb00887f3170c4a95b989d392049ec) (TextureImporter) -> (artifact id: 'cff47591f034c2a711b2306723d403eb') in 0.0035116 seconds
Start importing Packages/com.unity.collab-proxy/Editor/Assets/Images/iconpendingchanges.png using Guid(76a05d2ec901a8b49a064fe0b0674ba7) (TextureImporter) -> (artifact id: '40b50149319609b77f746045f5355c29') in 0.0034405 seconds
Start importing Packages/com.unity.inputsystem/InputSystem/Editor/Icons/d_Gamepad.png using Guid(76dc61ff6c2d84b24b0a2ce01dc2842d) (TextureImporter) -> (artifact id: 'c3256b95f14781d87f742bcc7c9d19e3') in 0.0029565 seconds
Start importing Packages/com.unity.2d.tilemap/Editor/Icons/d_Tilemap.TilePalette@4x.png using Guid(86408806ba4819c4494d51cb88d34da4) (TextureImporter) -> (artifact id: '271c5a64d9a604487d9b026d7fc204ac') in 0.0038908 seconds
Start importing Packages/com.unity.2d.tilemap/Editor/Icons/EditorUI.Target@4x.png using Guid(86f74056ad052aa4b83fe485546f0521) (TextureImporter) -> (artifact id: '3ea5d34d5297d0f1282ab4a55217dd2f') in 0.0038316 seconds
Start importing Packages/com.unity.inputsystem/InputSystem/Editor/Icons/Add Binding@4x.png using Guid(862c5ca31844d4a6d9aa804af982ce65) (TextureImporter) -> (artifact id: '9708c082e5a2d92d2ade8e9f089a95e0') in 0.0037087 seconds
Start importing Packages/com.unity.collab-proxy/Editor/Assets/Images/d_iconadd.png using Guid(864f64164beae6141b39879e1b6f4031) (TextureImporter) -> (artifact id: '6ae7ece89799d87550da054ab524f508') in 0.0031628 seconds
Start importing Packages/com.unity.collab-proxy/Editor/Assets/Images/iconplasticnotifypendingchangesandincoming.png using Guid(96967b3953faf48f6885b45aed76490f) (TextureImporter) -> (artifact id: '01f50db335cf17ce98179da99f842d6e') in 0.0029404 seconds
Start importing Packages/com.unity.inputsystem/InputSystem/Editor/Icons/d_Pen@2x.png using Guid(96f7582a52a6843c09e0c71617e94f2d) (TextureImporter) -> (artifact id: '8a9752e6d9c9c4cafccc2313846b7279') in 0.0031941 seconds
Start importing Packages/com.unity.ai.navigation/EditorResources/Overlay/d_NavigationOverlay On@16.png using Guid(96c9a57d95a712d44978703ea9dd7f4e) (TextureImporter) -> (artifact id: 'fc8627657e95e74722b0f7d970cd62d9') in 0.003045 seconds
Start importing Packages/com.unity.collab-proxy/Editor/Assets/Images/iconbranches.png using Guid(a6219d44b6fc910449f7c3fee45db5c5) (TextureImporter) -> (artifact id: 'c517dbb4096a35fd481d9eb5ecb979c2') in 0.0035291 seconds
Start importing Packages/com.unity.2d.tilemap/Editor/Icons/Tilemap.TilePalette.png using Guid(a605ef4315d43d6438e211f589d2df38) (TextureImporter) -> (artifact id: '222b0b17295cfd580575ff71c06e7f43') in 0.0031606 seconds
Start importing Packages/com.unity.xr.arfoundation/Assets/Textures/Check@2x.png using Guid(a6f5907f7152f40fa8bc0819e54d4402) (TextureImporter) -> (artifact id: '06250c0d137a06c958007133de27a7cc') in 0.0037683 seconds
Start importing Packages/com.unity.collab-proxy/Editor/Assets/Images/iconaddedlocal@2x.png using Guid(a67b58d6cddcd4345b1e001340de5a76) (TextureImporter) -> (artifact id: 'de93a6a99c920a80d13344dcbe0fd0cf') in 0.0050649 seconds
Start importing Packages/com.unity.collab-proxy/Editor/Assets/Images/d_iconaddedoverlay@2x.png using Guid(a6fbd5a181bc51e42a61a73fe8d727c8) (TextureImporter) -> (artifact id: '50a3c770a1351206476eeb3fe1840dc7') in 0.0031194 seconds
Start importing Packages/com.unity.multiplayer.center/Editor/MultiplayerCenterWindow/UI/Icons/d_PackageManager@2x.png using Guid(a6fd0c627f5aa48fa81512221e70a11e) (TextureImporter) -> (artifact id: '0aa5b63ccfc4f5de8a8bad32f8eae7b5') in 0.0028559 seconds
Start importing Packages/com.unity.2d.tilemap/Editor/Icons/GridSelection.png using Guid(a60e09d7c2452be4c824d4eb480c91c7) (TextureImporter) -> (artifact id: '8275d6367c0c25aadbea023582ca7f29') in 0.002863 seconds
Start importing Packages/com.unity.2d.sprite/Editor/ObjectMenuCreation/DefaultAssets/Textures/v2/HexagonFlatTop.png using Guid(b670ab75dde984907b8570040daa08c5) (TextureImporter) -> (artifact id: 'eff1dc8eb43c7af4a1470629c3c8be7a') in 0.0044247 seconds
Start importing Packages/com.unity.ai.navigation/Gizmos/NavMeshModifier Icon.png using Guid(b642c6bf23e624e23ad11b3e1d471932) (TextureImporter) -> (artifact id: 'a0fc3550500bc997be1fcce0ec6bcaef') in 0.0057067 seconds
Start importing Packages/com.unity.collab-proxy/Editor/Assets/Images/iconlockedlocaloverlay.png using Guid(b6073d723b6ef3f429aa7e1d0f3db44f) (TextureImporter) -> (artifact id: 'a31f4c6cceeed373a6f7fcbe1d0d6391') in 0.0037737 seconds
Start importing Packages/com.unity.collab-proxy/Editor/Assets/Images/d_buttonhome@2x.png using Guid(b6f88350c63b24a4abdb197bf2e86d7a) (TextureImporter) -> (artifact id: '65509cce82a459077cf61f66ee1e4018') in 0.0046426 seconds
Start importing Packages/com.unity.timeline/Editor/StyleSheets/Images/LightSkin/TimelineMarkerItemSelected.png using Guid(b6e9dc9aad5843748a0124b8925c3743) (TextureImporter) -> (artifact id: '9e386a2a1d4b1d6cb10dabaa12521ea9') in 0.0031904 seconds
Start importing Packages/com.unity.inputsystem/InputSystem/Editor/Icons/d_Dpad.png using Guid(b60b9eb0384c345c89435d0982a6e4fd) (TextureImporter) -> (artifact id: '2b274d2c2aefed96d9c6952e4e380f2b') in 0.0027505 seconds
Start importing Packages/com.unity.timeline/Editor/StyleSheets/Images/Icons/TrackRecordButtonEnabled.png using Guid(c6a0c6226c05f954fa6cd03aebb4d255) (TextureImporter) -> (artifact id: '95420505aab5ee162a8b71fca2ea3b9f') in 0.0030292 seconds
Start importing Packages/com.unity.collab-proxy/Editor/Assets/Images/loading.png using Guid(c6b1bcaa3f4767141acd747384dbb276) (TextureImporter) -> (artifact id: '6681d7687dfa1b99363daf80dc9c2c41') in 0.0035797 seconds
Start importing Packages/com.unity.collab-proxy/Editor/Assets/Images/iconincomingchangesview.png using Guid(c677bcd9111fb4514aa1a56844e9006f) (TextureImporter) -> (artifact id: 'f33ae651f92b185130bc442bf9fc2c40') in 0.0034482 seconds
Start importing Packages/com.unity.xr.arfoundation/Editor/Icons/d_NoViewEnvironment@2x.png using Guid(c6efff08094402e42b11a435eb8dc38d) (TextureImporter) -> (artifact id: '423b11dcff6e4990d9164e971e2463fe') in 0.0033834 seconds
Start importing Packages/com.unity.multiplayer.center/Editor/MultiplayerCenterWindow/UI/Icons/DistributedAuthority.png using Guid(d63245ece6d8f476c8c7ca24da9937f6) (TextureImporter) -> (artifact id: '4a7b2ea889cabfdb5f5fca6634a00586') in 0.0034093 seconds
Start importing Packages/com.unity.collab-proxy/Editor/Assets/Images/d_exclusionrule.png using Guid(d616c78aaf225437199c9ac8c4f2197b) (TextureImporter) -> (artifact id: 'df8fc116da68a7625944a018af141ead') in 0.0034284 seconds
Start importing Packages/com.unity.collab-proxy/Editor/Assets/Images/iconprivateoverlay.png using Guid(d69b2503b822f4c3a95386e4bc0c8668) (TextureImporter) -> (artifact id: 'b53bafc906ea0dae9bd8b9e67471fd53') in 0.0036379 seconds
Start importing Packages/com.unity.collab-proxy/Editor/Assets/Images/iconmovedoverlay.png using Guid(d63fb8a8a3f06407e8e712a29a3499c0) (TextureImporter) -> (artifact id: 'd66100fd7f48f9e20cd4087e08d5ceb7') in 0.0028322 seconds
Start importing Packages/com.unity.purchasing/Icons/LinkWhite.png using Guid(e679a29ca22bc4fa0bd848bd79a42b79) (TextureImporter) -> (artifact id: 'c8a80a662589414be1287617bda2eca0') in 0.0033951 seconds
Start importing Packages/com.unity.collab-proxy/Editor/Assets/Images/d_iconplasticnotifypendingchanges.png using Guid(e64bde76852ee8247b40b50ef8880632) (TextureImporter) -> (artifact id: '0112ed3d5f13bac10660307ac45ae4cb') in 0.0037841 seconds
Start importing Packages/com.unity.timeline/Editor/StyleSheets/Images/LightSkin/TimelineAutokey_active@2x.png using Guid(f6717d61970edba4686c297677881a77) (TextureImporter) -> (artifact id: '9db085d1d5122366da0692c8f4819240') in 0.0040218 seconds
Start importing Packages/com.unity.collab-proxy/Editor/Assets/Images/RGBARed.png using Guid(f625c371407cd41789c91b6fedaae9e1) (TextureImporter) -> (artifact id: '161b1b4c79dcbde32ad21ee7fc5090fc') in 0.0036358 seconds
Start importing Packages/com.unity.collab-proxy/Editor/Assets/Images/d_iconincomingchangesview.png using Guid(f6ea7eb320af940f6ade67ef3befef89) (TextureImporter) -> (artifact id: 'b29f2a9fa6f10579c61f25fb57120f25') in 0.0029225 seconds
Start importing Packages/com.unity.collab-proxy/Editor/Assets/Images/iconzoomout.png using Guid(0727168a534af3641a8e744834225825) (TextureImporter) -> (artifact id: '57e630fdf6a69998e9a240f28a0e0986') in 0.0032247 seconds
Start importing Packages/com.unity.xr.arfoundation/Editor/Icons/d_AddEdit@2x.png using Guid(0789d3eb021f56c478a96023ad3392a1) (TextureImporter) -> (artifact id: '4e0bc937fc6c4ed3c95fc81cae362724') in 0.0031382 seconds
Start importing Packages/com.unity.2d.tilemap/Editor/Icons/Tilemap.FocusNone@4x.png using Guid(070c631c5a8d05e41baf0a64b742067d) (TextureImporter) -> (artifact id: '8ab66ecccd23dc50dd851aa4a8d1a821') in 0.0036745 seconds
Start importing Packages/com.unity.collab-proxy/Editor/Assets/Images/d_RGBAAll.png using Guid(074c5a73ef68b42feb9b39c318715bc8) (TextureImporter) -> (artifact id: '2551265c3ccd935e5dd38504159c1f5c') in 0.0033074 seconds
Start importing Packages/com.unity.collab-proxy/Editor/Assets/Images/d_iconignoredoverlay@2x.png using Guid(079f562959995344baea4cd40a9ecea6) (TextureImporter) -> (artifact id: '88ae618cb368840cd7ca7992e2ef47ee') in 0.0033578 seconds
Start importing Packages/com.unity.timeline/Editor/StyleSheets/Images/Shared/TimelineWarning.png using Guid(1732e542f535d374bbfa7565fc78414e) (TextureImporter) -> (artifact id: '8b7404a746ae1b5ce46aa2baddcb30c1') in 0.0039561 seconds
Start importing Packages/com.unity.inputsystem/InputSystem/Editor/Icons/d_Pen@3x.png using Guid(17b3fef87d666459d860ad88452862da) (TextureImporter) -> (artifact id: 'd432e09201ca8ac415144f40d66408fd') in 0.0031904 seconds
Start importing Packages/com.unity.inputsystem/InputSystem/Editor/Icons/Gamepad.png using Guid(17c8753d0e5e24194b06404851be7f13) (TextureImporter) -> (artifact id: '86cf3bbebf5567d640a47c12043328d6') in 0.002958 seconds
Start importing Packages/com.unity.collab-proxy/Editor/Assets/Images/d_iconprev.png using Guid(277242a6729244ec1915c31e00f364a3) (TextureImporter) -> (artifact id: '8ed3c4b43b30be22beeda8f5e7dec425') in 0.0039269 seconds
Start importing Packages/com.unity.inputsystem/InputSystem/Editor/Icons/d_Axis@2x.png using Guid(27163f3cda5b9431d928f2b33eeb5cf1) (TextureImporter) -> (artifact id: 'b122527a7266588e49df380578bdceda') in 0.003502 seconds
Start importing Packages/com.unity.inputsystem/InputSystem/Editor/Icons/d_Joystick@2x.png using Guid(27fa98be5deb54cbf9c11ffc540272b2) (TextureImporter) -> (artifact id: '822ceb1c410de851c4cab9eac6865f49') in 0.0037044 seconds
Start importing Packages/com.unity.collab-proxy/Editor/Assets/Images/iconoutofsyncoverlay@2x.png using Guid(3728580c149181a44b359e89f6edacae) (TextureImporter) -> (artifact id: '442875de1a0b215d9c4222c0e9d77944') in 0.0034246 seconds
Start importing Packages/com.unity.2d.tilemap/Editor/Icons/Tilemap.BrushSettings@2x.png using Guid(47500a6fba22d6849a3f9335aa198ba5) (TextureImporter) -> (artifact id: '6fac5c0da9d3884f0314b6a9dd590b32') in 0.0037609 seconds
Start importing Packages/com.unity.2d.sprite/Editor/Assets/SpriteEditorOn.png using Guid(476369828d55a4032beead7444495b69) (TextureImporter) -> (artifact id: '5c488fbe042dcecf37c799948f8090dd') in 0.0032454 seconds
Start importing Packages/com.unity.2d.tilemap/Editor/Icons/d_Tilemap.FocusNone@2x.png using Guid(479801e1f49ea2d4baf2b4c12f674bcb) (TextureImporter) -> (artifact id: '5fa998ef602d918f287973501b2ac2b6') in 0.003265 seconds
Start importing Packages/com.unity.collab-proxy/Editor/Assets/Images/RGBAAll@2x.png using Guid(478e7a694cd244ed5a85d1ed919f305c) (TextureImporter) -> (artifact id: '4bbb2c1e5ed2a371d7500bc2f1a947e1') in 0.0032976 seconds
Start importing Packages/com.unity.inputsystem/InputSystem/Editor/AssetEditor/PackageResources/yellow.png using Guid(47cf506b4219343519083fe1c0b8fc9c) (TextureImporter) -> (artifact id: '938ef38664d38d5dcd13b5760966b36d') in 0.003618 seconds
Start importing Packages/com.unity.collab-proxy/Editor/Assets/Images/d_iconoriginalsize.png using Guid(5787fe7d2b4da4b75a337e07cb5e1062) (TextureImporter) -> (artifact id: '6a2055cdc6bf754db52b317f27602614') in 0.0031663 seconds
Start importing Packages/com.unity.inputsystem/InputSystem/Editor/Icons/ChevronUp@2x.png using Guid(57dfdce0eaf2f48a9bd9e60e920e446b) (TextureImporter) -> (artifact id: '4be39def95a9f272238525278742e9f9') in 0.0036244 seconds
Start importing Packages/com.unity.collab-proxy/Editor/Assets/Images/iconpackageupdateavailable@2x.png using Guid(67e680da36c60e245ab0176daa656da5) (TextureImporter) -> (artifact id: 'c955656d440c80900bcb162e25fac401') in 0.0034993 seconds
Start importing Packages/com.unity.timeline/Editor/StyleSheets/Images/Icons/d_TimelineEditModeRippleON.png using Guid(67a774c4384aa6c488128e2851b18ced) (TextureImporter) -> (artifact id: 'c88756bd940746a19ed7a6f497db61de') in 0.0037832 seconds
Start importing Packages/com.unity.collab-proxy/Editor/Assets/Images/d_iconignoredoverlay.png using Guid(6768dd39d3740af429fb2d88f53390c2) (TextureImporter) -> (artifact id: '03d3f08c97bca47292c157d174f54d53') in 0.0032418 seconds
Start importing Packages/com.unity.multiplayer.center/Editor/MultiplayerCenterWindow/UI/Icons/PackageManager.png using Guid(679f9999c6f8f497e806a2d5d0511879) (TextureImporter) -> (artifact id: 'f8c44acb28f7e5837d80b98e9fa6fbcf') in 0.0032707 seconds
Start importing Packages/com.unity.timeline/Editor/StyleSheets/Images/Icons/d_TrackMarkerButtonDisabled@2x.png using Guid(77d926c9a4ddcc940b8c000b45cbfb35) (TextureImporter) -> (artifact id: '14c6bf29ad599b2990899bef6ab4f60a') in 0.0036012 seconds
Start importing Packages/com.unity.multiplayer.center/Editor/MultiplayerCenterWindow/UI/Icons/d_PackageInstalled.png using Guid(77be953cf28de42a4ad8532539fef3f5) (TextureImporter) -> (artifact id: 'b4cd34bab0afc539f0646140800a7f90') in 0.0032195 seconds
Start importing Packages/com.unity.2d.tilemap/Editor/Icons/d_Tilemap.DefaultBrush@4x.png using Guid(77be2b195bdd3a849b554d6dd09badb0) (TextureImporter) -> (artifact id: '5541ff74c2b5b4e9cecb9dac31764192') in 0.0037472 seconds
Start importing Packages/com.unity.collab-proxy/Editor/Assets/Images/iconbrex.png using Guid(87480bc179519ff4da25283c61c2573b) (TextureImporter) -> (artifact id: '46163ed7fb2761833eef82af7bd14e03') in 0.0033762 seconds
Start importing Packages/com.unity.2d.sprite/Editor/ObjectMenuCreation/DefaultAssets/Textures/CircleMask.png using Guid(87aaca0a643d54397ba969dab4fc8875) (TextureImporter) -> (artifact id: '6dafba2273835a0cd538e82e253b2431') in 0.0058351 seconds
Start importing Packages/com.unity.collab-proxy/Editor/Assets/Images/d_iconbranches@2x.png using Guid(874d8401331ede14087e8d8d486ddda6) (TextureImporter) -> (artifact id: '475e9125d3f14f89c21c1d1c69a5c8e3') in 0.0030791 seconds
Start importing Packages/com.unity.inputsystem/InputSystem/Editor/Icons/Keyboard@2x.png using Guid(87ae93efe5d3b4262995b0acdc987d88) (TextureImporter) -> (artifact id: '1f39cd16fc1aa9cf0ce34c63d033a879') in 0.0034624 seconds
Start importing Packages/com.unity.inputsystem/InputSystem/Editor/Icons/Mouse@2x.png using Guid(9721efa02e520488d96c36460fe7e4a6) (TextureImporter) -> (artifact id: '0b6e0e523036090f1dfe07e7dfeb7675') in 0.0035121 seconds
Start importing Packages/com.unity.collab-proxy/Editor/Assets/Images/iconplasticview@2x.png using Guid(97a4e2b6ae08b1140a5ba9e22953e029) (TextureImporter) -> (artifact id: '2bb9aadf6d04b64fd4c67f041a523047') in 0.0028614 seconds
Start importing Packages/com.unity.timeline/Editor/StyleSheets/Images/LightSkin/TimelineIconClipOut.png using Guid(a7a968b204ed77c4ba90be3ef3ee8551) (TextureImporter) -> (artifact id: '85e4bbff1048a118be4ae0523fb4bf31') in 0.0032266 seconds
Start importing Packages/com.unity.ugui/Editor Resources/Gizmos/TMP - Dropdown Icon.psd using Guid(a7ec9e7ad8b847b7ae4510af83c5d868) (TextureImporter) -> (artifact id: 'd736f2e10111faff0f10b44f89f730bf') in 0.0036711 seconds
Start importing Packages/com.unity.2d.sprite/Editor/Assets/d_SpriteEditor.png using Guid(b7784190913354d4fb9b7f77888f915f) (TextureImporter) -> (artifact id: '97c5dc8683a8b449e32ae7e745b170c8') in 0.003686 seconds
Start importing Packages/com.unity.collab-proxy/Editor/Assets/Images/d_iconchangesets@2x.png using Guid(b76c20add7d3d4f79afcbafeaa12e974) (TextureImporter) -> (artifact id: '35813e3ce3893867001a763a8dde4a60') in 0.0033899 seconds
Start importing Packages/com.unity.multiplayer.center/Editor/MultiplayerCenterWindow/UI/Icons/ClientHosted@2x.png using Guid(c7a38e6eccbfc49778cb8b77f594a971) (TextureImporter) -> (artifact id: 'b6f3775764ecb587116a679b61fbd18d') in 0.0042164 seconds
Start importing Packages/com.unity.2d.tilemap/Editor/Icons/d_EditorUI.Target@4x.png using Guid(c7d31ce121f6d6841b01dbcf3d909854) (TextureImporter) -> (artifact id: '43bf9c2a82537ed6cb110a6e46f0c88d') in 0.0034561 seconds
Start importing Packages/com.unity.ugui/Editor Resources/Textures/btn_AlignCenterGeo.psd using Guid(c76700ea0062413d9f69409b4e9e151b) (TextureImporter) -> (artifact id: 'd2133baac01a50c66daa69b76240c349') in 0.0036689 seconds
Start importing Packages/com.unity.collab-proxy/Editor/Assets/Images/iconmovedoverlay@2x.png using Guid(c7bee029a895b44cfb249d7cd63d13af) (TextureImporter) -> (artifact id: '7aadf85d0a29f0822c816461efa66ade') in 0.0033107 seconds
Start importing Packages/com.unity.timeline/Editor/StyleSheets/Images/LightSkin/TimelineLoop.png using Guid(c7df1e797b21c774f9b859d17f674737) (TextureImporter) -> (artifact id: '4439a7a7777a6d25891e10df569ea536') in 0.0030351 seconds
Start importing Packages/com.unity.multiplayer.center/Editor/MultiplayerCenterWindow/UI/Icons/CustomNetcode@2x.png using Guid(d7711b0cc806d430b8a95f1e33ec3649) (TextureImporter) -> (artifact id: '2748b1352c1805d5141746dbd4e4464c') in 0.0036428 seconds
Start importing Packages/com.unity.inputsystem/InputSystem/Editor/AssetEditor/PackageResources/pink.png using Guid(d7b144323984d4298924c65ed071dea1) (TextureImporter) -> (artifact id: 'badc50d3e6d241763d0dd0a6572dc237') in 0.0031334 seconds
Start importing Packages/com.unity.inputsystem/InputSystem/Editor/Icons/Dpad@4x.png using Guid(d7073cfe15a1a48bfb7ff59225052484) (TextureImporter) -> (artifact id: '988e7cfafa2e685dcd06e7034a58a337') in 0.0032519 seconds
Start importing Packages/com.unity.collab-proxy/Editor/Assets/Images/iconoutofsync@2x.png using Guid(d7094718bdac022428dd29244922d06b) (TextureImporter) -> (artifact id: '9f85816f2e2725577943c37dc847e948') in 0.0034211 seconds
Start importing Packages/com.unity.collab-proxy/Editor/Assets/Images/iconretainedoverlay.png using Guid(e73eb87336d0d0846a48f288248f52eb) (TextureImporter) -> (artifact id: '5f2309b7afa34102d65cadf06b319291') in 0.0027632 seconds
Start importing Packages/com.unity.inputsystem/InputSystem/Editor/Icons/d_Touch@3x.png using Guid(e77ee65b5139048949dc0ac5614efeec) (TextureImporter) -> (artifact id: 'a16e0c0224a8e8c9ba9bffd402256816') in 0.003179 seconds
Start importing Packages/com.unity.inputsystem/InputSystem/Editor/Icons/Dpad.png using Guid(e76f0489d4db34a2fbc3532e07f2848a) (TextureImporter) -> (artifact id: '6624b8564486e5f7f6e35a7596f9b27d') in 0.0030252 seconds
Start importing Packages/com.unity.ai.navigation/EditorResources/Overlay/NavigationOverlay On@32.png using Guid(f7a3e2b3beab29040bc1a68f0ad0045c) (TextureImporter) -> (artifact id: '6b3de58672b0ad83676056ac21fb61d4') in 0.0036219 seconds
Start importing Packages/com.unity.timeline/Editor/StyleSheets/Images/DarkSkin/TimelineContinue.png using Guid(f747f9cdf03f2ff418fe728a77e8cbef) (TextureImporter) -> (artifact id: 'acaff3a12073ebda0ec4ed81cafdba22') in 0.0030594 seconds
Start importing Packages/com.unity.2d.tilemap/Editor/Icons/Tilemap.ActiveTargetLayers@2x.png using Guid(f708c0da8a2b5fc4381f7f8d4a322a0a) (TextureImporter) -> (artifact id: '073353fe4c5c3c07016389e354fc1276') in 0.003495 seconds
Start importing Packages/com.unity.collab-proxy/Editor/Assets/Images/iconlockedremoteoverlay@2x.png using Guid(f73a7d8758d7be04588b15637d94b5a8) (TextureImporter) -> (artifact id: '34bbc944982e3da1d25f2d3bac0f9a70') in 0.002828 seconds
Start importing Packages/com.unity.collab-proxy/Editor/Assets/Images/d_iconlock.png using Guid(f7adc828ed70a485db62c459bdf09525) (TextureImporter) -> (artifact id: '74aa51e48622e82a31dfd657cfe4af12') in 0.0033972 seconds
Start importing Packages/com.unity.collab-proxy/Editor/Assets/Images/iconhistory@2x.png using Guid(08c1bc2a008284ed6987b801a480e64a) (TextureImporter) -> (artifact id: '0ce6b4af98510aa95ee3692e23fc09fa') in 0.0040671 seconds
Start importing Packages/com.unity.2d.tilemap/Editor/Icons/Tilemap.FocusGrid.png using Guid(0838dba95105e7148a96012c2778a2d5) (TextureImporter) -> (artifact id: 'cfe049938fcef388f1f28f05bdf3ee3a') in 0.0027409 seconds
Start importing Packages/com.unity.inputsystem/InputSystem/Editor/Icons/InputControl@4x.png using Guid(08c99f7c2a7fa410d8567323e32ad5f5) (TextureImporter) -> (artifact id: 'ef31c18aca1a266197da6620b6359afb') in 0.0030548 seconds
Start importing Packages/com.unity.collab-proxy/Editor/Assets/Images/iconlockretained@2x.png using Guid(1844d3d99090a0b43b60a5f1ff821467) (TextureImporter) -> (artifact id: 'a0cba898b8a89a29e45c1cd251fcc0ee') in 0.0035165 seconds
Start importing Packages/com.unity.inputsystem/InputSystem/Editor/Icons/Joystick@2x.png using Guid(18e45e1f11fae429c80c200cca8e0b4c) (TextureImporter) -> (artifact id: '4cce2e74478d194c4c2979b0822c2188') in 0.0031291 seconds
Start importing Packages/com.unity.ugui/Editor Resources/Textures/btn_AlignBaseLine_Light.psd using Guid(18775b51e3bd42299fd30bd036ea982f) (TextureImporter) -> (artifact id: '066f761b20150007d51fa11efe3752c1') in 0.0033405 seconds
Start importing Packages/com.unity.timeline/Editor/StyleSheets/Images/DarkSkin/TimelineAutokey_active@2x.png using Guid(183f7b7549219ab47becb461a16df882) (TextureImporter) -> (artifact id: '85ec0152acce0dac8492b890418ff680') in 0.0030482 seconds
Start importing Packages/com.unity.timeline/Editor/StyleSheets/Images/LightSkin/TimelineActivation.png using Guid(2887294cc7f1fe840bff6e349409648d) (TextureImporter) -> (artifact id: 'd8fea53f0279563cd1493a129d5ca084') in 0.0036497 seconds
Start importing Packages/com.unity.collab-proxy/Editor/Assets/Images/iconoriginalsize@2x.png using Guid(28080b664b5d94db885a04224cf2967c) (TextureImporter) -> (artifact id: '6a8fbbc9ed5515260d47be7c906d34d4') in 0.0032063 seconds
Start importing Packages/com.unity.2d.tilemap/Editor/Icons/Grid.RotateACW.png using Guid(28df830b98d0a3f44b58e73d78060ab0) (TextureImporter) -> (artifact id: '28c85efaabb2f838bb4610c79b0cfc0f') in 0.0030244 seconds
Start importing Packages/com.unity.collab-proxy/Editor/Assets/Images/d_step1.png using Guid(38236a82ff44aaa4b972248479d5f970) (TextureImporter) -> (artifact id: '2cf10e1c5495f0241206ff11dc0592e3') in 0.0027801 seconds
Start importing Packages/com.unity.multiplayer.center/Editor/MultiplayerCenterWindow/UI/Icons/DedicatedServer@2x.png using Guid(38b78df4a34c94fa6a52c90239606ff1) (TextureImporter) -> (artifact id: '1170bb9e459371de6f011645d3482d25') in 0.0044325 seconds
Start importing Packages/com.unity.ugui/Editor Resources/Textures/btn_AlignTop.psd using Guid(48d034c499ee4697af9dd6e327110249) (TextureImporter) -> (artifact id: '11b3e41408278b9cf97d9edcf266242c') in 0.0035802 seconds
Start importing Packages/com.unity.2d.tilemap/Editor/Icons/Tilemap.EditPalette.png using Guid(4858e04232af5e340922812cd3697086) (TextureImporter) -> (artifact id: 'eec5b5ef75ae596ecd774c75dcb5884b') in 0.0028261 seconds
Start importing Packages/com.unity.2d.sprite/Editor/ObjectMenuCreation/DefaultAssets/Textures/Square.png using Guid(48e93eef0688c4a259cb0eddcd8661f7) (TextureImporter) -> (artifact id: 'b228f02845772ed19b2e9659d5f0d322') in 0.0055243 seconds
Start importing Packages/com.unity.inputsystem/InputSystem/Editor/Icons/Touch.png using Guid(588041e6f0efb43489b38677e0aac58f) (TextureImporter) -> (artifact id: '461b111797caf528fb260329fce861b5') in 0.0032086 seconds
Start importing Packages/com.unity.inputsystem/InputSystem/Editor/Icons/Stick@2x.png using Guid(5881d226463a047cb8db57c9cb0ebc0f) (TextureImporter) -> (artifact id: '9e011a9a65b15850aab3b07495925d17') in 0.0027998 seconds
Start importing Packages/com.unity.inputsystem/InputSystem/Editor/Icons/Dpad@2x.png using Guid(5806833d077654e5784b7cbf3e722f58) (TextureImporter) -> (artifact id: 'f32d854c19f74ec88c8012cdf9e95f75') in 0.0033031 seconds
Start importing Packages/com.unity.collab-proxy/Editor/Assets/Images/iconpendingchangesview@2x.png using Guid(58f6d5934224b4bb0a67d67e45a6654b) (TextureImporter) -> (artifact id: 'f6a88802b92f3ee2a4336c75e56c1d6d') in 0.0029817 seconds
Start importing Packages/com.unity.ugui/Editor Resources/Textures/btn_AlignBottom_Light.psd using Guid(585b70cb75dd43efbfead809c30a1731) (TextureImporter) -> (artifact id: 'b2e32cb7bfe08a0255eef5e4519e2e75') in 0.003443 seconds
Start importing Packages/com.unity.collab-proxy/Editor/Assets/Images/d_iconpendingchanges@2x.png using Guid(68302c8c48e3cee4aad72dbbf7894781) (TextureImporter) -> (artifact id: 'b9391a9a148b5d44202787ba14d88161') in 0.0034271 seconds
Start importing Packages/com.unity.collab-proxy/Editor/Assets/Images/d_iconprev@2x.png using Guid(68587391d99444fd2a157ca65484dee2) (TextureImporter) -> (artifact id: 'e9ef50c20a8b82817603fa78bf21f4d1') in 0.0035414 seconds
Start importing Packages/com.unity.collab-proxy/Editor/Assets/Images/d_iconheckmark.png using Guid(7843fb01e5ee34be0a20027af3edab78) (TextureImporter) -> (artifact id: '334252306ed77cc9b69dc427c5729580') in 0.0029524 seconds
Start importing Packages/com.unity.collab-proxy/Editor/Assets/Images/d_exclusionrule@2x.png using Guid(78de972b7bcb2424e8560a8c310a6d10) (TextureImporter) -> (artifact id: 'fb1646137eea0b733c61a1b62bf42841') in 0.0037449 seconds
Start importing Packages/com.unity.2d.sprite/Editor/ObjectMenuCreation/DefaultAssets/Textures/v2/9Sliced.png using Guid(8884154dfe85442a3a3578be807dbcdf) (TextureImporter) -> (artifact id: '1ce426ab1b62f8af1d5add1b6359270d') in 0.0050695 seconds
Start importing Packages/com.unity.timeline/Editor/StyleSheets/Images/LightSkin/TimelinePingPong.png using Guid(88d697f38121de443ba144702e5122d9) (TextureImporter) -> (artifact id: '0e9559ccebdbe1491a962e1f249463ef') in 0.0035023 seconds
Start importing Packages/com.unity.collab-proxy/Editor/Assets/Images/d_iconconflicted.png using Guid(881798b77426a8f47b533dcc4767e9e5) (TextureImporter) -> (artifact id: 'f427effb95680104ab30ec6724b0a984') in 0.0032595 seconds
Start importing Packages/com.unity.collab-proxy/Editor/Assets/Images/iconundo.png using Guid(98773313eabe35543bfdbf542ccea271) (TextureImporter) -> (artifact id: '475204986b06b532ab7d0be73fcf2aad') in 0.0029644 seconds
Start importing Packages/com.unity.xr.arfoundation/Assets/Textures/UnityLogoWhiteRGB.png using Guid(9858b8d6bc5e649ca94c5830ec79be14) (TextureImporter) -> (artifact id: '0184de3ccb2aeca59b6cdcc74dfd799a') in 0.0129634 seconds
Start importing Packages/com.unity.collab-proxy/Editor/Assets/Images/iconbranch.png using Guid(981b1c6358520f245a69c070270eca96) (TextureImporter) -> (artifact id: '21d918eeb410fd573c918a2bdf56bac8') in 0.0031663 seconds
Start importing Packages/com.unity.inputsystem/InputSystem/Editor/Icons/ChevronDown@3x.png using Guid(985cbca1705a64c80b370afdb30b3ee7) (TextureImporter) -> (artifact id: '7b24f3101140f7f2d1d7c242b813f1c1') in 0.0031401 seconds
Start importing Packages/com.unity.collab-proxy/Editor/Assets/Images/d_iconconflictedoverlay.png using Guid(a892bcc7ae1871447926b3c44d158763) (TextureImporter) -> (artifact id: '3d5e9cbdd3d8b0122964698c87fce36a') in 0.0033882 seconds
Start importing Packages/com.unity.2d.sprite/Editor/ObjectMenuCreation/DefaultAssets/Textures/v2/Circle.png using Guid(a86470a33a6bf42c4b3595704624658b) (TextureImporter) -> (artifact id: '9281f38576acb7619dc0e0083e1200db') in 0.0046588 seconds
Start importing Packages/com.unity.timeline/Editor/StyleSheets/Images/Icons/TimelineEditModeMixON.png using Guid(a82846d41464fcf4b962ebdc815963f5) (TextureImporter) -> (artifact id: '149bd6c5f31d94e2d8c18623db45b3f1') in 0.003442 seconds
Start importing Packages/com.unity.inputsystem/InputSystem/Editor/Icons/d_ChevronUp@2x.png using Guid(a89bfcdeffde84e7ebf930d44b695435) (TextureImporter) -> (artifact id: '0d0bb6a4ad8117648211873b46ef9fd1') in 0.0036263 seconds
Start importing Packages/com.unity.timeline/Editor/StyleSheets/Images/LightSkin/TimelineSignalCollapsed.png using Guid(a88fa20ed164bbe4da6bf533f94a3113) (TextureImporter) -> (artifact id: '3abfd7058ac51159279a8fd8bcc27ac8') in 0.0031956 seconds
Start importing Packages/com.unity.timeline/Editor/StyleSheets/Images/Icons/TrackLockButtonEnabled@2x.png using Guid(b8c531b4e51e4994a81837c4e9b0d649) (TextureImporter) -> (artifact id: 'acd01f7c29f7370245ed6ccfd8370c85') in 0.0034734 seconds
Start importing Packages/com.unity.collab-proxy/Editor/Assets/Images/iconincomingchangesview@2x.png using Guid(b8263c2f8ead9485180cfeaa9bde0999) (TextureImporter) -> (artifact id: '0e7cce82a3626bb536aa3c618ea4ee2f') in 0.0037534 seconds
Start importing Packages/com.unity.ai.navigation/EditorResources/Overlay/d_NavigationOverlay On@32.png using Guid(b8a654e77ffbbcd4abdda7fdb70fbb9e) (TextureImporter) -> (artifact id: 'ddc5f340c6a66c7219e81ddefdcf2d8b') in 0.0043348 seconds
Start importing Packages/com.unity.collab-proxy/Editor/Assets/Images/icondeletedremote.png using Guid(b85a4b2ec6433d04895612d791edc260) (TextureImporter) -> (artifact id: 'bfece13cce3c2b40f682e75bfc64c242') in 0.0033631 seconds
Start importing Packages/com.unity.timeline/Editor/StyleSheets/Images/Icons/TimelineCollapseMarkerButtonDisabled.png using Guid(b80d5b6acdfbc114b9efab6295fd96c1) (TextureImporter) -> (artifact id: '8f0f9172900e1a3aa62069981865f5e2') in 0.0040867 seconds
Start importing Packages/com.unity.collab-proxy/Editor/Assets/Images/d_step1@2x.png using Guid(c8a69ecdf54ac8e4b873466605de27ff) (TextureImporter) -> (artifact id: '1ea50fb42a7a4620a7bdd672097eb93e') in 0.0031989 seconds
Start importing Packages/com.unity.collab-proxy/Editor/Assets/Images/iconlabel@2x.png using Guid(c8396bd7e257d6b4b8d1d72fdb7a2684) (TextureImporter) -> (artifact id: '3deabf95392b0d78c095af66b8e28e71') in 0.0035818 seconds
Start importing Packages/com.unity.collab-proxy/Editor/Assets/Images/iconfirst.png using Guid(d80583d4126ca4f74bd2c5e97e49f70d) (TextureImporter) -> (artifact id: 'd2e530455687592941cd790e4422d74f') in 0.0035028 seconds
Start importing Packages/com.unity.inputsystem/InputSystem/Editor/Icons/d_Joystick@4x.png using Guid(d88596134c72c47b99d7d55583f4c6bf) (TextureImporter) -> (artifact id: '54e4d848381e31b6cba4a1f74e529901') in 0.0036651 seconds
Start importing Packages/com.unity.collab-proxy/Editor/Assets/Images/d_iconretainedoverlay.png using Guid(d83d26a46db2b504fbcfa6f2aae590b6) (TextureImporter) -> (artifact id: '544c507d1ac72c42e0e4e585846eaf4a') in 0.003269 seconds
Start importing Packages/com.unity.2d.tilemap/Editor/Icons/Tilemap.ShowTilePalette@2x.png using Guid(d88e25b75a7927f4683afb6c74b05a08) (TextureImporter) -> (artifact id: '42187f3936d746f5dcd944343764daf7') in 0.0031908 seconds
Start importing Packages/com.unity.2d.tilemap/Editor/Icons/Grid.FlipX.png using Guid(e883969672bd261498f38ec9e9fc393f) (TextureImporter) -> (artifact id: 'e40adfa47adc4a88f857b126325b70c5') in 0.003644 seconds
Start importing Packages/com.unity.timeline/Editor/StyleSheets/Images/Icons/d_TrackLockButtonEnabled.png using Guid(e8aa120f1b4731e43a2dd31eb70bbbe2) (TextureImporter) -> (artifact id: 'cfc7af1acaaee33226f08ed014dbdf81') in 0.00274 seconds
Start importing Packages/com.unity.2d.tilemap/Editor/Icons/d_Tilemap.TilePalette@2x.png using Guid(f8e23945cefaa614da36fe203225170a) (TextureImporter) -> (artifact id: '029fa68ef71f76401ebe95e6ac40278a') in 0.0041164 seconds
Start importing Packages/com.unity.2d.tilemap/Editor/Icons/Tilemap.FocusNone@2x.png using Guid(f8e27d22a910edd4e9b6791a887aa9e1) (TextureImporter) -> (artifact id: 'cea3b22ff0209fa42c2bcaa7ee58f6bd') in 0.0032705 seconds
Start importing Packages/com.unity.collab-proxy/Editor/Assets/Images/d_iconoutofsync@2x.png using Guid(f82dfc5fc3c5a8f4080a3550427019c8) (TextureImporter) -> (artifact id: 'aa771206b303efeb2b5430d38a21a889') in 0.0035474 seconds
Start importing Packages/com.unity.2d.tilemap/Editor/Icons/EditorUI.Target@2x.png using Guid(f8eef1ebd82d467428620ec2c02bc50a) (TextureImporter) -> (artifact id: '8aeee1a80beb4f51365c03a228728c65') in 0.0035886 seconds
Start importing Packages/com.unity.inputsystem/InputSystem/Editor/Icons/d_Button@2x.png using Guid(0962795d1cafc460b9027de55b1c0a80) (TextureImporter) -> (artifact id: '2ae69eab552b9d59cef00d8730d34bf6') in 0.0034142 seconds
Start importing Packages/com.unity.collab-proxy/Editor/Assets/Images/icondeletedremoteoverlay.png using Guid(092347b12f348a6439e85218cd291ea2) (TextureImporter) -> (artifact id: 'f09503f27a7e3c0f366bdb662209dea0') in 0.0033584 seconds
Start importing Packages/com.unity.collab-proxy/Editor/Assets/Images/d_buttonhome.png using Guid(09fca212d621e844a8a0f11a9ac6c1bc) (TextureImporter) -> (artifact id: '6ee580428338fade06adcb3a78ba2fbd') in 0.0043716 seconds
Start importing Packages/com.unity.timeline/Editor/StyleSheets/Images/Icons/TimelineEditModeReplaceOFF.png using Guid(09ae14686a02d484ab41e76fd1efba14) (TextureImporter) -> (artifact id: '487370aab2380ebcdbb8aa79de63b325') in 0.0033317 seconds
Start importing Packages/com.unity.collab-proxy/Editor/Assets/Images/d_iconpackageupdateavailable@2x.png using Guid(19b06b801c204604290761788cf6e125) (TextureImporter) -> (artifact id: '83ad7c19eb5c70f48ac946d53e76fac5') in 0.0033202 seconds
Start importing Packages/com.unity.2d.tilemap/Editor/Icons/Tilemap.GridPaint.png using Guid(1915f55bbb9484044b7829d1df0b4abf) (TextureImporter) -> (artifact id: '70632e2c042d38b9e9f688758ec02823') in 0.0033245 seconds
Start importing Packages/com.unity.inputsystem/InputSystem/Editor/Icons/d_Mouse@4x.png using Guid(1918e7bff8ff44878a0003977ca03971) (TextureImporter) -> (artifact id: '8028ace9686c0cb3b5454f9eca334c7a') in 0.0042733 seconds
Start importing Packages/com.unity.2d.sprite/Editor/ObjectMenuCreation/DefaultAssets/Textures/v2/IsometricDiamond.png using Guid(19fb86013d8c24d6cb8410c0aadf30fa) (TextureImporter) -> (artifact id: '2764b8db9a9ba4215e45370830187845') in 0.0042886 seconds
Start importing Packages/com.unity.timeline/Editor/StyleSheets/Images/Icons/TrackMarkerButtonDisabled@2x.png using Guid(193dae938a3136440b693b45a2494737) (TextureImporter) -> (artifact id: '8b09dc58be7156dfba9e30da6110bf76') in 0.0028767 seconds
Start importing Packages/com.unity.xr.arfoundation/Editor/Icons/AddEdit.png using Guid(29070bec5a5705045bb69c987b6d303b) (TextureImporter) -> (artifact id: 'f53b2830186b9de78d22a296cc412f0d') in 0.0033126 seconds
Start importing Packages/com.unity.collab-proxy/Editor/Assets/Images/d_iconshelve.png using Guid(292bae633fda01e41b8847fad37495c2) (TextureImporter) -> (artifact id: 'a8750932ba19f713a462af5f00182a4f') in 0.0036054 seconds
Start importing Packages/com.unity.collab-proxy/Editor/Assets/Images/d_ArrowCaretRight@2x.png using Guid(3943479b9e27741a78451950ae5841f6) (TextureImporter) -> (artifact id: 'd10c939053994ef042eff7579b65190d') in 0.0030761 seconds
Start importing Packages/com.unity.services.analytics/Editor/Tools/StateActive.png using Guid(3983e976e5d79f84d83ac4ee6f01f384) (TextureImporter) -> (artifact id: 'd4b19e732b25fd70ac6dd6b593c0f4b5') in 0.0038069 seconds
Start importing Packages/com.unity.collab-proxy/Editor/Assets/Images/iconcheckedoutlocaloverlay@2x.png using Guid(3999034958d54364da380a8839a11050) (TextureImporter) -> (artifact id: '94cd8c2af12e4e8be2530f69cbaa0276') in 0.0036719 seconds
Start importing Packages/com.unity.timeline/Editor/StyleSheets/Images/Icons/d_TimelineEditModeMixOFF.png using Guid(39d9575ed0465354cb02b69ea18526de) (TextureImporter) -> (artifact id: '8bd8953f6556a2ade1822985bcdf9b4c') in 0.0031431 seconds
Start importing Packages/com.unity.collab-proxy/Editor/Assets/Images/d_iconoriginalsize@2x.png using Guid(39ea418026f63417da6b3e259222f850) (TextureImporter) -> (artifact id: 'c28dc2fb5165ac20a9d3a13441716bfb') in 0.0037026 seconds
Start importing Packages/com.unity.inputsystem/InputSystem/Editor/Icons/d_InputControl.png using Guid(399cd90f4e31041e692a7d3a8b1aa4d0) (TextureImporter) -> (artifact id: '207924ca537e81dae0b3fbef3c075fa6') in 0.0031375 seconds
Start importing Packages/com.unity.ugui/Editor Resources/Textures/btn_AlignCapLine_Light.psd using Guid(49679f302ac6408697f6b9314a38985c) (TextureImporter) -> (artifact id: 'd394ac4b354e4fcff793b2f7d819c2e9') in 0.0034337 seconds
Start importing Packages/com.unity.timeline/Editor/StyleSheets/Images/Icons/TrackRecordButtonDisabled.png using Guid(495998c718a094540bbe57ae5ab07647) (TextureImporter) -> (artifact id: '44fcc5903aef99613acc06befe08fd38') in 0.0033535 seconds
Start importing Packages/com.unity.collab-proxy/Editor/Assets/Images/iconlast.png using Guid(4999348b6ce1c4d5fa3854f4e16dad48) (TextureImporter) -> (artifact id: 'af15bfd7630e9e352831afcc8d27dce0') in 0.003096 seconds
Start importing Packages/com.unity.collab-proxy/Editor/Assets/Images/d_icondiff.png using Guid(49deb65084c2f495d8ee4d010ad486c2) (TextureImporter) -> (artifact id: '8c663d8d8689d80ce4255bca7954a301') in 0.0032187 seconds
Start importing Packages/com.unity.collab-proxy/Editor/Assets/Images/iconchangesets@2x.png using Guid(59d17703fae374169bc28ce046728590) (TextureImporter) -> (artifact id: '7297bcffbef054b324f9c6d6777dfd68') in 0.0032737 seconds
Start importing Packages/com.unity.collab-proxy/Editor/Assets/Images/refresh@2x.png using Guid(59571f82a0dc1a14da606dc0df6f8ea7) (TextureImporter) -> (artifact id: '6abf16fe261d6b25821775595449a69a') in 0.0037228 seconds
Start importing Packages/com.unity.analytics/DataPrivacy/DataPrivacyIcon.png using Guid(599a5fd92bab81a4ab02e52d0b1b1c60) (TextureImporter) -> (artifact id: 'e68014250a5316c0992ff39db12a0c9d') in 0.0076524 seconds
Start importing Packages/com.unity.2d.tilemap/Editor/Icons/Tilemap.FocusNone.png using Guid(592cc37b962a5604599e514ecc35f4b2) (TextureImporter) -> (artifact id: '41d7b351ddf7fdffac2d337ce5af8d16') in 0.003183 seconds
Start importing Packages/com.unity.collab-proxy/Editor/Assets/Images/d_iconclouddriveview@2x.png using Guid(59eedc7f076ac5749993ec0e94b87af3) (TextureImporter) -> (artifact id: '6c6395ee25096bf1d1ce3cd0f0e6fa72') in 0.0031615 seconds
Start importing Packages/com.unity.xr.arfoundation/Editor/Icons/AddEdit@2x.png using Guid(6971cda678a8e3d44a76793c12ba317d) (TextureImporter) -> (artifact id: 'e00bee9ec993f4d99d3dddbe529da5fe') in 0.0033801 seconds
Start importing Packages/com.unity.timeline/Editor/StyleSheets/Images/LightSkin/TimelineEndPlayback.png using Guid(6952cd3b0f88917449a8fa4d19fc5009) (TextureImporter) -> (artifact id: 'd8c859b498cb9597b1d41afcbc649fd9') in 0.0027742 seconds
Start importing Packages/com.unity.ugui/Editor Resources/Textures/btn_AlignFlush.psd using Guid(691475c57a824010be0c6f474caeb7e1) (TextureImporter) -> (artifact id: '199e3ab03c8348625c7c90bfd2aae2d7') in 0.0033002 seconds
Start importing Packages/com.unity.collab-proxy/Editor/Assets/Images/d_secondarytabclose.png using Guid(6975ee4c1f40caf4da8dd733ee2cfeaf) (TextureImporter) -> (artifact id: '974f5af7e4832d38b7499aca060a5ca1') in 0.0030206 seconds
Start importing Packages/com.unity.collab-proxy/Editor/Assets/Images/step3.png using Guid(69899ed144c8eea4baea48b858b37746) (TextureImporter) -> (artifact id: 'bcde93f54034abfec0a2186c8e3800f4') in 0.0040695 seconds
Start importing Packages/com.unity.collab-proxy/Editor/Assets/Images/d_iconundo.png using Guid(691dc543ff5b9ca44bf846657ba04161) (TextureImporter) -> (artifact id: 'b615df2b4842446651dca163b7ca1c16') in 0.0032586 seconds
Start importing Packages/com.unity.collab-proxy/Editor/Assets/Images/iconshelve@2x.png using Guid(695fbddd7238dc94c8f102d9191c2886) (TextureImporter) -> (artifact id: 'ce81c3369fb590db4c49a66d71b42d46') in 0.002567 seconds
Start importing Packages/com.unity.timeline/Editor/StyleSheets/Images/LightSkin/TimelineInfiniteTrackNoShadow.png using Guid(69ff79f863a32ad44a9497d4896d9d1c) (TextureImporter) -> (artifact id: 'cff878c695c4980d075dfa5d7d600133') in 0.0037518 seconds
Start importing Packages/com.unity.collab-proxy/Editor/Assets/Images/d_step2.png using Guid(897c3a3f5c4038345a7143573bbb4a40) (TextureImporter) -> (artifact id: 'da0648c6cd36fd775dddfeeac3409651') in 0.0035084 seconds
Start importing Packages/com.unity.collab-proxy/Editor/Assets/Images/iconadd.png using Guid(99d1cf315f771ae48ab6f41c99a8d7cb) (TextureImporter) -> (artifact id: 'b3e72e5ba200df9599be3b96805106ee') in 0.0029233 seconds
Start importing Packages/com.unity.2d.tilemap/Editor/Icons/d_Tilemap.ActiveTargetLayers.png using Guid(99c3717808acc0f43b394ab3e10da8bb) (TextureImporter) -> (artifact id: '6ccfecf6ebed79fcb56d464fc4016487') in 0.0029883 seconds
Start importing Packages/com.unity.multiplayer.center/Editor/MultiplayerCenterWindow/UI/Icons/NGO.png using Guid(99da7b3894f364efdb5fa1443952a55d) (TextureImporter) -> (artifact id: '83b9144ccc6f5760ab5eb4f104a53e42') in 0.0034951 seconds
Start importing Packages/com.unity.collab-proxy/Editor/Assets/Images/d_iconmergeview.png using Guid(998e4aae0494244578bee3771d57801c) (TextureImporter) -> (artifact id: '42d38915b49365839f7541b2ca965e3d') in 0.0038008 seconds
Start importing Packages/com.unity.inputsystem/InputSystem/Editor/Icons/Axis@4x.png using Guid(a940917cc397643afb071010cb2143d9) (TextureImporter) -> (artifact id: 'b58d63a49f8c58746fabc49c42200d5f') in 0.0033651 seconds
Start importing Packages/com.unity.2d.sprite/Editor/ObjectMenuCreation/DefaultAssets/Textures/HexagonFlatTopWithBorder.png using Guid(a9716c16a44a94eed9b5c90fbf4d9bdd) (TextureImporter) -> (artifact id: 'dddf43a62cb895f18520c064c9a83f05') in 0.0048935 seconds
Start importing Packages/com.unity.2d.tilemap/Editor/Icons/d_Tilemap.FocusTilemap.png using Guid(a9a5b304877d58a47859e53d2b2d9fe3) (TextureImporter) -> (artifact id: '290a341023a806dc1bf838545461372d') in 0.0027455 seconds
Start importing Packages/com.unity.collab-proxy/Editor/Assets/Images/iconplasticnotifyconflict.png using Guid(a916ed6819efd014588f58e3cfc48196) (TextureImporter) -> (artifact id: '0471bb328082d51e51906e830a5c91d2') in 0.0027947 seconds
Start importing Packages/com.unity.collab-proxy/Editor/Assets/Images/d_iconlast.png using Guid(a9cec377658c44e5ba06fde05976bee6) (TextureImporter) -> (artifact id: 'd6061f154a83b6d2dc0168c8ab0adfce') in 0.0033121 seconds
Start importing Packages/com.unity.inputsystem/InputSystem/Editor/Icons/ChevronUp.png using Guid(a9fe7c3d19af4432b9ae2a5172f4ea72) (TextureImporter) -> (artifact id: '2a5ec2ce86daf323f3436920e3b5c102') in 0.003026 seconds
Start importing Packages/com.unity.inputsystem/InputSystem/Editor/Icons/d_Orientation.png using Guid(c933c2bcad7ef46309fde7c1cf11b39a) (TextureImporter) -> (artifact id: '003591287a4215a8ae2d545344f5d541') in 0.002761 seconds
Start importing Packages/com.unity.inputsystem/InputSystem/Editor/Icons/Position@4x.png using Guid(c998b283038914e699477f514ecb31ac) (TextureImporter) -> (artifact id: 'd6ee912b350c6833b3e981ee949ded21') in 0.0037204 seconds
Start importing Packages/com.unity.collab-proxy/Editor/Assets/Images/d_step3@2x.png using Guid(c9ed6d6ea2f9657409bfa068d4846139) (TextureImporter) -> (artifact id: '9eea681e5d85124f4e0a8d3384268b85') in 0.003761 seconds
Start importing Packages/com.unity.xr.arfoundation/Editor/Icons/d_ArrowCaretRight@2x.png using Guid(c9af5712572b1524e9b536ffbd70a233) (TextureImporter) -> (artifact id: 'af053ac455545508f1cbb87f1b3ae080') in 0.0028367 seconds
Start importing Packages/com.unity.2d.tilemap/Editor/Icons/d_Tilemap.BrushSettings@4x.png using Guid(d9f2d0aff557fba4cb316f849b0ccdd1) (TextureImporter) -> (artifact id: '7aed21f093bff9acdba93063ff692421') in 0.0031669 seconds
Start importing Packages/com.unity.timeline/Editor/StyleSheets/Images/DarkSkin/TimelineSignalCollapsed.png using Guid(d91793cd853a258448e4d5545bb38e45) (TextureImporter) -> (artifact id: '808945ab9c455dc1684fddb6dc27bb8b') in 0.0032018 seconds
Start importing Packages/com.unity.collab-proxy/Editor/Assets/Images/iconprev@2x.png using Guid(d937bd39ca592471b942d16ee8094535) (TextureImporter) -> (artifact id: '783a74143bf19685c6e215781d62f7ba') in 0.0031542 seconds
Start importing Packages/com.unity.multiplayer.center/Editor/MultiplayerCenterWindow/UI/Icons/N4E.png using Guid(e9669051ff70449b5923861e0e0b8838) (TextureImporter) -> (artifact id: '86491cfafe844b87e05867f6874a7a5b') in 0.0035084 seconds
Start importing Packages/com.unity.xr.arfoundation/Editor/Icons/d_XREnvironment.png using Guid(e97cf8a0d8468264083882a7003bddb0) (TextureImporter) -> (artifact id: '59b91a91e44bec538275be974a97a8f5') in 0.0028396 seconds
Start importing Packages/com.unity.collab-proxy/Editor/Assets/Images/iconpackageupdateavailable.png using Guid(e9cc02852345307449379a9a877679da) (TextureImporter) -> (artifact id: 'c6e532b3ae258dab3f695157a8d0eb45') in 0.003421 seconds
Start importing Packages/com.unity.services.core/Editor/Core/UiHelpers/Images/ToggleOn.png using Guid(e97f44a089f144758b462da41bc96973) (TextureImporter) -> (artifact id: 'd01bab145555ff36a010d981f9f5bef3') in 0.0036734 seconds
Start importing Packages/com.unity.ai.navigation/EditorResources/Overlay/NavigationOverlay@32.png using Guid(f9a2f623ba32a844da6de770f5ccf17f) (TextureImporter) -> (artifact id: 'fb9bbff789470a377158553b1431f1a3') in 0.0033944 seconds
Start importing Packages/com.unity.collab-proxy/Editor/Assets/Images/buttonssosigninunity.png using Guid(f9161c6c9e06dc445ada3ee16d991f90) (TextureImporter) -> (artifact id: '157d984bde7088bcf862b00ee957ea2b') in 0.0032088 seconds
Start importing Packages/com.unity.xr.arcore/Tests/Editor/Assets/two.png using Guid(f9e6c3c24567041519cd7c6b24abb3fb) (TextureImporter) -> (artifact id: 'bab53a1f30d4a831e7679d8949ef5b1d') in 0.0128668 seconds
Start importing Packages/com.unity.collab-proxy/Editor/Assets/Images/d_iconfirst@2x.png using Guid(f94d06b5a7fc94387a1a212b8dc9b2a5) (TextureImporter) -> (artifact id: 'a73d7c51b586bf8df2bf53a0bf8fd8d7') in 0.0037316 seconds
Start importing Packages/com.unity.timeline/Editor/StyleSheets/Images/LightSkin/TimelineKeyframe.png using Guid(f9fd2f335364cda41937eab39bf20049) (TextureImporter) -> (artifact id: '43d6dd7845e8e61661a3565d8cffe7b8') in 0.0032592 seconds
Start importing Packages/com.unity.collab-proxy/Editor/Assets/Images/iconconflicted@2x.png using Guid(f95f697d66d238446b1ab717def09945) (TextureImporter) -> (artifact id: 'b45c270066f9c74d20687be435004d09') in 0.0031624 seconds
Start importing Packages/com.unity.collab-proxy/Editor/Assets/Images/d_iconcurrentbranch.png using Guid(0a02e43184c7e9c4c9c59b601100b705) (TextureImporter) -> (artifact id: '02014aaecc881017cfeba0fe053ddee2') in 0.0035826 seconds
Start importing Packages/com.unity.collab-proxy/Editor/Assets/Images/d_iconemptygravatar@2x.png using Guid(0ac55f9f886d827408c102bdf33c5ff7) (TextureImporter) -> (artifact id: 'c621d162a10f75a41d33bacbc3c6d6e2') in 0.0035212 seconds
Start importing Packages/com.unity.collab-proxy/Editor/Assets/Images/hideversioncontrol.png using Guid(0a08fa9ec51507e488400cee024073a7) (TextureImporter) -> (artifact id: '615ad7747a733efe9c07ed1a9f34fcb1') in 0.0024796 seconds
Start importing Packages/com.unity.inputsystem/InputSystem/Editor/Icons/d_Pen@4x.png using Guid(0aec7c7bf99354f66bc2a1d18bd0b4d2) (TextureImporter) -> (artifact id: 'a9f8ca197b3b6651152d81b562d748b9') in 0.0033494 seconds
Start importing Packages/com.unity.timeline/Editor/StyleSheets/Images/LightSkin/TimelineAutokey_active.png using Guid(0a5e3e063c4e1ab45999cf6e40c13c07) (TextureImporter) -> (artifact id: '7cc7e04766986c413a5f7f5fef27479a') in 0.0033912 seconds
Start importing Packages/com.unity.timeline/Editor/StyleSheets/Images/LightSkin/TimelineSignalSelected.png using Guid(1a7852b1b33b816498b6af1e739f5995) (TextureImporter) -> (artifact id: '5be7c3bf017e612325f3ac275f973bfb') in 0.00298 seconds
Start importing Packages/com.unity.2d.tilemap/Editor/Icons/Grid.FlipY.png using Guid(2a807ac042c28e546b9d90048ebbc33f) (TextureImporter) -> (artifact id: 'c3ef00a29520f2392a4a15fc0fe28f47') in 0.0025567 seconds
Start importing Packages/com.unity.inputsystem/InputSystem/Editor/Icons/Button.png using Guid(2a5d0a7febdc741039abf135883517e5) (TextureImporter) -> (artifact id: 'f3c4432c1dc170d45ec011fff3a8a7fa') in 0.0027709 seconds
Start importing Packages/com.unity.multiplayer.center/Editor/MultiplayerCenterWindow/UI/Icons/EmptyViewIcon@2x.png using Guid(2adffcc506285402aa795dee6f3166d0) (TextureImporter) -> (artifact id: 'dc101b95ace5ae14b0697216591e45bf') in 0.0119305 seconds
Start importing Packages/com.unity.collab-proxy/Editor/Assets/Images/d_iconcheckmark@2x.png using Guid(3ac1672d8b4664bf3a3a5844d0be8a85) (TextureImporter) -> (artifact id: '9cd77a842a5d8845c2035276ab24e9eb') in 0.0032516 seconds
Start importing Packages/com.unity.inputsystem/InputSystem/Editor/Icons/Gamepad@3x.png using Guid(4ae0b2f68c2464272b1b10105262b09b) (TextureImporter) -> (artifact id: '6d065209f69e1995e773d5f550320cec') in 0.0029237 seconds
Start importing Packages/com.unity.collab-proxy/Editor/Assets/Images/d_iconconflictresolvedoverlay@2x.png using Guid(4a231ba0e81e63849a8f985c228e8acd) (TextureImporter) -> (artifact id: '7674a0d4be778180833db43a1158465d') in 0.0029383 seconds
Start importing Packages/com.unity.collab-proxy/Editor/Assets/Images/d_iconpendingchanges.png using Guid(4aa4898734bfdbc4dbd410de4141e533) (TextureImporter) -> (artifact id: '589acbe8d5162c0b13185ecaa85afd57') in 0.0031474 seconds
Start importing Packages/com.unity.collab-proxy/Editor/Assets/Images/d_iconprivateoverlay.png using Guid(4a652ffb5816840768619c35903cb1fa) (TextureImporter) -> (artifact id: '79aae2cfa616819ac559df0e87616b96') in 0.0036715 seconds
Start importing Packages/com.unity.collab-proxy/Editor/Assets/Images/d_iconfirst.png using Guid(4aa6f152b3bc842a6b793662d8374cf1) (TextureImporter) -> (artifact id: 'd6c7d28949429fc3f39a937b7254fbb8') in 0.0031093 seconds
Start importing Packages/com.unity.inputsystem/InputSystem/Editor/Icons/d_Add Binding@4x.png using Guid(4a0ce0eda6ee74c669b13104649e1313) (TextureImporter) -> (artifact id: 'b4b37fd497062f62336e7453e1f46bfc') in 0.0036501 seconds
Start importing Packages/com.unity.collab-proxy/Editor/Assets/Images/d_iconrepository.png using Guid(4a4dfcc81b0e1214fbbd0003c8ab4070) (TextureImporter) -> (artifact id: '09aa855d8ea188c34ec21b04aee66b96') in 0.0038522 seconds
Start importing Packages/com.unity.collab-proxy/Editor/Assets/Images/iconzoomtofit@2x.png using Guid(4ade4c197fc154817b0958bbe4e5dbcc) (TextureImporter) -> (artifact id: 'e2397ce075dc26c73a1701fe512edd6e') in 0.0029233 seconds
Start importing Packages/com.unity.2d.sprite/Editor/ObjectMenuCreation/DefaultAssets/Textures/CircleWithBorder.png using Guid(4adeaf2d2b1c7417e89f026626d8264f) (TextureImporter) -> (artifact id: '0c333744e529ded4748f2e5f539459f6') in 0.0051955 seconds
Start importing Packages/com.unity.inputsystem/InputSystem/Editor/AssetEditor/PackageResources/personal/foldoutBackground.png using Guid(5ab69704aa4984b49bc426da72fabbed) (TextureImporter) -> (artifact id: '37b822d2a3bc7f90d0618c75502d446f') in 0.0025613 seconds
Start importing Packages/com.unity.2d.sprite/Editor/ObjectMenuCreation/DefaultAssets/Textures/v2/HexagonPointTop.png using Guid(5aa8b770bc43046bc8d993d0d5b7f4a5) (TextureImporter) -> (artifact id: '1f1e7f7aef5f0291f9c342bc0b47220a') in 0.0046688 seconds
Start importing Packages/com.unity.inputsystem/InputSystem/Editor/Icons/Keyboard.png using Guid(5a5b9538c3aaa4587856e68a93a92a51) (TextureImporter) -> (artifact id: '9c547e3a6b2dccfffba72d1c46bd0d49') in 0.0031244 seconds
Start importing Packages/com.unity.timeline/Editor/StyleSheets/Images/Icons/d_TrackMuteButtonDisabled.png using Guid(6ab002208ec290544b44bc263dc58a95) (TextureImporter) -> (artifact id: 'fc0247d894c2bd7214a2a6753c36871e') in 0.0025229 seconds
Start importing Packages/com.unity.inputsystem/InputSystem/Editor/Icons/MultiplayerEventSystem@64.png using Guid(6a237171e2346e3458db37eb0f90d42b) (TextureImporter) -> (artifact id: '46015f913421e570f18bc6930b55a227') in 0.002966 seconds
Start importing Packages/com.unity.ai.navigation/EditorResources/Overlay/d_NavigationOverlay.png using Guid(6a986a181c9bc6043b057a3d15edbaad) (TextureImporter) -> (artifact id: '1e23b8a83ca47bd682c83d157b2bfc72') in 0.0033139 seconds
Start importing Packages/com.unity.collab-proxy/Editor/Assets/Images/d_secondarytabclosehover.png using Guid(6a9d211bea1bc4a429d86cbb2d0b0a3e) (TextureImporter) -> (artifact id: '9209a16e501567d28db3c61455755226') in 0.0030468 seconds
Start importing Packages/com.unity.ugui/Editor Resources/Textures/btn_AlignCenter_Light.psd using Guid(6ace62d30f494c948b71d5594afce11d) (TextureImporter) -> (artifact id: 'c35e39cbf25726e08f9044a15925b16b') in 0.0035846 seconds
Start importing Packages/com.unity.2d.tilemap/Editor/Icons/Tilemap.BrushSettings.png using Guid(7a17912541de348408b722a40b972ea3) (TextureImporter) -> (artifact id: '6f0ad1214b697fac43247349bcda6535') in 0.0030387 seconds
Start importing Packages/com.unity.collab-proxy/Editor/Assets/Images/RGBAGreen.png using Guid(8ae8063bfa41044ddaa5c5c70943e142) (TextureImporter) -> (artifact id: '3469b06628a64f8da111bc0e754e46c3') in 0.0035901 seconds
Start importing Packages/com.unity.collab-proxy/Editor/Assets/Images/iconplasticnotifypendingchangesandincoming@2x.png using Guid(9a9269fb6330f4ae1964f9eb1c203537) (TextureImporter) -> (artifact id: '47fe35f87614fb7e70fdef426728deab') in 0.0036236 seconds
Start importing Packages/com.unity.collab-proxy/Editor/Assets/Images/d_secondarytabclosehover@2x.png using Guid(9aa4348290784b2468144a97eb15d8d7) (TextureImporter) -> (artifact id: '194f7b719c390a53b424a743bc3f86d0') in 0.0037524 seconds
Start importing Packages/com.unity.collab-proxy/Editor/Assets/Images/RGBAlpha@2x.png using Guid(9a15ddcc5fd3d46d3b97dd236d6d9720) (TextureImporter) -> (artifact id: '524ce9868693b3363f4712abd33888ad') in 0.0033246 seconds
Start importing Packages/com.unity.inputsystem/InputSystem/Editor/Icons/Touch@3x.png using Guid(9ad5d5b6a25b749e78b4950eae0a8ec2) (TextureImporter) -> (artifact id: 'f309fdd38d086a1b05f844a088f0843f') in 0.0033797 seconds
Start importing Packages/com.unity.collab-proxy/Editor/Assets/Images/iconaddedlocal.png using Guid(9a1ab8af8c446204e989a90f18305caf) (TextureImporter) -> (artifact id: '7aefef23e0895fc1d868f48d995397b0') in 0.0034997 seconds
Start importing Packages/com.unity.collab-proxy/Editor/Assets/Images/d_iconemptygravatar.png using Guid(9aebd705574f9e642aef1e5f59b3e4d8) (TextureImporter) -> (artifact id: 'b042662f995ef0e2046b823993fe8477') in 0.0038567 seconds
Start importing Packages/com.unity.inputsystem/InputSystem/Editor/Icons/Button@4x.png using Guid(aa356632480554016ab8f4200032981b) (TextureImporter) -> (artifact id: 'a881789cd3ce045518ec8f359c249196') in 0.0032947 seconds
Start importing Packages/com.unity.collab-proxy/Editor/Assets/Images/d_iconmovedoverlay.png using Guid(aa56ed15cc1254489866c414e4d3c7ba) (TextureImporter) -> (artifact id: '15a418acbad17bfd5f81605c1ad9e152') in 0.0041784 seconds
Start importing Packages/com.unity.inputsystem/InputSystem/Editor/AssetEditor/PackageResources/personal/propertiesBackground.png using Guid(aa4c2360f910d46f497f75b4b6677358) (TextureImporter) -> (artifact id: 'fccd85f8aa1bc70536f741a96ec48b04') in 0.0031793 seconds
Start importing Packages/com.unity.inputsystem/InputSystem/Editor/Icons/ChevronDown.png using Guid(ba304f5556a3a4fac98d126883083e7e) (TextureImporter) -> (artifact id: '95f8af691e6e73b511b61ee63c1cfd78') in 0.003227 seconds
Start importing Packages/com.unity.collab-proxy/Editor/Assets/Images/iconlock@2x.png using Guid(ba96945b6a1b743579931a87e98041fe) (TextureImporter) -> (artifact id: '5b46342492cdd91c8d3c20fc5741fe2b') in 0.0028398 seconds
Start importing Packages/com.unity.collab-proxy/Editor/Assets/Images/iconlockretained.png using Guid(bac66973cba57b842965eb95154fba7e) (TextureImporter) -> (artifact id: '8f0ab39a3132676bd3e16147a3323083') in 0.0037658 seconds
Start importing Packages/com.unity.2d.tilemap/Editor/Icons/Grid.FlipY@2x.png using Guid(baab1bab0820d0942bb79c6da94b1688) (TextureImporter) -> (artifact id: '449ffc168899cd48cb2753fd06bc05df') in 0.0035767 seconds
Start importing Packages/com.unity.2d.tilemap/Editor/Icons/d_Tilemap..BrushPicks@4x.png using Guid(ba6dc9e2bb114aa46a392528f10c13d0) (TextureImporter) -> (artifact id: 'd910bddd67edb6819359c122e1ffe0e3') in 0.0042284 seconds
Start importing Packages/com.unity.collab-proxy/Editor/Assets/Images/d_iconlockretained.png using Guid(ba2e8a5b6413ebc46b4f580903cb911d) (TextureImporter) -> (artifact id: '04e39db8351905197e4e36fc8b5d5b95') in 0.0043738 seconds
Start importing Packages/com.unity.ugui/Editor Resources/Textures/btn_AlignBottom.psd using Guid(ca51b19024094d1b87f3e07edb0a75fb) (TextureImporter) -> (artifact id: 'c8742da9b8fb51fac19c08fd6377c8f7') in 0.0041388 seconds
Start importing Packages/com.unity.collab-proxy/Editor/Assets/Images/iconmergeview@2x.png using Guid(ca92e845b7b4b41da8e081ca8c0ed3b8) (TextureImporter) -> (artifact id: '7794474a66623ec6ca6fe6dcdfcf9b5a') in 0.0035027 seconds
Start importing Packages/com.unity.collab-proxy/Editor/Assets/Images/iconinfobellnotification.png using Guid(ca9343b72095cb846be99d76d069dfc0) (TextureImporter) -> (artifact id: '097a7b92dfee1b06e0413ea5ef387d33') in 0.0030524 seconds
Start importing Packages/com.unity.inputsystem/InputSystem/Editor/Icons/d_Add Binding@3x.png using Guid(ca933a91c81734ddd88b17c8481ec1e9) (TextureImporter) -> (artifact id: 'e80e963edf936f72d22f378f4cb31bd6') in 0.0030539 seconds
Start importing Packages/com.unity.inputsystem/InputSystem/Editor/Icons/Interactive Binding@3x.png using Guid(cac8742b1b72b44699fd1663287ca47d) (TextureImporter) -> (artifact id: 'd2b7f4143c631d01e286be2bba3da0aa') in 0.0035376 seconds
Start importing Packages/com.unity.inputsystem/InputSystem/Editor/Icons/d_Orientation@2x.png using Guid(cae83450c8b18499c8c0239edf8bcc31) (TextureImporter) -> (artifact id: '23ee8804a126156c3aba5e7a1d50eb61') in 0.0030743 seconds
Start importing Packages/com.unity.collab-proxy/Editor/Assets/Images/iconemptygravatar@2x.png using Guid(da545229eea36164d8b8cba2f75a1143) (TextureImporter) -> (artifact id: 'e4579dd0908d3c3786a9c43a0e592546') in 0.0044306 seconds
Start importing Packages/com.unity.inputsystem/InputSystem/Editor/Icons/d_Mouse@2x.png using Guid(daa9ba527d8a34b218224b8287ce11d3) (TextureImporter) -> (artifact id: 'b4f1173da62230ce18bc5c8df8f9ec37') in 0.0029028 seconds
Start importing Packages/com.unity.multiplayer.center/Editor/MultiplayerCenterWindow/UI/Icons/d_Loading.png using Guid(dab91f148d99946e7b3c3a87ecf4b973) (TextureImporter) -> (artifact id: '23a46393bdbcdf579c94e18c2f828d5f') in 0.0036829 seconds
Start importing Packages/com.unity.collab-proxy/Editor/Assets/Images/iconcurrentbranch@2x.png using Guid(ead32eef98d0a664fb5b025c4bf013d4) (TextureImporter) -> (artifact id: 'd8d5b155f07bf2bffe80176cb83e5da6') in 0.003441 seconds
Start importing Packages/com.unity.timeline/Editor/StyleSheets/Images/DarkSkin/TimelineInfiniteTrackNoShadow.png using Guid(eae63adb172f1164db61a7f4bdfc3637) (TextureImporter) -> (artifact id: '72d3514a300c06a4384ba2746932adaf') in 0.0034005 seconds
Start importing Packages/com.unity.collab-proxy/Editor/Assets/Images/RGBABlue@2x.png using Guid(ea3ade5b156544d20ac650e8bc9d2fdc) (TextureImporter) -> (artifact id: '79c0ba8814aae0a822d7d65444562921') in 0.0032117 seconds
Start importing Packages/com.unity.inputsystem/InputSystem/Editor/Icons/Pen.png using Guid(ea8b7319643924985a9ee4ca18b8db59) (TextureImporter) -> (artifact id: '632e0e5f07b48788dd49bbbb7fd514e0') in 0.0034539 seconds
Start importing Packages/com.unity.ugui/Editor Resources/Textures/btn_AlignJustified_Light.psd using Guid(fa6bd40a216346b783a4cce741d277a5) (TextureImporter) -> (artifact id: 'b42f754f8c3bf5674b4c76d3a88dec5c') in 0.003751 seconds
Start importing Packages/com.unity.inputsystem/InputSystem/Editor/Icons/Pen@3x.png using Guid(1bf9cdd4bc492489c8c7c6190785fc48) (TextureImporter) -> (artifact id: 'e5b56bfb62abd0a8207e17ec2c66d054') in 0.0035434 seconds
Start importing Packages/com.unity.ai.navigation/EditorResources/Overlay/NavigationOverlay@128.png using Guid(1b6bf0e7b03fea94987a73d0cb14781b) (TextureImporter) -> (artifact id: 'c5581cf6b75d20265e653c3b38fba375') in 0.004335 seconds
Start importing Packages/com.unity.multiplayer.center/Editor/MultiplayerCenterWindow/UI/Icons/d_PackageManager.png using Guid(1b4c88814ec6241eb8e327515399c006) (TextureImporter) -> (artifact id: '89e68ffa04d1887978d404e3032e1d48') in 0.0037401 seconds
Start importing Packages/com.unity.collab-proxy/Editor/Assets/Images/d_iconlockedremoteoverlay@2x.png using Guid(2bb4e96f5d0b02c468932d665a015c54) (TextureImporter) -> (artifact id: '918966bdffc7893810ac701b9f213ee5') in 0.003823 seconds
Start importing Packages/com.unity.collab-proxy/Editor/Assets/Images/d_iconinviteusers@2x.png using Guid(2b9bf8ec5d54fe249ac9e20979ccd42c) (TextureImporter) -> (artifact id: '15c09dadcfd60fd42bea742bdf1c98e7') in 0.0037168 seconds
Start importing Packages/com.unity.inputsystem/InputSystem/Editor/Icons/d_Interactive Binding@2x.png using Guid(3b78dc1763429489c9a1c70faf4f9a0e) (TextureImporter) -> (artifact id: '8b9a31f92b6d1ff3bbb363dc9dcee704') in 0.0034629 seconds
Start importing Packages/com.unity.timeline/Editor/StyleSheets/Images/DarkSkin/TimelineTimeCursor.png using Guid(3b9e9b3d9ade166499e7a17109ca73bf) (TextureImporter) -> (artifact id: 'feb6c12b12e2fe428d9615171ab16b14') in 0.0036468 seconds
Start importing Packages/com.unity.timeline/Editor/StyleSheets/Images/Icons/TrackAvatarButtonEnabled.png using Guid(4bf6507f1346b2746a35384f6a5fd5f9) (TextureImporter) -> (artifact id: '4d7874998e9d1038045945515ad1280b') in 0.0028652 seconds
Start importing Packages/com.unity.2d.sprite/Editor/ObjectMenuCreation/DefaultAssets/Textures/HexagonPointTopWithBorder.png using Guid(4b2a04fdbe0ef4d8da8f90eaca817cd1) (TextureImporter) -> (artifact id: '428b4cb7e9898bbb9e6d2a4d39a49eff') in 0.0052434 seconds
Start importing Packages/com.unity.2d.tilemap/Editor/Icons/Tilemap.ShowTilePalette.png using Guid(4b6b0d10629b2ea40846b0eed5b74f43) (TextureImporter) -> (artifact id: 'e60fadaa4795d121882267d758f1c559') in 0.0029336 seconds
Start importing Packages/com.unity.collab-proxy/Editor/Assets/Images/d_iconmergeview@2x.png using Guid(5bc0112babc1a49bdbd1f6e5d9c13c7b) (TextureImporter) -> (artifact id: '448f7011919020290a8c5de87bd94abb') in 0.0033182 seconds
Start importing Packages/com.unity.ai.navigation/EditorResources/Overlay/d_NavigationOverlay On@128.png using Guid(5b2a8a1e265e99b4fb8d77061490f397) (TextureImporter) -> (artifact id: '750db007db73437ca3cdbadfc6b22926') in 0.0039077 seconds
Start importing Packages/com.unity.2d.tilemap/Editor/Icons/Tilemap.FocusTilemap@2x.png using Guid(6b80cdd1d5ce20c4189553f129f4d175) (TextureImporter) -> (artifact id: '484bfef829dad8c5d24cb9de014ad11d') in 0.003051 seconds
Start importing Packages/com.unity.xr.arfoundation/Editor/Icons/ArrowCaretLeft.png using Guid(6be7b41b0e976514cad47f3eb7b2b6a1) (TextureImporter) -> (artifact id: 'ca1fe6968d9cf170c3973297c83f2d6e') in 0.0027066 seconds
Start importing Packages/com.unity.timeline/Editor/StyleSheets/Images/Icons/d_TimelineEditModeReplaceON.png using Guid(7b4b3cedf598c954cb2f38d6e2e34c0d) (TextureImporter) -> (artifact id: 'cc0ee3c1f8ea4508bbd223607ee3bef1') in 0.0034736 seconds
Start importing Packages/com.unity.inputsystem/InputSystem/Editor/Icons/TrackedPoseDriver@4x.png using Guid(7b8bfaee8f8631c4789ac62373cbc2d4) (TextureImporter) -> (artifact id: 'c287efd19b35b55e4035ff40970ec1f2') in 0.0033683 seconds
Start importing Packages/com.unity.2d.tilemap/Editor/Icons/Tilemap.BrushPicks@2x.png using Guid(7befde712044bf34d8d765aba01a52c9) (TextureImporter) -> (artifact id: 'fe98d05fb546b1bff529bee5620bb80d') in 0.0033964 seconds
Start importing Packages/com.unity.inputsystem/InputSystem/Editor/Icons/Add Binding@3x.png using Guid(8be1fbf4b24de44c99840805bdae9e40) (TextureImporter) -> (artifact id: '6b5ab3e0975d8d5515f7428c0e09bbe9') in 0.0030451 seconds
Start importing Packages/com.unity.collab-proxy/Editor/Assets/Images/d_iconclouddriveview.png using Guid(8b32b34c806b4de4cb7f04b3344b6966) (TextureImporter) -> (artifact id: '024ef0524616cb241986ffef23cec570') in 0.00315 seconds
Start importing Packages/com.unity.ugui/Editor Resources/Textures/btn_AlignBaseLine.psd using Guid(8bc445bb79654bf496c92d0407840a92) (TextureImporter) -> (artifact id: '6286858fb9d4dbd7de2c7321c8ed6f41') in 0.0032684 seconds
Start importing Packages/com.unity.2d.sprite/Editor/Assets/SpriteEditor.png using Guid(9b243bd8491a24b2cbe5231468a93813) (TextureImporter) -> (artifact id: 'cf6a7297bcc8ffd084b1208d59264089') in 0.0027571 seconds
Start importing Packages/com.unity.collab-proxy/Editor/Assets/Images/d_iconbrex@2x.png using Guid(9b76c79563c3a274aa48b0dbdf009693) (TextureImporter) -> (artifact id: '6e8eb8246fb8c3b93801b387886b065b') in 0.0034333 seconds
Start importing Packages/com.unity.collab-proxy/Editor/Assets/Images/d_iconzoomtofit.png using Guid(9b17bb516dcde4f24a6183d3f09501e4) (TextureImporter) -> (artifact id: '27297d7eec80053e938aa14bf3162a24') in 0.0035547 seconds
Start importing Packages/com.unity.collab-proxy/Editor/Assets/Images/RGBAlpha.png using Guid(aba1d680189d74b2db37c50a7ee06b0d) (TextureImporter) -> (artifact id: '83da4d89775ccdd44637ea57491d2174') in 0.0033305 seconds
Start importing Packages/com.unity.collab-proxy/Editor/Assets/Images/iconbrex@2x.png using Guid(ab97695f01bc84c4b93e8440531417e7) (TextureImporter) -> (artifact id: 'e4adcb68404e3ff678668b235452ae1f') in 0.0036033 seconds
Start importing Packages/com.unity.inputsystem/InputSystem/Editor/Icons/d_Dpad@2x.png using Guid(ab9b5824ece1d443aa1f3a5672d9da86) (TextureImporter) -> (artifact id: '89f45095f060467cfc9bed6b8d078214') in 0.0029456 seconds
Start importing Packages/com.unity.2d.tilemap/Editor/Icons/Tilemap.ActiveTargetLayers.png using Guid(abbc28ff73b72b1438f893d41ca52fb0) (TextureImporter) -> (artifact id: 'a321cb3ec9a480a31ea719ba6f1fef5f') in 0.0031497 seconds
Start importing Packages/com.unity.timeline/Editor/StyleSheets/Images/DarkSkin/TimelineIconClipIn.png using Guid(ab1e2f0dfb0df5e40bb95359b3d8ed3a) (TextureImporter) -> (artifact id: '6cb7eb486ed5b0f0e57bc1d0c522cc54') in 0.0026405 seconds
Start importing Packages/com.unity.ugui/Editor Resources/Textures/btn_AlignMidline_Light.psd using Guid(bb42b2d967d6427983c901a4ffc8ecd9) (TextureImporter) -> (artifact id: 'e92e294cf303c8258426f35f95c735f4') in 0.0035946 seconds
Start importing Packages/com.unity.inputsystem/InputSystem/Editor/Icons/d_Pen.png using Guid(bb42fb9342e9d4e68b6cf39a2e071d9b) (TextureImporter) -> (artifact id: '08934538b163e19a4f3afe9107457b38') in 0.0030988 seconds
Start importing Packages/com.unity.collab-proxy/Editor/Assets/Images/d_iconcheckedoutlocaloverlay.png using Guid(bb1928aff4fd4cf44af1f629dc14ef9b) (TextureImporter) -> (artifact id: '0e3d692ae499cd41d7d1567471707661') in 0.0027504 seconds
Start importing Packages/com.unity.inputsystem/InputSystem/Editor/Icons/Add Binding@2x.png using Guid(bb5fa99d6e9434c9ebf101c956021ee1) (TextureImporter) -> (artifact id: '02c07623f463db36fd5da310d184904a') in 0.0040273 seconds
Start importing Packages/com.unity.xr.arfoundation/Assets/Textures/FeaturePoint.png using Guid(cb09035d41f4b43b7bd4f62030163d77) (TextureImporter) -> (artifact id: 'b2feec6ceb31b17ae24490f03baf7220') in 0.0028952 seconds
Start importing Packages/com.unity.timeline/Editor/StyleSheets/Images/Icons/TrackMuteButtonDisabled@2x.png using Guid(db31466324572e740a431e4e0e03a016) (TextureImporter) -> (artifact id: 'd09511ee3f90221b5761c7d598836ec9') in 0.0029282 seconds
Start importing Packages/com.unity.timeline/Editor/StyleSheets/Images/Icons/d_TrackRecordButtonDisabled@2x.png using Guid(db15c78579dee4a4db85f392634c8ecc) (TextureImporter) -> (artifact id: '86e741937f2e9d3bca8e14ffc54b9ebe') in 0.0031814 seconds
Start importing Packages/com.unity.2d.sprite/Editor/ObjectMenuCreation/DefaultAssets/Textures/SquareWithBorder.png using Guid(db750325989564987a34393247d883b4) (TextureImporter) -> (artifact id: 'b64183bc7c69cc212132d37ea7ae9ae2') in 0.0051027 seconds
Start importing Packages/com.unity.timeline/Editor/StyleSheets/Images/Shared/TimelineBottomShadow.png using Guid(db66ea47c76423f4a881937d34495801) (TextureImporter) -> (artifact id: 'fb5553885196ba134ea646e2ed75b91e') in 0.0029151 seconds
Start importing Packages/com.unity.inputsystem/InputSystem/Editor/Icons/d_Button@4x.png using Guid(db3dc7a02ac6d4e90bbe905a44ac265b) (TextureImporter) -> (artifact id: '2a02038d6f56f0b11a9bbd0889e9236b') in 0.0031278 seconds
Start importing Packages/com.unity.2d.tilemap/Editor/Icons/Tilemap.ShowGrid@2x.png using Guid(db1e8fc8f15be484bb9f866640b84c04) (TextureImporter) -> (artifact id: '02296b61317e150b9116f643431d5caf') in 0.0036236 seconds
Start importing Packages/com.unity.collab-proxy/Editor/Assets/Images/d_iconprivateoverlay@2x.png using Guid(eb56188e070e442c4b93b8856b5c1ab0) (TextureImporter) -> (artifact id: '00babe5455a9a77f55e05ca15ef29fe2') in 0.0030695 seconds
Start importing Packages/com.unity.2d.sprite/Editor/ObjectMenuCreation/DefaultAssets/Textures/Circle.png using Guid(ebe73ca9363db456bacf42c025bb4847) (TextureImporter) -> (artifact id: '6c3beaeaf3f0b95b166e1a5a589379cc') in 0.0082082 seconds
Start importing Packages/com.unity.inputsystem/InputSystem/Editor/Icons/d_Interactive Binding.png using Guid(eb28fd64eacfa495c97193108f1cdf03) (TextureImporter) -> (artifact id: '73af12f798506620a8dc560ca0f03bcd') in 0.0042549 seconds
Start importing Packages/com.unity.collab-proxy/Editor/Assets/Images/iconcheckedoutlocaloverlay.png using Guid(eb591dd22aae343468cc4dd017c550d0) (TextureImporter) -> (artifact id: 'e02f3409671522ebd63bf548ffa23ca6') in 0.0045395 seconds
Start importing Packages/com.unity.collab-proxy/Editor/Assets/Images/iconplasticnotifypendingchanges@2x.png using Guid(eb1c900f0d4a3ee42a9a49630bf88a12) (TextureImporter) -> (artifact id: '39eebce9396996675d94065c6ac1cc4f') in 0.0041354 seconds
Start importing Packages/com.unity.collab-proxy/Editor/Assets/Images/d_iconarrowdown@2x.png using Guid(eb5eaf673b49645f88e72f5122b40988) (TextureImporter) -> (artifact id: '47a621bf5100837ff25b8c56f862b58b') in 0.0039406 seconds
Start importing Packages/com.unity.collab-proxy/Editor/Assets/Images/d_iconzoomtofit@2x.png using Guid(fb519413feea947a6a64d10369922196) (TextureImporter) -> (artifact id: '255e4690ddd75585258a487ccd65fd48') in 0.0029392 seconds
Start importing Packages/com.unity.ugui/Editor Resources/Textures/SectionHeader_Dark.psd using Guid(fb5730e24283d0c489e5c7d0bee023d9) (TextureImporter) -> (artifact id: 'c79d857a9fe12208cf1757e75fb5b35c') in 0.0040921 seconds
Start importing Packages/com.unity.collab-proxy/Editor/Assets/Images/d_RGBAGreen@2x.png using Guid(fb6daef73b4fc4a12b9cbd4fb0fc4d0d) (TextureImporter) -> (artifact id: '51d8217384b711597caeaf3cd30b0dca') in 0.003331 seconds
Start importing Packages/com.unity.timeline/Editor/StyleSheets/Images/Icons/d_TrackCurvesButtonEnabled.png using Guid(fbcdeb07ee516a64daa01ce462874280) (TextureImporter) -> (artifact id: 'c87241dd00c4cf014f0c9467393f0e12') in 0.003015 seconds
Start importing Packages/com.unity.collab-proxy/Editor/Assets/Images/hideversioncontrol@2x.png using Guid(fbfdd7d489e0bd54f946ebc8e19db8bd) (TextureImporter) -> (artifact id: 'b5136945256629d22339b6c4ed009f02') in 0.0032556 seconds
Start importing Packages/com.unity.collab-proxy/Editor/Assets/Images/d_iconaddedlocal.png using Guid(0c6a2a64ca9f9c946a7dbbd1674cf5bd) (TextureImporter) -> (artifact id: '9a4e393367f043f47d78f17ea863f690') in 0.002972 seconds
Start importing Packages/com.unity.inputsystem/InputSystem/Editor/Icons/Orientation@4x.png using Guid(1c751eb104ad5407992e614361d5f81e) (TextureImporter) -> (artifact id: '419c4d449e83d83347c4366728af1cfb') in 0.0033249 seconds
Start importing Packages/com.unity.collab-proxy/Editor/Assets/Images/ArrowCaretLeft.png using Guid(1c16a099b53fd4712b2d4cdb8fecd9f8) (TextureImporter) -> (artifact id: '42082449eb73e7b61e70fbe186ff7856') in 0.002705 seconds
Start importing Packages/com.unity.inputsystem/InputSystem/Editor/Icons/Button@2x.png using Guid(1c37f00575bd6494ea726be5afee89b9) (TextureImporter) -> (artifact id: '71a9d8e709dde1247b6efcd67a74308a') in 0.0035336 seconds
Start importing Packages/com.unity.ai.navigation/EditorResources/Overlay/NavigationOverlay On@16.png using Guid(1c89fbe185cd30b4584ab3d5476807eb) (TextureImporter) -> (artifact id: '933235778c4e005655cdd041b016c754') in 0.0029666 seconds
Start importing Packages/com.unity.2d.tilemap/Editor/Icons/d_Tilemap.BrushSettings.png using Guid(1cea3c0d30c40344881603d28240cfd3) (TextureImporter) -> (artifact id: 'c16f335d9bb673e511bf4573ec6e9d7e') in 0.0029722 seconds
Start importing Packages/com.unity.timeline/Editor/StyleSheets/Images/Icons/d_TrackLockButtonEnabled@2x.png using Guid(2c85066ea99cfbe4f90294bf295ce543) (TextureImporter) -> (artifact id: 'c2c9420bae6d7748552d890d0c6a4b79') in 0.0025074 seconds
Start importing Packages/com.unity.multiplayer.center/Editor/MultiplayerCenterWindow/UI/Icons/N4E@2x.png using Guid(2cb589d4e01184d928bb698f06e77561) (TextureImporter) -> (artifact id: '840ade07572e4481f1c4adf71d880fcc') in 0.0041906 seconds
Start importing Packages/com.unity.collab-proxy/Editor/Assets/Images/d_icondeletedremoteoverlay@2x.png using Guid(2cfbf6619eb047545a425e8a31732c83) (TextureImporter) -> (artifact id: '3a8a93295d0b91a75cedfc9f80238b68') in 0.0035226 seconds
Start importing Packages/com.unity.collab-proxy/Editor/Assets/Images/d_iconnext@2x.png using Guid(3cf3224ba1fae41148f493488b5ac83e) (TextureImporter) -> (artifact id: '6bc715bba4442101b2ddf80878cc8950') in 0.003177 seconds
Start importing Packages/com.unity.xr.arfoundation/Editor/Icons/d_AddEdit.png using Guid(3c17fee51ce6c394e936fd30873e741e) (TextureImporter) -> (artifact id: '2055450ba176645fc89e8809f659a14c') in 0.0026524 seconds
Start importing Packages/com.unity.collab-proxy/Editor/Assets/Images/d_iconinfobellnotification@2x.png using Guid(3cf8ae89579fd29479f4269d09600e16) (TextureImporter) -> (artifact id: '5b14dca813774aa954bdcd8ee68a3911') in 0.003356 seconds
Start importing Packages/com.unity.collab-proxy/Editor/Assets/Images/iconedit.png using Guid(3cbf8d5b4d364724baa11fed1344d029) (TextureImporter) -> (artifact id: 'da5a2cb63758c5750b054c323816c111') in 0.0036831 seconds
Start importing Packages/com.unity.collab-proxy/Editor/Assets/Images/exclusionrule@2x.png using Guid(4c635bf514a064e8d9688218d937fe77) (TextureImporter) -> (artifact id: 'fa0ee63dd642d124814b678766ce4810') in 0.0033437 seconds
Start importing Packages/com.unity.collab-proxy/Editor/Assets/Images/iconlockedremoteoverlay.png using Guid(4cffcba66879d7a4a9da8554709e9825) (TextureImporter) -> (artifact id: '0fb707fa56590e745e1091ac595de4fb') in 0.0031371 seconds
Start importing Packages/com.unity.ai.navigation/EditorResources/Overlay/d_NavigationOverlay On.png using Guid(5c5ac68c1bc4e104f9e987b9d1da4556) (TextureImporter) -> (artifact id: 'd2cdadac03a5b5d346edb8b732b71e21') in 0.0034799 seconds
Start importing Packages/com.unity.inputsystem/InputSystem/Editor/Icons/Dpad@3x.png using Guid(6c1147159d9dc42948601b29dfc9a40c) (TextureImporter) -> (artifact id: 'ca47ea0dfa70abc2f4a7ab8bb8f8d879') in 0.0029471 seconds
Start importing Packages/com.unity.xr.arfoundation/Assets/Textures/IconBackgroundCircleFill@2x.png using Guid(6c411504a8c1e40c4aa19423033e6dd2) (TextureImporter) -> (artifact id: 'b6f8607ee85e686ef47c64e908271856') in 0.0040186 seconds
Start importing Packages/com.unity.2d.tilemap/Editor/Icons/d_Tilemap.FocusGrid@2x.png using Guid(6c05763976bcac64ebefb1f097e6ef84) (TextureImporter) -> (artifact id: '989c61036afcce7ef8355ffc6f8b68d3') in 0.0030681 seconds
Start importing Packages/com.unity.timeline/Editor/StyleSheets/Images/Shared/TimelineGroupBackground.png using Guid(6ca5daa3415451940921fa7e2c3db9e8) (TextureImporter) -> (artifact id: '826ea786d6c06f3c4db531aa7e35e45e') in 0.0035717 seconds
Start importing Packages/com.unity.2d.tilemap/Editor/Icons/Tilemap.DefaultBrush@4x.png using Guid(6ccf4234805f2d049a6869c33213ff65) (TextureImporter) -> (artifact id: 'fe73d14fa297736ef44ad513794d17a5') in 0.0043077 seconds
Start importing Packages/com.unity.timeline/Editor/StyleSheets/Images/Icons/TrackAvatarButtonDisabled@2x.png using Guid(7c05578092876a0458b8b480269aef86) (TextureImporter) -> (artifact id: '160428bfe368799180d0ff3996a4d4a8') in 0.0030678 seconds
Start importing Packages/com.unity.timeline/Editor/StyleSheets/Images/Icons/d_TimelineEditModeMixON.png using Guid(7c681ffb5a436684fa3e98a9b66775c0) (TextureImporter) -> (artifact id: 'be3fb5fa78b923eab46a250c61e73035') in 0.0031911 seconds
Start importing Packages/com.unity.collab-proxy/Editor/Assets/Images/iconfirst@2x.png using Guid(8c6487f945627471fb8a5adb32901fe8) (TextureImporter) -> (artifact id: '90ea1545d09f1ad4ed2e5eb6bfa7eb57') in 0.0037908 seconds
Start importing Packages/com.unity.2d.tilemap/Editor/Icons/d_Tilemap.EditPalette@2x.png using Guid(8cbab190b527bd44e8bf5afbc79095e8) (TextureImporter) -> (artifact id: 'f8f9be1186059465dbb3de933f6b6619') in 0.0035989 seconds
Start importing Packages/com.unity.timeline/Editor/StyleSheets/Images/Icons/d_TrackMuteButtonDisabled@2x.png using Guid(9c706019afb28944eb19b500ea0da38c) (TextureImporter) -> (artifact id: '23cc1d8ea98ebdefb61333508ba19234') in 0.0031845 seconds
Start importing Packages/com.unity.collab-proxy/Editor/Assets/Images/step1.png using Guid(9ce84ff0fdeb13d4a83f077d075dd9a5) (TextureImporter) -> (artifact id: 'df4eb1c7491ef76ef7ad4ce90fbe977a') in 0.0031766 seconds
Start importing Packages/com.unity.2d.tilemap/Editor/Icons/d_Tilemap.EditPalette@4x.png using Guid(9c4b584fdcc16e84391e2a1f5235a9d3) (TextureImporter) -> (artifact id: 'af5cfc5510fba6c7f6bb9be30f64b023') in 0.0034514 seconds
Start importing Packages/com.unity.2d.tilemap/Editor/Icons/EditorUI.TargetHover@4x.png using Guid(9cdb1d83bdac1554287041973d268c1d) (TextureImporter) -> (artifact id: 'fa848fb77f383afc13f81518a875e127') in 0.0041497 seconds
Start importing Packages/com.unity.timeline/Editor/StyleSheets/Images/Icons/d_TrackRecordButtonDisabled.png using Guid(9c6daec86666cbb4b9e558b839a103db) (TextureImporter) -> (artifact id: 'bc1e8934dd61b6ee0fe46857313896cc') in 0.0028531 seconds
Start importing Packages/com.unity.collab-proxy/Editor/Assets/Images/d_iconclosebutton.png using Guid(9cadde7a0d5f9024ab3f2cd5f6a740d6) (TextureImporter) -> (artifact id: '8acacec332186bf37ff1ffc5263c79e4') in 0.0039183 seconds
Start importing Packages/com.unity.timeline/Editor/StyleSheets/Images/Icons/d_TrackMuteButtonEnabled.png using Guid(ac5017dfbeee42347b3b45ecc572674e) (TextureImporter) -> (artifact id: 'fe15a74a76fa3be566f97ba09916754a') in 0.0035885 seconds
Start importing Packages/com.unity.inputsystem/InputSystem/Editor/Icons/Pen@4x.png using Guid(acf10446fff184bb98db6350c2c43148) (TextureImporter) -> (artifact id: '3c1946a152117a0a512ff490cb198adb') in 0.0045746 seconds
Start importing Packages/com.unity.inputsystem/InputSystem/Editor/Icons/d_Position@4x.png using Guid(ac4c5ccb2785f4460b2dcfe47010c688) (TextureImporter) -> (artifact id: '558cb78ec39f6ba0b16a23b3ed317c2a') in 0.0037201 seconds
Start importing Packages/com.unity.collab-proxy/Editor/Assets/Images/d_inclusionrule@2x.png using Guid(bcc1ec3ffeb1c46f7abd19daa3e05f49) (TextureImporter) -> (artifact id: '31321e3b646b2d4c50f7d9b230f878cd') in 0.0039662 seconds
Start importing Packages/com.unity.collab-proxy/Editor/Assets/Images/d_RGBARed.png using Guid(cc036907824004dbfa9a0420b439ac67) (TextureImporter) -> (artifact id: '9ec6837dbe1b77bd21aefe04a0d6ccf3') in 0.0034249 seconds
Start importing Packages/com.unity.2d.sprite/Editor/ObjectMenuCreation/DefaultAssets/Textures/9-SlicedWithBorder.png using Guid(cc35afd292fc349128b36a291fb3a165) (TextureImporter) -> (artifact id: 'acdb0e8a240a12dd6f10ad58be9e211a') in 0.0054782 seconds
Start importing Packages/com.unity.ai.navigation/Gizmos/NavMeshModifierVolume Icon.png using Guid(cc7b9475dbddf4f9088d327d6e10ab77) (TextureImporter) -> (artifact id: '0cfadd3f2a105058ac2da7d34297f3a9') in 0.0057309 seconds
Start importing Packages/com.unity.multiplayer.center/Editor/MultiplayerCenterWindow/UI/Icons/CustomNetcode.png using Guid(dce12af736e0a4a1ba35d6424f897dc9) (TextureImporter) -> (artifact id: '054683d6224ca283d3f0baff3b8eef7a') in 0.0037526 seconds
Start importing Packages/com.unity.collab-proxy/Editor/Assets/Images/iconplasticview.png using Guid(dcb2ee37925b97e438ae244996d81a55) (TextureImporter) -> (artifact id: '262bd85c0c5d8af21fbda3da85820815') in 0.0030515 seconds
Start importing Packages/com.unity.collab-proxy/Editor/Assets/Images/d_iconoutofsyncoverlay.png using Guid(dc633de6e6e7415448c7568418239a9d) (TextureImporter) -> (artifact id: 'be1e7e2a748b9bf0e2524a12bc3f326c') in 0.0035649 seconds
Start importing Packages/com.unity.services.core/Editor/Core/UiHelpers/Images/ExternalLinkIcon.png using Guid(dcfa8e537229b4e8db4c6bc39a906c89) (TextureImporter) -> (artifact id: '1bbdd2943624a32c71f2e0ddc878c0d3') in 0.0038822 seconds
Start importing Packages/com.unity.inputsystem/InputSystem/Editor/Icons/InputControl.png using Guid(ec85de66fa5b64dd984fdcc82f8f92b3) (TextureImporter) -> (artifact id: '2ef900bcdcbcaa313a49cf4eb0b6dbff') in 0.0031114 seconds
Start importing Packages/com.unity.collab-proxy/Editor/Assets/Images/d_hideversioncontrol.png using Guid(ec597fbbebec64e4f8725c31ce52fdb7) (TextureImporter) -> (artifact id: '5e135678b820d266616394e7d9d4b4b1') in 0.0036406 seconds
Start importing Packages/com.unity.xr.arfoundation/Editor/Icons/d_NoViewEnvironment.png using Guid(ecaa53a930f98bb44872ac2989fabc18) (TextureImporter) -> (artifact id: 'b10744164fe24cdc3ea24377bc76d041') in 0.0045562 seconds
Start importing Packages/com.unity.ugui/Editor Resources/Gizmos/TMP - Sprite Asset Icon.psd using Guid(ec7c645d93308c04d8840982af12101e) (TextureImporter) -> (artifact id: 'e8d706f12d40c849bd6f56aff2f5909f') in 0.0041026 seconds
Start importing Packages/com.unity.ai.navigation/EditorResources/Overlay/NavigationOverlay@64.png using Guid(fc46fceb4d1516544b7f503337211f65) (TextureImporter) -> (artifact id: '8e3d4367c0921ee6dba99d8db0b3fb0b') in 0.0037332 seconds
Start importing Packages/com.unity.inputsystem/InputSystem/Editor/Icons/d_Joystick@3x.png using Guid(fcaa0d99df7c74f52afaa17a375dd393) (TextureImporter) -> (artifact id: 'f2bf4afff7bc809a56c5593e92ff243e') in 0.0038248 seconds
Start importing Packages/com.unity.collab-proxy/Editor/Assets/Images/iconignoredoverlay@2x.png using Guid(fcbeb36f6ab89fb498ccbbc3bc2ef51c) (TextureImporter) -> (artifact id: '05236e661d12ae3ddf7ec3ec61762a09') in 0.0043312 seconds
Start importing Packages/com.unity.2d.sprite/Editor/ObjectMenuCreation/DefaultAssets/Textures/IsometricDiamondWithBorder.png using Guid(0d267bc78a0864eb48358689b29ed20a) (TextureImporter) -> (artifact id: '53c71776f31d8436ad6d59b033a6f9e1') in 0.0051698 seconds
Start importing Packages/com.unity.inputsystem/InputSystem/Editor/Icons/d_ChevronDown@4x.png using Guid(0de917098a5b848b1a371e570928ce10) (TextureImporter) -> (artifact id: 'd14ab582e17920882b4553121595a8ea') in 0.0035662 seconds
Start importing Packages/com.unity.ugui/Editor Resources/Textures/btn_AlignCapLine.psd using Guid(0d9a36012a224080966c7b55896aa0f9) (TextureImporter) -> (artifact id: '7034e63afc5c06d866ea7b0c33522190') in 0.0042688 seconds
Start importing Packages/com.unity.collab-proxy/Editor/Assets/Images/iconundo@2x.png using Guid(0dfbb2b6ddcdd254da80e3418498b3a6) (TextureImporter) -> (artifact id: 'ad6bef6434412b779737099c1d2887fa') in 0.0034055 seconds
Start importing Packages/com.unity.collab-proxy/Editor/Assets/Images/d_iconpackageupdateavailable.png using Guid(1dc16508006061742a802767b556accc) (TextureImporter) -> (artifact id: '0e2dd990ee484992a255cbbab74b2136') in 0.0030482 seconds
Start importing Packages/com.unity.collab-proxy/Editor/Assets/Images/d_RGBAlpha.png using Guid(1d3607c28f2ac434d8e003c4934b2a3b) (TextureImporter) -> (artifact id: '12aa238a1e1504f65b4c172959f8e6ee') in 0.0033736 seconds
Start importing Packages/com.unity.ai.navigation/EditorResources/Overlay/d_NavigationOverlay@64.png using Guid(1dacc9e843ef1444fad71e40913ef05c) (TextureImporter) -> (artifact id: 'f2dd304f5d97b39222a0a0e3eedbeeb5') in 0.0029254 seconds
Start importing Packages/com.unity.2d.tilemap/Editor/Icons/d_Tilemap.FocusTilemap@2x.png using Guid(1d8efe8a75b351d4d9aa8b28ddf93196) (TextureImporter) -> (artifact id: '2922a58bee9f49b66ceb0d3096083734') in 0.0032393 seconds
Start importing Packages/com.unity.multiplayer.center/Editor/MultiplayerCenterWindow/UI/Icons/NoNetcode.png using Guid(1daed49eec0f94f7ebb36dfef6159884) (TextureImporter) -> (artifact id: '441d62e5ff6a99a82d44bbe9ec5d5ff7') in 0.0029764 seconds
Start importing Packages/com.unity.2d.tilemap/Editor/Icons/d_Tilemap.ShowGrid@4x.png using Guid(2d35623559ffd044682af7e09affdcc8) (TextureImporter) -> (artifact id: '7580418576c8f4703bfaeabd8d0b652e') in 0.0036055 seconds
Start importing Packages/com.unity.2d.tilemap/Editor/Icons/d_Tilemap.ShowTilePalette@4x.png using Guid(2d8829bed74ac1940856f77a49d02bfb) (TextureImporter) -> (artifact id: '3d993ee8d58c4dd17a77d98244821279') in 0.0035704 seconds
Start importing Packages/com.unity.timeline/Editor/StyleSheets/Images/DarkSkin/TimelineMarkerItemSelected.png using Guid(3dd65256ca8837544b3e738c0d3ee0e2) (TextureImporter) -> (artifact id: 'd8952821cfeb4b9220db8c777a8992fb') in 0.0034857 seconds
Start importing Packages/com.unity.collab-proxy/Editor/Assets/Images/d_icondeletedremoteoverlay.png using Guid(3de8a0634e55df8499c88204001cb0dd) (TextureImporter) -> (artifact id: '2aee634080168891d21cbde1199dd64b') in 0.0030247 seconds
Start importing Packages/com.unity.inputsystem/InputSystem/Editor/Icons/d_Add Binding@2x.png using Guid(3d7dc8d6b9a96490b9aa433645712fdf) (TextureImporter) -> (artifact id: 'e0e643fd8824cf42069aa1eb06e658d4') in 0.0039926 seconds
Start importing Packages/com.unity.collab-proxy/Editor/Assets/Images/d_iconarrowdown.png using Guid(4d122458f85ea4e1d9e853cfb7539f46) (TextureImporter) -> (artifact id: 'a5ef66fcf5349640d2a6bc91528bc9f0') in 0.0031308 seconds
Start importing Packages/com.unity.collab-proxy/Editor/Assets/Images/d_icondeletedlocaloverlay.png using Guid(4da274d970a82a943ae3979e7833f3dd) (TextureImporter) -> (artifact id: 'cd4fdefefa9316f68d931994a0ca2c3f') in 0.0028492 seconds
Start importing Packages/com.unity.collab-proxy/Editor/Assets/Images/d_iconchangesets.png using Guid(4da398eacd0c045bebf576a9f11339b0) (TextureImporter) -> (artifact id: 'ba09164714da1ed4161090e59a84b881') in 0.0028523 seconds
Start importing Packages/com.unity.collab-proxy/Editor/Assets/Images/d_iconoutofsyncoverlay@2x.png using Guid(4d7e6e570e9d65a4c9a994783a0652e2) (TextureImporter) -> (artifact id: 'c5a28b5a8f9ae7faf78d912ea84053d9') in 0.002527 seconds
Start importing Packages/com.unity.inputsystem/InputSystem/Editor/Icons/Gamepad@2x.png using Guid(4defb5292901c41f29313d9c9c87a7eb) (TextureImporter) -> (artifact id: '5c6e187d1800a202ee4c496050473dcd') in 0.0032357 seconds
Start importing Packages/com.unity.2d.tilemap/Editor/Icons/Tilemap.TilePalette@2x.png using Guid(5d83937eb3ca95047b4e0e43aac5e962) (TextureImporter) -> (artifact id: '9d79f450dae293a6bf25155835a1bc6c') in 0.003315 seconds
Start importing Packages/com.unity.services.analytics/Editor/Tools/StateUninitialised.png using Guid(5d833ab30f10256408a64a1e31a24dd0) (TextureImporter) -> (artifact id: 'b653a4a56d36b1c972c8f908bbdf8d00') in 0.002884 seconds
Start importing Packages/com.unity.inputsystem/InputSystem/Editor/Icons/d_ChevronDown@3x.png using Guid(5d96795fd770f47d69d997b053532730) (TextureImporter) -> (artifact id: 'd3ce02faa483e00e709deb021a32ef54') in 0.0032566 seconds
Start importing Packages/com.unity.collab-proxy/Editor/Assets/Images/d_hideversioncontrol@2x.png using Guid(5de67bf0a3c601f4bab93b4fd3314ab1) (TextureImporter) -> (artifact id: '5b66ccbd0ff6b9f898e48c9e298b2c78') in 0.0034358 seconds
Start importing Packages/com.unity.inputsystem/InputSystem/Editor/Icons/d_Stick@2x.png using Guid(5d0b11389336d4b16b96f147c9f912e2) (TextureImporter) -> (artifact id: '50cf82f96ab8fc0919893dc2ae12ff79') in 0.0033395 seconds
Start importing Packages/com.unity.2d.tilemap/Editor/Icons/d_Tilemap.FocusNone.png using Guid(5dfb96fd1c7a1bf4f9f606597de935cf) (TextureImporter) -> (artifact id: 'c081c20e6eafce903b62148ece2ba0a8') in 0.0027741 seconds
Start importing Packages/com.unity.collab-proxy/Editor/Assets/Images/loading@2x.png using Guid(5dbc069eb79bd4d43840847264d6d956) (TextureImporter) -> (artifact id: '2c6893c02ccbc4425cb6ce7d1d479853') in 0.0033756 seconds
Start importing Packages/com.unity.timeline/Editor/StyleSheets/Images/Shared/TimelineSeqEnd.png using Guid(5dfe66e61e0d270468ae75349ff3a3eb) (TextureImporter) -> (artifact id: '75d414db5c70d52044ca5da09dd63afc') in 0.0028037 seconds
Start importing Packages/com.unity.collab-proxy/Editor/Assets/Images/d_iconundo@2x.png using Guid(6d6088174bb906b49ad8428526ee337b) (TextureImporter) -> (artifact id: '7d0ddde00549967e3a5c2e370df920b3') in 0.0032633 seconds
Start importing Packages/com.unity.inputsystem/InputSystem/Editor/Icons/d_Touch@4x.png using Guid(6db042035460c4167a6ab8d1ac3c2681) (TextureImporter) -> (artifact id: '3d21c24c468e22b0c9a201828369aab1') in 0.0037332 seconds
Start importing Packages/com.unity.timeline/Editor/StyleSheets/Images/Icons/TimelineEditModeReplaceON.png using Guid(6d41c3e8796a4fd4e80840354039e4ac) (TextureImporter) -> (artifact id: '184b3a36944ed2f1271ed96afbd6e3a2') in 0.0030969 seconds
Start importing Packages/com.unity.collab-proxy/Editor/Assets/Images/iconzoomtofit.png using Guid(6d3851656b2e5439e8fe29130782469b) (TextureImporter) -> (artifact id: 'f9e6842501bd2f406af9c4d8e6ef2ffe') in 0.0028679 seconds
Start importing Packages/com.unity.collab-proxy/Editor/Assets/Images/iconlock.png using Guid(6d3f95684dd634b18aa9ab45b3e06cfd) (TextureImporter) -> (artifact id: 'cd8f570e01731bc4942103c61c72d6bf') in 0.003486 seconds
Start importing Packages/com.unity.collab-proxy/Editor/Assets/Images/RGBABlue.png using Guid(7d8062883d88145b687d6d7c63eeabd2) (TextureImporter) -> (artifact id: '50f72678e9840777b762ae0852dcc9bd') in 0.0034329 seconds
Start importing Packages/com.unity.timeline/Editor/StyleSheets/Images/LightSkin/TimelineMarkerItemCollapsed.png using Guid(7d4691eba7565c34ab785c00fbc27ff8) (TextureImporter) -> (artifact id: '67465e5e23444d94b3defe0a6d13c571') in 0.0032998 seconds
Start importing Packages/com.unity.inputsystem/InputSystem/Editor/Icons/d_Joystick.png using Guid(7d4638131127c4f4382fb36cf16c52fe) (TextureImporter) -> (artifact id: 'd2fcb384490d8783d6f0c58facbb2e17') in 0.0031496 seconds
Start importing Packages/com.unity.ai.navigation/EditorResources/Overlay/d_NavigationOverlay@2x.png using Guid(7d5867654fa2bf448b06f384143ceca7) (TextureImporter) -> (artifact id: '5dc1d30377ad3e33dc6ff20e67c791e9') in 0.0034579 seconds
Start importing Packages/com.unity.collab-proxy/Editor/Assets/Images/iconclipboard.png using Guid(8d91317e8f7610f41a30fcb9c0d99196) (TextureImporter) -> (artifact id: 'b4b5eb9bf619969db4c604de067eedcf') in 0.0032458 seconds
Start importing Packages/com.unity.collab-proxy/Editor/Assets/Images/d_iconcheckedoutlocaloverlay@2x.png using Guid(8d98ab6168c3e91439339f1908b8fe97) (TextureImporter) -> (artifact id: '6fe8704b884fc9dd1953e16063c204d3') in 0.0028502 seconds
Start importing Packages/com.unity.ai.navigation/EditorResources/Overlay/d_NavigationOverlay@16.png using Guid(8d8d1929f2279804e8a744d3da25e23b) (TextureImporter) -> (artifact id: '6542e9fa82a27dd53e5c3ffa0a2a9708') in 0.0032656 seconds
Start importing Packages/com.unity.ai.navigation/EditorResources/Overlay/NavigationOverlay@2x.png using Guid(9d244ceb235342e4c8f308aa1f71be7e) (TextureImporter) -> (artifact id: '9290420437619b7f042a2cd16fb6ae85') in 0.0042555 seconds
Start importing Packages/com.unity.multiplayer.center/Editor/MultiplayerCenterWindow/UI/Icons/Package.png using Guid(9d9689eab72c8480c90679f4dcf18820) (TextureImporter) -> (artifact id: 'da7ff7979e00d63281c4ca2fcf623e62') in 0.0034631 seconds
Start importing Packages/com.unity.2d.tilemap/Editor/Icons/d_Tilemap.ShowGrid.png using Guid(ad72aefbbd03ec744b3cf61cf766d320) (TextureImporter) -> (artifact id: '2173f7c3c432470fb82bb9f506ea5dd3') in 0.00311 seconds
Start importing Packages/com.unity.multiplayer.center/Editor/MultiplayerCenterWindow/UI/Icons/CloudCode.png using Guid(ad1d29f4654194951a3c8bf507914d05) (TextureImporter) -> (artifact id: '934b44d0dd5785424d28a86d24c96f49') in 0.0033381 seconds
Start importing Packages/com.unity.timeline/Editor/StyleSheets/Images/Icons/d_TimelineSignal.png using Guid(ad2e3e92b00839c4e991ca602ef19822) (TextureImporter) -> (artifact id: '2f38d36be51cd4358e8b7467fe7d5d8b') in 0.0035395 seconds
Start importing Packages/com.unity.timeline/Editor/StyleSheets/Images/Icons/TimelineEditModeRippleOFF.png using Guid(bd7b7cac6eb0c3f469781d9a729a1c94) (TextureImporter) -> (artifact id: 'a9dc6c12d2dc312146998b095a351737') in 0.0029389 seconds
Start importing Packages/com.unity.2d.tilemap/Editor/Icons/d_Tilemap.BrushPicks.png using Guid(bdab342e8f290224dbdbc33dd03605c4) (TextureImporter) -> (artifact id: '26d15a60fb3649978846e75432a482b0') in 0.0031878 seconds
Start importing Packages/com.unity.2d.sprite/Editor/ObjectMenuCreation/DefaultAssets/Textures/Capsule.png using Guid(bd3cb4af8406d4436a2ae8c2aafe1f8d) (TextureImporter) -> (artifact id: 'e386807acebedfc90a86f08acaade74e') in 0.0067672 seconds
Start importing Packages/com.unity.collab-proxy/Editor/Assets/Images/icondeletedlocaloverlay.png using Guid(cd221d2235472c94491e607ae42942dd) (TextureImporter) -> (artifact id: '57026ae1dd9e85eb049bd0407b00c90d') in 0.0039481 seconds
Start importing Packages/com.unity.collab-proxy/Editor/Assets/Images/d_step2@2x.png using Guid(cdb88fdb0cf46b244a667edaff21c7df) (TextureImporter) -> (artifact id: '5720f2ac71fdf1269e3d17a4c560eb99') in 0.0038208 seconds
Start importing Packages/com.unity.collab-proxy/Editor/Assets/Images/step2.png using Guid(cd0b17b71a5c498428ee91dee8a78a88) (TextureImporter) -> (artifact id: '7e595a4ac5cfd34da89a4756dd80da2d') in 0.0033378 seconds
Start importing Packages/com.unity.2d.tilemap/Editor/Icons/EditorUI.Filter.png using Guid(cdccb0d77f2e841e1bc2c5f367d4df33) (TextureImporter) -> (artifact id: '81b73866ff96429c9358f162363b4546') in 0.0042454 seconds
Start importing Packages/com.unity.xr.arfoundation/Editor/Icons/ArrowCaretRight.png using Guid(cd1deff5bdbeb89408b7b67befb680f2) (TextureImporter) -> (artifact id: '53a3b7e57fbe81a06e913b34cf2d71ba') in 0.0035754 seconds
Start importing Packages/com.unity.multiplayer.center/Editor/MultiplayerCenterWindow/UI/Icons/Questionnaire.png using Guid(dd70cd654275d47db807e918055e004f) (TextureImporter) -> (artifact id: 'aa5828f15d9f239780d1fe56e615161d') in 0.0037646 seconds
Start importing Packages/com.unity.2d.tilemap/Editor/Icons/d_EditorUI.TargetHover@4x.png using Guid(dd81f55787e496249bb4111007562ef5) (TextureImporter) -> (artifact id: 'ba19e384d04b705d17a16a7821bf8c14') in 0.003575 seconds
Start importing Packages/com.unity.2d.tilemap/Editor/Icons/d_Tilemap.FocusTilemap@4x.png using Guid(dd62c99bd1ab0984da092d3ea327b733) (TextureImporter) -> (artifact id: 'f308b9a2bec128300dce1d0353547dae') in 0.0034327 seconds
Start importing Packages/com.unity.collab-proxy/Editor/Assets/Images/buttonssosigninemail@2x.png using Guid(ddf2e76e8a1f88f46ae1e42277850b48) (TextureImporter) -> (artifact id: '89ad156a60f57561ca4dfd3d5aa2e96f') in 0.0032578 seconds
Start importing Packages/com.unity.collab-proxy/Editor/Assets/Images/buttonhome.png using Guid(dda6504e0e7d670488e2fee625f7da02) (TextureImporter) -> (artifact id: 'a3678e71d7a0711fe022fe704b4f0fc1') in 0.0035231 seconds
Start importing Packages/com.unity.timeline/Editor/StyleSheets/Images/DarkSkin/TimelineHold.png using Guid(ddbd45249a133a846b2f20e39b537565) (TextureImporter) -> (artifact id: 'ed84b8873be208f527a9633795bccd6b') in 0.0028615 seconds
Start importing Packages/com.unity.ugui/Editor Resources/Textures/btn_AlignTop_Light.psd using Guid(ed041e68439749a69d0efa0e3d896c2e) (TextureImporter) -> (artifact id: '37a399cc854736d8258ea59d36a6b327') in 0.0034749 seconds
Start importing Packages/com.unity.collab-proxy/Editor/Assets/Images/iconrepository.png using Guid(ed64f3a17f2ede646be21ed6edc9161a) (TextureImporter) -> (artifact id: 'b0d905cddaaf5e4a8cc720f8e50d035c') in 0.0029464 seconds
Start importing Packages/com.unity.timeline/Editor/StyleSheets/Images/LightSkin/TimelineTimeCursor.png using Guid(ed665472b4fee2043a5c1cc802beaa8e) (TextureImporter) -> (artifact id: 'b70cb07c43c590a618a95c49833c12c1') in 0.0031235 seconds
Start importing Packages/com.unity.timeline/Editor/StyleSheets/Images/Icons/d_TrackAvatarButtonEnabled@2x.png using Guid(fd12dbe3b63ae464f824b4a74c0e1766) (TextureImporter) -> (artifact id: 'dbb859c3d1734d5a59a32154dc4776b9') in 0.0039445 seconds
Start importing Packages/com.unity.2d.tilemap/Editor/Icons/EditorUI.TargetHover.png using Guid(fdc8bace2b7ef504d91d22cca2a5d905) (TextureImporter) -> (artifact id: '804a32add598ad7475b3033a47c5632a') in 0.002939 seconds
Start importing Packages/com.unity.timeline/Editor/StyleSheets/Images/Icons/d_TrackAvatarButtonDisabled@2x.png using Guid(fd194f75fe3d7ca4488fa775ae832fd8) (TextureImporter) -> (artifact id: 'af79d04219428d0522278d6adfa9ca93') in 0.0041636 seconds
Start importing Packages/com.unity.collab-proxy/Editor/Assets/Images/d_iconoutofsync.png using Guid(0e80bd0b4a8196f46acf73711b9505ec) (TextureImporter) -> (artifact id: '9567b95da492746937d22f527766b97b') in 0.0036847 seconds
Start importing Packages/com.unity.timeline/Editor/StyleSheets/Images/Icons/d_TrackRecordButtonEnabled.png using Guid(0e5ba0f04df278944a8f5a62f64f5aa6) (TextureImporter) -> (artifact id: '37b658f90a79fdc26fab7c9616094d9f') in 0.0032762 seconds
Start importing Packages/com.unity.collab-proxy/Editor/Assets/Images/iconedit@2x.png using Guid(0e3e607c04fbd4d4090157ea31abb634) (TextureImporter) -> (artifact id: 'b685e791fd023ad168bb97dfc90f33de') in 0.0035758 seconds
Start importing Packages/com.unity.inputsystem/InputSystem/Editor/Icons/d_ChevronUp@3x.png using Guid(0efecba65ae4341a385cd5d39a2af765) (TextureImporter) -> (artifact id: '6fa447525001b744dfb8c49830f38007') in 0.0042754 seconds
Start importing Packages/com.unity.collab-proxy/Editor/Assets/Images/iconzoomout@2x.png using Guid(1e71b422b557b1247aaf914bb6e9c0c5) (TextureImporter) -> (artifact id: '910910ef6417001f9ce7a954e7dd8dd6') in 0.004261 seconds
Start importing Packages/com.unity.collab-proxy/Editor/Assets/Images/RGBAAll.png using Guid(1e961af35726543d789225d3bf55d9cf) (TextureImporter) -> (artifact id: 'de14ff514336ceadb029e90705a77768') in 0.0038116 seconds
Start importing Packages/com.unity.collab-proxy/Editor/Assets/Images/iconplasticnotifyincoming.png using Guid(1e6c9635b80f973488d8335a081c905f) (TextureImporter) -> (artifact id: '7f6c3a25d745f1b1f157fe3fba9226d0') in 0.0039408 seconds
Start importing Packages/com.unity.2d.tilemap/Editor/Icons/EditorUI.TargetHover@2x.png using Guid(2e12ff2cc7983784eab0dfe0bb7ff17e) (TextureImporter) -> (artifact id: 'a82bf93e2fc65f4c8e8d830f52ae6ecd') in 0.0047497 seconds
Start importing Packages/com.unity.inputsystem/InputSystem/Editor/Icons/Axis@3x.png using Guid(2e27a82b5cc4e4ef98cbef2d0b324aed) (TextureImporter) -> (artifact id: 'cb749909417ad126edaf6f45c095d0ad') in 0.0036254 seconds
Start importing Packages/com.unity.ugui/Editor Resources/Gizmos/TMP - Input Field Icon.psd using Guid(3ee40aa79cd242a5b53b0b0ca4f13f0f) (TextureImporter) -> (artifact id: '0098f8d0c3f35f915b04581b5db52230') in 0.0041889 seconds
Start importing Packages/com.unity.xr.arfoundation/Assets/Textures/DetachedToolBar_Vertical@3x.png using Guid(3e972ade69f574d51bbbe1052ee3c14d) (TextureImporter) -> (artifact id: 'cc99df5cbf529d772cea3674c74002b3') in 0.0052528 seconds
Start importing Packages/com.unity.collab-proxy/Editor/Assets/Images/RGBAGreen@2x.png using Guid(3e7f27aae014d415e9f711b0cb0e5d47) (TextureImporter) -> (artifact id: 'cb577f266883d48d95e4f8f01a371351') in 0.0039829 seconds
Start importing Packages/com.unity.2d.tilemap/Editor/Icons/d_Tilemap.GridPaint@4x.png using Guid(4e62fa74d1eac074cac268c2997a658c) (TextureImporter) -> (artifact id: 'af4a01236323569ae250cecf3c822641') in 0.0040073 seconds
Start importing Packages/com.unity.2d.tilemap/Editor/Icons/d_Tilemap.BrushPicks@2x.png using Guid(4e2a3d7e5b5b01843a978d90f553b672) (TextureImporter) -> (artifact id: 'fda0dd6db80c2ca3625c295eb0e14f19') in 0.0035369 seconds
Start importing Packages/com.unity.analytics/Editor/AnalyticsEventTracker icon.png using Guid(5e7c9ab97e5884e4eaa5967e9024f39d) (TextureImporter) -> (artifact id: '1754f9df80b20245e43b573b7bbf474a') in 0.003197 seconds
Start importing Packages/com.unity.inputsystem/InputSystem/Editor/Icons/Touch@4x.png using Guid(6e9283a12f5b74afbba696cbb82f5e7f) (TextureImporter) -> (artifact id: 'ede6a62181dafeda2893b5eaa8dc913e') in 0.0038542 seconds
Start importing Packages/com.unity.collab-proxy/Editor/Assets/Images/iconplasticnotifyconflict@2x.png using Guid(6e0a54826ffc3ee46b0aa3e1c1575a69) (TextureImporter) -> (artifact id: '4d6bd071cde661971785a97c7826f13a') in 0.0029503 seconds
Start importing Packages/com.unity.collab-proxy/Editor/Assets/Images/d_loading@2x.png using Guid(7ee48c5fba4919649a8a6094cbead669) (TextureImporter) -> (artifact id: '4e186a007ade20a0e9a05991ef9bb834') in 0.0029894 seconds
Start importing Packages/com.unity.inputsystem/InputSystem/Editor/Icons/Axis.png using Guid(7e853779c8fed4ebf917a0de21c79602) (TextureImporter) -> (artifact id: '2d57e3c694726e344ca5c12906ad0c83') in 0.002342 seconds
Start importing Packages/com.unity.services.analytics/Editor/Tools/d_Loading.png using Guid(8e00baf972f2ed740997b01fb3fa3202) (TextureImporter) -> (artifact id: 'd6cc7546dddc3c8561528bddf3bed595') in 0.0032045 seconds
Start importing Packages/com.unity.timeline/Editor/StyleSheets/Images/DarkSkin/TimelineKeyframe.png using Guid(8eba099eb091faf419fecdcd5cdabfd7) (TextureImporter) -> (artifact id: '97b7b59e0bea2c0619450896a7e36e83') in 0.00421 seconds
Start importing Packages/com.unity.collab-proxy/Editor/Assets/Images/exclusionrule.png using Guid(8ebb93c64d7a141569a153a9d4fe9ae2) (TextureImporter) -> (artifact id: '8560b86e63e1791c9b21cdbb973a5c7a') in 0.0029503 seconds
Start importing Packages/com.unity.collab-proxy/Editor/Assets/Images/ArrowCaretLeft@2x.png using Guid(9e60047ccc6b8422193b170d51796ed2) (TextureImporter) -> (artifact id: '3021680414ee3c98446e97dc9f495c0d') in 0.0038142 seconds
Start importing Packages/com.unity.inputsystem/InputSystem/Editor/Icons/Mouse.png using Guid(9eb2b64988cb1443cab6da5dc5300d1c) (TextureImporter) -> (artifact id: 'e4e0c47c63c745290bb0d7215b88fb97') in 0.0033572 seconds
Start importing Packages/com.unity.timeline/Editor/StyleSheets/Images/Icons/TrackCurvesButtonEnabled@2x.png using Guid(9e541b6dcfb77d34481f69b3d62d0343) (TextureImporter) -> (artifact id: '1697f13705194d12c21c4a0c18118f1e') in 0.003105 seconds
Start importing Packages/com.unity.inputsystem/InputSystem/Editor/Icons/d_Keyboard@3x.png using Guid(9ec4e316700da46b88741a8153b33963) (TextureImporter) -> (artifact id: '9eb48728e1706f2dab307c23d9454812') in 0.002897 seconds
Start importing Packages/com.unity.xr.arfoundation/Editor/Icons/d_ArrowCaretLeft.png using Guid(9e3566c34ba469748a8aede863b6d3a9) (TextureImporter) -> (artifact id: '8b06e7c5ed3f3aacc4e279b8f096d2dc') in 0.0031243 seconds
Start importing Packages/com.unity.inputsystem/InputSystem/Editor/Icons/d_Gamepad@3x.png using Guid(9e882b58df0964f5b90ff99cb481ee79) (TextureImporter) -> (artifact id: '18c69c48d1066e11bd461e1c12a691bd') in 0.0039151 seconds
Start importing Packages/com.unity.inputsystem/InputSystem/Editor/Icons/Interactive Binding@4x.png using Guid(9e6c9e992a2ee4327bce1d6a8189cedb) (TextureImporter) -> (artifact id: '37114aa5b84010205da8606f7dde0791') in 0.003409 seconds
Start importing Packages/com.unity.collab-proxy/Editor/Assets/Images/d_iconlockedlocaloverlay@2x.png using Guid(ae53a7884da90e94eb5dfeab594b746c) (TextureImporter) -> (artifact id: '75caf158de8dc8819bacc9925170907d') in 0.0039685 seconds
Start importing Packages/com.unity.collab-proxy/Editor/Assets/Images/iconplasticnotifyincoming@2x.png using Guid(ae869fe6797f4454cbbf417d87ff637c) (TextureImporter) -> (artifact id: '6ca0735d1633877f9832cd6e3a0cd3c5') in 0.0032659 seconds
Start importing Packages/com.unity.collab-proxy/Editor/Assets/Images/d_stepok.png using Guid(be423a54b981d38428de82ad12534629) (TextureImporter) -> (artifact id: 'ae60612af69c34fd8ff2ffe99043b5c4') in 0.0035114 seconds
Start importing Packages/com.unity.collab-proxy/Editor/Assets/Images/stepok@2x.png using Guid(be340a165cb9c8d4cb50f1deeb51d4ea) (TextureImporter) -> (artifact id: 'c52b1dfc701f048cebf12866058d4e86') in 0.0030976 seconds
Start importing Packages/com.unity.inputsystem/InputSystem/Editor/Icons/d_Gamepad@2x.png using Guid(bed935caee9524e6780614c2055bfd35) (TextureImporter) -> (artifact id: 'b1086428539009116311cbd7341cf767') in 0.0027305 seconds
Start importing Packages/com.unity.collab-proxy/Editor/Assets/Images/ArrowCaretRight@2x.png using Guid(be2e0deab40f1478a99038fcbc19219d) (TextureImporter) -> (artifact id: '448158d7c26f067b0016136bbbf2aa4c') in 0.0031841 seconds
Start importing Packages/com.unity.2d.tilemap/Editor/Icons/Tilemap.ActiveTargetLayers@4x.png using Guid(ce315ea6e6e86a740b10e02dda0d0e9c) (TextureImporter) -> (artifact id: '30e0aeda5607bc0a20a6c13a743407c7') in 0.0035355 seconds
Start importing Packages/com.unity.collab-proxy/Editor/Assets/Images/d_iconlabel@2x.png using Guid(ce435fe40bff4da41aadc577ebfb27d7) (TextureImporter) -> (artifact id: '5603eb811c1443d0be0286cc944e7105') in 0.0029475 seconds
Start importing Packages/com.unity.collab-proxy/Editor/Assets/Images/icondiff.png using Guid(ced976fb9a7ad40a59f3e4f458c96080) (TextureImporter) -> (artifact id: 'd8e95d854977fac98dd70b0882675547') in 0.0029665 seconds
Start importing Packages/com.unity.inputsystem/InputSystem/Editor/Icons/d_Touch@2x.png using Guid(ceaa885da02f84da195f87de12535da6) (TextureImporter) -> (artifact id: '861e05e15485a727d6f8140e2bd4450b') in 0.0034005 seconds
Start importing Packages/com.unity.inputsystem/InputSystem/Editor/AssetEditor/PackageResources/personal/actionTreeBackground.png using Guid(ce5f11cd993284c4f9c54f854bdc8c9c) (TextureImporter) -> (artifact id: '3f23faa253a4e8a7dcb51e8a3890b9b7') in 0.0034402 seconds
Start importing Packages/com.unity.inputsystem/InputSystem/Editor/Icons/d_Orientation@4x.png using Guid(de98baf415a2c4d7dbe0de74cb6e171c) (TextureImporter) -> (artifact id: 'a61ba63107b94e5eb1aa2908534b1ce7') in 0.0029211 seconds
Start importing Packages/com.unity.ugui/Editor Resources/Gizmos/TMP - Font Asset Icon.psd using Guid(ee148e281f3c41c5b4ff5f8a5afe5a6c) (TextureImporter) -> (artifact id: 'bdca9ead575829b1789023f4a5875303') in 0.0040686 seconds
Start importing Packages/com.unity.2d.sprite/Editor/ObjectMenuCreation/DefaultAssets/Textures/HexagonPointTop.png using Guid(eed45a33cd08446c8b88325cf82fc52f) (TextureImporter) -> (artifact id: 'afb0e1d61dd3b076e6850b95019dd24d') in 0.0059934 seconds
Start importing Packages/com.unity.collab-proxy/Editor/Assets/Images/buttonssosigninunity@2x.png using Guid(ee8ce5cd9c0883f4182b5cfd43cfd7fe) (TextureImporter) -> (artifact id: '2c40b1255e7f8dd5e290443cb3deaaca') in 0.0047685 seconds
Start importing Packages/com.unity.collab-proxy/Editor/Assets/Images/iconclosebutton@2x.png using Guid(fea4bd4d5cc294ea59798fa81207b6d9) (TextureImporter) -> (artifact id: '2b36218ffa52de825899fd2a91a77373') in 0.003531 seconds
Start importing Packages/com.unity.timeline/Editor/StyleSheets/Images/Icons/TrackLockButtonDisabled.png using Guid(fef7487d8b06bba408f70354e2463ce4) (TextureImporter) -> (artifact id: '728b86cacddaafd8ec1ad91b05b4ee69') in 0.0039112 seconds
Start importing Packages/com.unity.collab-proxy/Editor/Assets/Images/iconclipboard@2x.png using Guid(0ff35d4ec6d381941bdbe1fb4b6dbceb) (TextureImporter) -> (artifact id: '09d3f6b0da69e10e74a34ecbe4bd8dfd') in 0.003186 seconds
Start importing Packages/com.unity.timeline/Editor/StyleSheets/Images/Icons/d_TrackRecordButtonEnabled@2x.png using Guid(0f1c9a12872a30f45bab34f536332bb3) (TextureImporter) -> (artifact id: '81ed0e8b35dbacc4c28dabec6afc0644') in 0.0030602 seconds
Start importing Packages/com.unity.2d.sprite/Editor/Assets/SpriteEditorOn@2x.png using Guid(1fb0e05a5ca5a42ba8ffafe439520b8e) (TextureImporter) -> (artifact id: '842f6746152efcac84f1b5994ad64045') in 0.0025943 seconds
Start importing Packages/com.unity.2d.tilemap/Editor/Icons/d_Grid.FlipX@2x.png using Guid(1f26945e970839e41ba35badd04237ef) (TextureImporter) -> (artifact id: 'f141a036c665a998004c2d9ac5604278') in 0.0030477 seconds
Start importing Packages/com.unity.xr.arfoundation/Editor/Icons/NoViewEnvironment@2x.png using Guid(1f1be572611233c409f7cedd7d33d2d6) (TextureImporter) -> (artifact id: '9bcee48862b11e5019a112e8a2ed3e1d') in 0.0032084 seconds
Start importing Packages/com.unity.timeline/Editor/StyleSheets/Images/Icons/d_TrackCurvesButtonDisabled@2x.png using Guid(1f3ea4caa6e0ec74388e4d7d16690e68) (TextureImporter) -> (artifact id: '30980c3bf1e8e89b63259d3b98167486') in 0.0028113 seconds
Start importing Packages/com.unity.xr.arfoundation/Editor/Icons/ArrowCaretLeft@2x.png using Guid(2fa06335acce0ae40887b91750da42ab) (TextureImporter) -> (artifact id: '029becc7bec12d22a7d2e034e5b12ade') in 0.0025655 seconds
Start importing Packages/com.unity.collab-proxy/Editor/Assets/Images/iconheckmark.png using Guid(2f46ec0fe83ef4781ae320b04343d69b) (TextureImporter) -> (artifact id: '7b092b2b35b24d9239995462297c3fc9') in 0.0026971 seconds
Start importing Packages/com.unity.ugui/Editor Resources/Gizmos/TMP - Text Component Icon.psd using Guid(2fd6421f253b4ef1a19526541f9ffc0c) (TextureImporter) -> (artifact id: 'a1be4d7f619a7891467d1ca8e4a5ad5b') in 0.0047961 seconds
Start importing Packages/com.unity.xr.arfoundation/Assets/Textures/IconBackgroundCircleFill@4x.png using Guid(2f1ae8c1b83d94419b59c0b63890aceb) (TextureImporter) -> (artifact id: 'a7fe16ad19250c959aeeca1a96a544fd') in 0.0065398 seconds
Start importing Packages/com.unity.collab-proxy/Editor/Assets/Images/d_iconclipboard.png using Guid(3f65802f2a170a145bd30ab3801b8d80) (TextureImporter) -> (artifact id: '3721b7766a0c1df7b3ff4f3cd1ca6804') in 0.0029625 seconds
Start importing Packages/com.unity.multiplayer.center/Editor/MultiplayerCenterWindow/UI/Icons/DedicatedServer.png using Guid(3fe892784421e47f5aa40c2784a6cb3e) (TextureImporter) -> (artifact id: '8ec56c034e61bc6ec8e8498a2e66bb49') in 0.0029933 seconds
Start importing Packages/com.unity.xr.arfoundation/Editor/Icons/XREnvironment.png using Guid(4fe0501fb16949c4cac977008dbed6e6) (TextureImporter) -> (artifact id: '12d68cfd7b844aa8da87848ccae701cc') in 0.0030258 seconds
Start importing Packages/com.unity.multiplayer.center/Editor/MultiplayerCenterWindow/UI/Icons/Check.png using Guid(4f78a544322c742b89e63fb68557b1d2) (TextureImporter) -> (artifact id: '8143a4e01fec986041c01924fff00bf5') in 0.0030909 seconds
Start importing Packages/com.unity.timeline/Editor/StyleSheets/Images/Icons/d_TimelineHeaderMarkerIcon.png using Guid(4f8d98ef7dbbe3d469e14c04722cbeed) (TextureImporter) -> (artifact id: '3e0b5977810be4fdb98e59c6aad308cd') in 0.0026909 seconds
Start importing Packages/com.unity.inputsystem/InputSystem/Editor/Icons/Orientation@3x.png using Guid(5f09d534eb1414449a2758696bd4dd11) (TextureImporter) -> (artifact id: '26daf0a6270c5cffcc7be1e93f95e281') in 0.0028255 seconds
Start importing Packages/com.unity.collab-proxy/Editor/Assets/Images/iconarrowdown.png using Guid(6f11428fb25804d439c7d1c42803828a) (TextureImporter) -> (artifact id: 'ae1102c0d262d61b2d7f69532dcdb107') in 0.002781 seconds
Start importing Packages/com.unity.timeline/Editor/StyleSheets/Images/Icons/TrackLockButtonDisabled@2x.png using Guid(6fb5cabb85ba3794682b16eba19440cb) (TextureImporter) -> (artifact id: 'c14979098c344f094d1e5c3aec512f2a') in 0.00303 seconds
Start importing Packages/com.unity.collab-proxy/Editor/Assets/Images/RGBARed@2x.png using Guid(6f7999af133e84dbe85d476522b65612) (TextureImporter) -> (artifact id: '11a756d7c973b834d6d3233c3fcc2891') in 0.0033165 seconds
Start importing Packages/com.unity.collab-proxy/Editor/Assets/Images/refresh.png using Guid(6f6a4c6bd7cdc654d9d91f7de72afcb6) (TextureImporter) -> (artifact id: '9cc1aee7c8c35ae4350ee131d890c5bb') in 0.0026738 seconds
Start importing Packages/com.unity.timeline/Editor/StyleSheets/Images/Icons/d_TrackLockButtonDisabled@2x.png using Guid(6f0b77e050cdb12478ed9514b3a0e40e) (TextureImporter) -> (artifact id: 'e1ca7a40554c14f1b61743cedf427b96') in 0.0030539 seconds
Start importing Packages/com.unity.ai.navigation/EditorResources/Overlay/d_NavigationOverlay@32.png using Guid(6f3c566cd9f63c9408d201ea50b51444) (TextureImporter) -> (artifact id: '60f7498c8650ab9e1a29fdd6a883cee8') in 0.0034136 seconds
Start importing Packages/com.unity.inputsystem/InputSystem/Editor/Icons/Keyboard@4x.png using Guid(7fc0926499f7a4500b152d45397c44a4) (TextureImporter) -> (artifact id: '5a19e0c1c70193b09fb1b2e11842336a') in 0.0038753 seconds
Start importing Packages/com.unity.inputsystem/InputSystem/Editor/Icons/Orientation.png using Guid(7fb7b46a8c63948d2b28dc394281bf5a) (TextureImporter) -> (artifact id: '7d18ff38d265f0502a11790e70843654') in 0.0029051 seconds
Start importing Packages/com.unity.collab-proxy/Editor/Assets/Images/d_RGBAGreen.png using Guid(7f8cc7cc9d461433f943c59487385f04) (TextureImporter) -> (artifact id: '33decedbff396128353fb1a918c21a8f') in 0.0032396 seconds
Start importing Packages/com.unity.inputsystem/InputSystem/Editor/Icons/d_ChevronUp.png using Guid(7fad89501bb5c408e956934bf2eb8ae3) (TextureImporter) -> (artifact id: 'a27335b9b8cfaba0be5ec5b6eb6fef21') in 0.0031271 seconds
Start importing Packages/com.unity.timeline/Editor/StyleSheets/Images/Icons/TimelineEditModeMixOFF.png using Guid(8fca5ed160cdc5440a4c7561db4082b2) (TextureImporter) -> (artifact id: '8dfbc9e3fe012732c9f018f9483b000c') in 0.0025884 seconds
Start importing Packages/com.unity.timeline/Editor/StyleSheets/Images/Icons/TrackRecordButtonEnabled@2x.png using Guid(8fdae4ac756ed6047b01021ff0cc3ebb) (TextureImporter) -> (artifact id: '54809e15290146680310053bda4bad64') in 0.0037412 seconds
Start importing Packages/com.unity.collab-proxy/Editor/Assets/Images/secondarytabclosehover.png using Guid(8fac55fff4ce5fa40a7b2efefc0e617a) (TextureImporter) -> (artifact id: 'b7cb8d35fb1cb47f8a897190025504a9') in 0.0030265 seconds
Start importing Packages/com.unity.timeline/Editor/StyleSheets/Images/DarkSkin/TimelineAutokey@2x.png using Guid(af24c542434a025448222d576f61a956) (TextureImporter) -> (artifact id: '730da87b5cb6bc10995089b65bfa4caf') in 0.0033476 seconds
Start importing Packages/com.unity.timeline/Editor/StyleSheets/Images/LightSkin/TimelineAutokey.png using Guid(af3aec622aef40c45813b39e405966a3) (TextureImporter) -> (artifact id: 'd1f3731ab2a23b54933385239674b8e1') in 0.0030498 seconds
Start importing Packages/com.unity.collab-proxy/Editor/Assets/Images/ArrowCaretRight.png using Guid(af5dbec545ddf41e7b15fef8a3cfb75b) (TextureImporter) -> (artifact id: '30de9b4d540819c4ffa443ed1bd5cd34') in 0.0035136 seconds
Start importing Packages/com.unity.collab-proxy/Editor/Assets/Images/step1@2x.png using Guid(affeade9874cf2347abb155e8d0db4d8) (TextureImporter) -> (artifact id: 'dd2d955cc881e8947d6c680ee418cfe2') in 0.0030782 seconds
Start importing Packages/com.unity.services.analytics/Editor/Tools/d_Error.png using Guid(bf312944d5bc58e4ab1f2887cc38c63c) (TextureImporter) -> (artifact id: '8f1dd55f03abce525cb2bfcfe65c2ad4') in 0.0030599 seconds
Start importing Packages/com.unity.collab-proxy/Editor/Assets/Images/iconzoomin.png using Guid(bf9a3e542f66af64a80a6631aa93e516) (TextureImporter) -> (artifact id: '3782f75b7f255a9e27bc6fe718e35b2e') in 0.0028949 seconds
Start importing Packages/com.unity.timeline/Editor/StyleSheets/Images/Icons/TimelineHeaderMarkerIcon.png using Guid(bf1debab21103154b99778ba6e074175) (TextureImporter) -> (artifact id: '8afdf41bc5b84ebcec3c751695ebeb4d') in 0.0026188 seconds
Start importing Packages/com.unity.inputsystem/InputSystem/Editor/AssetEditor/PackageResources/personal/actionTreeBackgroundWithoutBorder.png using Guid(cf632ed80bf1f46c980de6b1b8b903ef) (TextureImporter) -> (artifact id: '8e50016369562ba0aea760e795567b0c') in 0.0030724 seconds
Start importing Packages/com.unity.2d.tilemap/Editor/Icons/EditorUI.Target.png using Guid(cf94b5ae9bca88f4a97ce96847235ba3) (TextureImporter) -> (artifact id: '9fdd6cec0e1fceb8ac17bcebdac63a11') in 0.0029332 seconds
Start importing Packages/com.unity.timeline/Editor/StyleSheets/Images/Icons/TrackLockButtonEnabled.png using Guid(cf575301f1e76c4478de0e77db15eba0) (TextureImporter) -> (artifact id: '85ef0441ee79c29c8f85fce08ad37b1c') in 0.0029424 seconds
Start importing Packages/com.unity.timeline/Editor/StyleSheets/Images/LightSkin/TimelineAutokey@2x.png using Guid(cf3fbf98d5c3f1941bd9c0256918a4c8) (TextureImporter) -> (artifact id: 'deea4120249ca9c2fb5945bd506c26b2') in 0.0028494 seconds
Start importing Packages/com.unity.collab-proxy/Editor/Assets/Images/d_RGBARed@2x.png using Guid(df8c4eeadc2f24a3c8d1c1bad53d1cae) (TextureImporter) -> (artifact id: '3b7a719755ef0015be67937ef1ff631d') in 0.0033824 seconds
Start importing Packages/com.unity.collab-proxy/Editor/Assets/Images/iconadd@2x.png using Guid(efa87fc6a7693ac48844726c5391e3ab) (TextureImporter) -> (artifact id: '32868f99095a43b7a3634f724ae737fe') in 0.0036127 seconds
Start importing Packages/com.unity.2d.tilemap/Editor/Icons/d_EditorUI.Target@2x.png using Guid(efae8c209fe26f541b3d560f2034287d) (TextureImporter) -> (artifact id: 'ac3d75dc67ad00ec38ca21feca6f82d3') in 0.0033523 seconds
Start importing Packages/com.unity.2d.tilemap/Editor/Icons/Tilemap.BrushSettings@4x.png using Guid(ff827e3a021bd1b4493ddbcd90ed460f) (TextureImporter) -> (artifact id: '219e322eb5e4d958a92332a37f50b1b3') in 0.0038083 seconds
Start importing Packages/com.unity.inputsystem/InputSystem/Editor/Icons/TrackedPoseDriver@2x.png using Guid(ff8479815905ce84e9ef610d926f28c8) (TextureImporter) -> (artifact id: '74cf2717b0741dcc57d8913f9c856d69') in 0.0032092 seconds
Start importing Packages/com.unity.2d.tilemap/Editor/Icons/d_Tilemap.FocusGrid@4x.png using Guid(ffc58b5d1d8a6ed489be30f7a1291b1e) (TextureImporter) -> (artifact id: '156f8cf1a071988a7a98c3ff019e816c') in 0.0039513 seconds
Start importing Packages/com.unity.inputsystem/InputSystem/Editor/AssetEditor/PackageResources/green.png using Guid(ffeba93637e654de6a5906b48520dc94) (TextureImporter) -> (artifact id: 'a81fb84c0e3b4ed54214cb9399ce2e07') in 0.0027161 seconds
Start importing Packages/com.unity.xr.arfoundation/Assets/Shaders/XRayURPForwardPass.hlsl using Guid(322f3593f9a36234c8fb983b964fed7b) (ShaderIncludeImporter) -> (artifact id: '35ae8d937c87af0930ed9fd9fef0cf19') in 0.0029525 seconds
Start importing Packages/com.unity.xr.arfoundation/Assets/Shaders/XRayCommon.cginc using Guid(93a806ed22f35fa4c90638d01f6db2f0) (ShaderIncludeImporter) -> (artifact id: '19a67009901f6c94d347b990fe96cd28') in 0.0023919 seconds
Start importing Packages/com.unity.ugui/Editor Resources/Shaders/TMP_SDF_SSD.cginc using Guid(abe6991365a27d341a10580f3b7c0f44) (ShaderIncludeImporter) -> (artifact id: '6210c9b75bcff879a66d3acd3c6dd96f') in 0.0028423 seconds
Start importing Packages/com.unity.ugui/Editor Resources/Shaders/TMP_Properties.cginc using Guid(3c6c403084eacec478a1129ce20061ea) (ShaderIncludeImporter) -> (artifact id: '0b6510a7584c4ccb00079dbc08b3b282') in 0.0026961 seconds
Start importing Packages/com.unity.xr.arfoundation/Assets/Shaders/SimulationRoomXRay.shader using Guid(910d3836c6f5c2a4492fb89eda5b4b86) (ShaderImporter)Launched and connected shader compiler UnityShaderCompiler.exe after 0.04 seconds
 -> (artifact id: 'bea6d4ada22d2ba809785cddb79cb7d5') in 0.1076451 seconds
Start importing Packages/com.unity.xr.arfoundation/Assets/Shaders/DepthCopy.shader using Guid(53f4fa13cedbdb9499fe40ffe30c61cd) (ShaderImporter) -> (artifact id: 'e6ea4f13c83b34967dfacd30d7f7b87f') in 0.0123864 seconds
Start importing Packages/com.unity.xr.arfoundation/Assets/Shaders/SimulationLegacyRoomXRay.shader using Guid(c65f22c214e3b9c44af106cbf91e5afd) (ShaderImporter) -> (artifact id: 'b1df409d2c4c0a2b082907cc42e836d9') in 0.4479459 seconds
Start importing Packages/com.unity.xr.arfoundation/Assets/Shaders/GizmoSolidColor.shader using Guid(f6e87ced02c0d485ea5fc91ced3e6417) (ShaderImporter) -> (artifact id: 'aa14b664ab290dc858b6ddd464f74fd4') in 0.0049755 seconds
Start importing Packages/com.unity.xr.arcore/Assets/Shaders/ARCoreBackgroundAfterOpaques.shader using Guid(0945859e5a1034c2cb6dce53cb4fb899) (ShaderImporter) -> (artifact id: 'e9e65e48e846aa5c8481539324391a88') in 0.0052024 seconds
Start importing Packages/com.unity.xr.arfoundation/Assets/Shaders/SimulationURPRoomXRay.shader using Guid(89c5a83f7058c3f42921c3797959f492) (ShaderImporter) -> (artifact id: 'f42714274741542107987c6728bf568d') in 0.0078552 seconds
Start importing Packages/com.unity.xr.arcore/Assets/Shaders/ARCoreBackground.shader using Guid(c9f956787b1d945e7b36e0516201fc76) (ShaderImporter) -> (artifact id: 'b3b285121131c679c08a48e7ad445a1a') in 0.0044773 seconds
Start importing Packages/com.unity.xr.arfoundation/Assets/Shaders/SimulationURPSynthetic.shader using Guid(9af0e9ee2d4229b4081dbd7c95ede8b8) (ShaderImporter) -> (artifact id: '6ef172bd7d15f7e0ce5ece7e19c7d9a4') in 0.0064199 seconds
Start importing Packages/com.unity.xr.arfoundation/Assets/Shaders/SimulationBackgroundSimple.shader using Guid(9a9ae58e9f12be0409d3c55c0815e5c8) (ShaderImporter) -> (artifact id: 'a97d9858afe28507df208e9d18f6967b') in 0.0047053 seconds
Start importing Packages/com.unity.xr.arfoundation/Assets/Shaders/SimulationSyntheticLit.shader using Guid(5bb79ccef52fc424b9a0fdc6412fca8c) (ShaderImporter) -> (artifact id: 'b52876c7959c5f24f529acad0903df55') in 0.005768 seconds
Start importing Packages/com.unity.xr.arfoundation/Assets/Shaders/SimulationLegacyStandard.shader using Guid(db1d7c873232c274098b06d7b849ead1) (ShaderImporter) -> (artifact id: 'cf57d413a55df255c191b1a44ac024a5') in 0.0167409 seconds
Start importing Packages/com.unity.xr.arfoundation/Assets/Shaders/SimulationStandardLit.shader using Guid(6c4bf46f32019704e8b2efc0d062d054) (ShaderImporter) -> (artifact id: 'c12ecc2048768cfd8731eda20ba9196e') in 0.0036066 seconds
Start importing Packages/com.unity.ugui/Editor Resources/Shaders/TMP_SDF Internal Editor.shader using Guid(9c442dc870b456e48b615cd8add0e9ef) (ShaderImporter) -> (artifact id: 'a0819273a01372705e411c81f01936df') in 0.0058068 seconds
Start importing Packages/com.unity.xr.arfoundation/Assets/Shaders/SimulationLegacySynthetic.shader using Guid(5d9848fd2d870574eb8038ff36c7eea2) (ShaderImporter) -> (artifact id: 'f3537a78ae54aef553c1d1b2e43d8989') in 0.0129476 seconds
Start importing Packages/com.unity.xr.arfoundation/Assets/Shaders/SimulationURPLit.shader using Guid(8dfc564b813aa8f4685ed5f2ed5df06a) (ShaderImporter) -> (artifact id: '67241bfae83eee79af03f94aa4f63eb1') in 0.0059433 seconds
Start importing Packages/com.unity.xr.arfoundation/Assets/Materials/DebugBoundingBox.mat using Guid(2166f2a4aa6de4f559e94d7173fca686) (NativeFormatImporter) -> (artifact id: '9a54f37b9b04d700e9c0505d740e5c2a') in 0.007774 seconds
Start importing Packages/com.unity.xr.arfoundation/Assets/Materials/DebugPlane.mat using Guid(f1a110d32af21aa4d872c707dfcc6043) (NativeFormatImporter) -> (artifact id: 'cd5b60f8276622c5ed0884478bf75806') in 0.0025735 seconds
Start importing Packages/com.unity.xr.arfoundation/Assets/Materials/XAxis.mat using Guid(a23d1b0dc553640f682d502af95e7789) (NativeFormatImporter) -> (artifact id: '493410274b0a02759fb64bce2f2a515d') in 0.0031743 seconds
Start importing Packages/com.unity.xr.arfoundation/Assets/Materials/YAxis.mat using Guid(743dbe898e46f4e27b435f79a524f27b) (NativeFormatImporter) -> (artifact id: 'dfbd2ac15aa2c5005869d7d402819bc3') in 0.0024045 seconds
Start importing Packages/com.unity.xr.arfoundation/Assets/Materials/SimulationBodyMaterial.mat using Guid(a4487a0c19d31684c91760d7b608f795) (NativeFormatImporter) -> (artifact id: '855505cd96bbf8f575774dfbfb7f6085') in 0.002775 seconds
Start importing Packages/com.unity.xr.arfoundation/Assets/Materials/DebugFace.mat using Guid(35bd980c8f2234e3d8b640e25a677d65) (NativeFormatImporter) -> (artifact id: 'b59d569f729fc88e2f27c5c90f887e8f') in 0.0021567 seconds
Start importing Packages/com.unity.xr.arfoundation/Assets/Materials/SimulationLitGray.mat using Guid(950042044eb8b45cfb957653439b0be7) (NativeFormatImporter) -> (artifact id: '10ed99b1bb7661b22f16ec71470529c0') in 0.001913 seconds
Start importing Packages/com.unity.xr.arfoundation/Assets/Materials/SimulationPlaneMaterial.mat using Guid(b701fb6055e5bf44b84cbe041121eb4a) (NativeFormatImporter) -> (artifact id: '5ab1b7727baded73438d17cf3cc0dd72') in 0.0029131 seconds
Start importing Packages/com.unity.timeline/Editor/StyleSheets/res/HumanoidDefault.anim using Guid(c91389c39d842cc4190ea8be0836798a) (NativeFormatImporter) -> (artifact id: '2e2ade1da3afe9151da57f67da5fb3c7') in 0.0170512 seconds
Start importing Packages/com.unity.xr.arfoundation/Assets/Materials/ZAxis.mat using Guid(2a5d17639da1f4bdd83f4cd9cdbd5640) (NativeFormatImporter) -> (artifact id: '67dfa3a766dea1e0d7079f7bcc279e85') in 0.0024312 seconds
Start importing Packages/com.unity.xr.arfoundation/Assets/Materials/UnlitBlack.mat using Guid(1d1fab4015cac46c08cbc1fe0a1eb0c2) (NativeFormatImporter) -> (artifact id: '81744592502c9b05d583be6fd249bd20') in 0.0034262 seconds
Start importing Packages/com.unity.xr.arfoundation/Assets/Materials/Origin.mat using Guid(8d5a881adabf5d44cad2907c58a51b04) (NativeFormatImporter) -> (artifact id: '58634a1e75b4c94c938eb06ec563ec56') in 0.0021358 seconds
Start importing Packages/com.unity.xr.arfoundation/Assets/Materials/FeaturePointMat.mat using Guid(1ff7e79fd64f7469a96dff1e97f179a9) (NativeFormatImporter) -> (artifact id: '9f5d0ec64640f7340cd47f67959832b1') in 0.0027613 seconds
Start importing Packages/com.unity.xr.arfoundation/Assets/Materials/SimulationDefaultTrackedImage.mat using Guid(7f1d579c79ac0442e8d4a7f213a675d0) (NativeFormatImporter) -> (artifact id: 'a4d8931381aee8679d1a9d83d2f0e3a9') in 0.0025134 seconds
Start importing Packages/com.unity.xr.arfoundation/Assets/Materials/SimulationSuitMaterial.mat using Guid(ff97e31c61928db42a4a403b8d642fe9) (NativeFormatImporter) -> (artifact id: '8797829a6bb9d78021e3cff2bf8fff75') in 0.002775 seconds
Start importing Packages/com.unity.timeline/Editor/Localization/ja.po using Guid(2cb1ca12d228148318e1a7d8cc441147) (LocalizationImporter) -> (artifact id: '8a19518c9b5299d7da3029d9cc9a2cf8') in 0.0036937 seconds
Start importing Packages/com.unity.collab-proxy/Editor/Assets/Fonts/Cascadia.ttf using Guid(9229ae5dbc38f488d921156ff75869e9) (TrueTypeFontImporter) -> (artifact id: 'b68e5bdf5a35050e42142e8277114f98') in 0.0187463 seconds
Start importing Packages/com.unity.xr.arfoundation/Assets/Prefabs/Handles.fbx using Guid(405ff1b6d34178a4a987fc2f6908a1f3) (FBXImporter) -> (artifact id: '7f18245037b3fc8219defd0608447fc9') in 0.1428469 seconds
Start importing Packages/com.unity.ai.navigation/EditorResources/NavigationWindowIcon.asset using Guid(13a8a84f37ede4760a590fd13172bdd4) (NativeFormatImporter) -> (artifact id: 'cb7309e32185ef3988276790a75b3cb0') in 0.0038201 seconds
Start importing Packages/com.unity.xr.arcore/Tests/Editor/Assets/TestReferenceImageLibrary.asset using Guid(c33765148919746ecbe8e10cceb19107) (NativeFormatImporter) -> (artifact id: '675bd92cc069a1b447da19e1d08c5b02') in 0.0806024 seconds
Start importing Packages/com.unity.xr.arfoundation/Assets/InputActions/DefaultXRSimulationInputActions.asset using Guid(afd19d26f424b46e78c9434d8f4ff7b2) (NativeFormatImporter) -> (artifact id: 'b4103f9a60532f5d564f4403b8fa5105') in 0.0030117 seconds
Start importing Packages/com.unity.ai.navigation/EditorResources/d_NavigationWindowIcon.asset using Guid(df6a6289992d3406cb4cad0c522e4adf) (NativeFormatImporter) -> (artifact id: 'fc3269a0342f0683e78396e3ad4bad61') in 0.0021379 seconds
Start importing Packages/com.unity.ai.navigation/ValidationExceptions.json using Guid(203bedb65db239c4aa5d9cf073cd3b73) (TextScriptImporter) -> (artifact id: 'b0adf71f88467c8339d665a36ccdf3e8') in 0.0027978 seconds
Start importing Packages/com.unity.2d.sprite/LICENSE.md using Guid(20ef7441e2dc7954c9ba3a12ffbac4d9) (TextScriptImporter) -> (artifact id: '4e01aae592bdfc098dcd6f5114308079') in 0.0022934 seconds
Start importing Packages/com.unity.modules.subsystems/package.json using Guid(30b312a167534621b316172253b08723) (PackageManifestImporter) -> (artifact id: '5fddaf95e1048f20ba7f7820d94a41a8') in 0.002392 seconds
Start importing Packages/com.unity.modules.jsonserialize/package.json using Guid(40bf3cec17fa0b49fe04443c8332d638) (PackageManifestImporter) -> (artifact id: '4c54406cdf6f27a0dfd74653ac191550') in 0.0024648 seconds
Start importing Packages/com.unity.ide.visualstudio/CHANGELOG.md using Guid(6022bdd5b2896a54f94123b812705321) (TextScriptImporter) -> (artifact id: '5f32ab62fc31a7fe904da275478366e5') in 0.0024625 seconds
Start importing Packages/com.unity.multiplayer.center/LICENSE.md using Guid(70554f6c9e4114e1084bb38f9ea400ce) (TextScriptImporter) -> (artifact id: 'c4bd63aaea861ad58925ef6690300eb1') in 0.0024073 seconds
Start importing Packages/com.unity.collab-proxy/Lib/Editor/Localization/xdiff.zh-Hant.txt using Guid(80273283a2a8945eaac4de9bcf33a4bb) (TextScriptImporter) -> (artifact id: '34288bd50e108c7c89a4d4ee8759a884') in 0.0028328 seconds
Start importing Packages/com.unity.modules.screencapture/package.json using Guid(80beef77cb19e713c7c2d481b65ed485) (PackageManifestImporter) -> (artifact id: '2f4796478e898a299d67d69a4e932b6a') in 0.0023651 seconds
Start importing Packages/com.unity.modules.cloth/package.json using Guid(906c12bc9cd95d3963c6d58f62522c78) (PackageManifestImporter) -> (artifact id: '3d693bca45ffae6fac5cd7db888ef115') in 0.0027894 seconds
Start importing Packages/com.unity.collab-proxy/Lib/Editor/Localization/cm.es.txt using Guid(b0045c9f87a3f487c883404b3257f747) (TextScriptImporter) -> (artifact id: '5e73db3cbb9763288865ad7dd0308bc4') in 0.0023902 seconds
Start importing Packages/com.unity.2d.tilemap/LICENSE.md using Guid(b0560f6f4fbd3a341a3d14343c000889) (TextScriptImporter) -> (artifact id: '159c16218b7926fc8b62e5bb0637264b') in 0.0024737 seconds
Start importing Assets/_Project/Tests/README.md using Guid(b00bb039fba24354cb2b29be58d6a356) (TextScriptImporter) -> (artifact id: '9525643d7a6aa0fc857a2f01bbed6a1e') in 0.0101323 seconds
Start importing Packages/com.unity.modules.unitywebrequesttexture/package.json using Guid(d0e3ad91972c66f5238f5b9b7d5ae58a) (PackageManifestImporter) -> (artifact id: 'e55c9ecf8b6cd2df41ad2d48f83627ef') in 0.0023505 seconds
Start importing Packages/com.unity.collab-proxy/Lib/Editor/Localization/i3.zh-Hans.txt using Guid(e0b2d2f09f2d34ba185ece61ed171f33) (TextScriptImporter) -> (artifact id: '0a2da73a3df7020000567ffc32438b3f') in 0.0025071 seconds
Start importing Packages/com.unity.ugui/README.md using Guid(e0ae6629cc70b514889df37fccb76832) (TextScriptImporter) -> (artifact id: '15b1fe6ee2db93eaf5190afe794bb3a0') in 0.0023455 seconds
Start importing Packages/com.unity.inputsystem/package.json using Guid(f0e14ea80f96b445f97b1c83650d5733) (PackageManifestImporter) -> (artifact id: '0b3bcdcbdf13d8ae3dd6c516649bbafc') in 0.0024576 seconds
Start importing Packages/com.unity.modules.ai/package.json using Guid(f0f13f2ab3d6d13cfc6e4656824bfca8) (PackageManifestImporter) -> (artifact id: '993ffce69848b7fc2884f536f4e72d66') in 0.0017977 seconds
Start importing Packages/com.unity.collab-proxy/Lib/Editor/Localization/workspaceserver.es.txt using Guid(0141873b98c3d4889a41b404077edb94) (TextScriptImporter) -> (artifact id: '46056c2533963554da7efb086503a816') in 0.0027287 seconds
Start importing Packages/com.unity.collab-proxy/Lib/Editor/Localization/guihelp.zh-Hant.txt using Guid(118fcf393362e4677a4b0fd04265f121) (TextScriptImporter) -> (artifact id: '1456d6b5d4c78ffc97f1b7d6f3ae4d2c') in 0.0027663 seconds
Start importing Packages/com.unity.inputsystem/ValidationConfig.json using Guid(21e367e100361604f9ad6287fd367d4a) (TextScriptImporter) -> (artifact id: '6747c8a6d1a859362fba897ea410b516') in 0.0025313 seconds
Start importing Packages/com.unity.xr.legacyinputhelpers/LICENSE.md using Guid(215aa718ae432a2458439d4959fc9471) (TextScriptImporter) -> (artifact id: 'a82a9b5f417f4925960deeece17010b4') in 0.0020572 seconds
Start importing Packages/com.unity.ugui/package.json using Guid(319b8889f363f5947acf209c17a94149) (PackageManifestImporter) -> (artifact id: 'f59d2b8544cfe2d5871f741d6345390d') in 0.0018475 seconds
Start importing Packages/com.unity.purchasing/CHANGELOG.md using Guid(51f03e3b6d8394dd595f181250b943dc) (TextScriptImporter) -> (artifact id: '85d718392a92e794f6d60d0337262e75') in 0.002436 seconds
Start importing Packages/com.unity.2d.tilemap/package.json using Guid(51797d68d3132bb419217a229e09fc47) (PackageManifestImporter) -> (artifact id: 'e709b9d10ddc2f3c4d081d143646377e') in 0.002664 seconds
Start importing Packages/com.unity.collab-proxy/Lib/Editor/Localization/images.zh-Hans.txt using Guid(510df96e3e40743a39860f8dd1e4fc4d) (TextScriptImporter) -> (artifact id: '50ec78f141e6750cf2a3a2a4d3c9e020') in 0.0026223 seconds
Start importing Packages/com.unity.analytics/package.json using Guid(510d1d319d2754ea4a47c6dd8c421ea0) (PackageManifestImporter) -> (artifact id: '415d65e31d1af3be12fd6d46221f3024') in 0.0017332 seconds
Start importing Packages/com.unity.nuget.newtonsoft-json/README.md using Guid(51bd45ca4f0f28342a12f4b0c80e9f4f) (TextScriptImporter) -> (artifact id: '48368251d4d96bf775df1340ab32befd') in 0.0021021 seconds
Start importing Packages/com.unity.ext.nunit/package.json using Guid(8143d3a8390f2c64685e3bc272bd9e90) (PackageManifestImporter) -> (artifact id: 'f17a5872ec6b39c2777cc7e8eb86b1a6') in 0.0025016 seconds
Start importing Packages/com.unity.inputsystem/LICENSE.md using Guid(9166eed4756114bdaa498aca2df93e19) (TextScriptImporter) -> (artifact id: '7c9d36dfdaa6173e588e0793b0d80d1c') in 0.0020556 seconds
Start importing Packages/com.unity.services.core/Editor/Core/Configuration/productionUrls.json using Guid(a1b72e317de21944db60cab0b6122b91) (TextScriptImporter) -> (artifact id: 'e0241cc26a8463e657c57a88feb8dc01') in 0.0024058 seconds
Start importing Packages/com.unity.xr.legacyinputhelpers/Third Party Notices.md using Guid(b1bd9a41ba8a9a840b5ecfef864b9be0) (TextScriptImporter) -> (artifact id: 'f0569ff25221b994440b4455f8e3154e') in 0.0022988 seconds
Start importing Packages/com.unity.collab-proxy/README.md using Guid(c10740cd62ccaf54c8880da0a3f4d10f) (TextScriptImporter) -> (artifact id: 'a45de69e677bae8935240e540640eba2') in 0.0025903 seconds
Start importing Packages/com.unity.xr.legacyinputhelpers/package.json using Guid(d16ab7e2b2998ad4c9729d86bb9aa666) (PackageManifestImporter) -> (artifact id: '014be98e6b8228c7e8d7331699368014') in 0.0018066 seconds
Start importing Packages/com.unity.collab-proxy/Lib/Editor/Localization/guihelp.ja.txt using Guid(e1619c982c09c43beb4a3a70abf3bf9a) (TextScriptImporter) -> (artifact id: 'b49d37a5755f8db5556ac33fadda2feb') in 0.0021532 seconds
Start importing Packages/com.unity.xr.legacyinputhelpers/CHANGELOG.md using Guid(e1e933fc85b5d7444902c305f62c695a) (TextScriptImporter) -> (artifact id: 'cb619cd98152d51c93fcce30657f727e') in 0.0021703 seconds
Start importing Packages/com.unity.collab-proxy/Lib/Editor/Localization/i3.en.txt using Guid(e13a556ff924042cbaec3e059d695a23) (TextScriptImporter) -> (artifact id: '6f948ef5903f5a484e3e06d28a9a5a02') in 0.002258 seconds
Start importing Packages/com.unity.collab-proxy/Lib/Editor/Localization/basecommands.zh-Hant.txt using Guid(e15c5be84e68e4fe2a63b3a4d2adbae1) (TextScriptImporter) -> (artifact id: 'e3db5c20167d783a4d8481b89bc50ce7') in 0.0028985 seconds
Start importing Packages/com.unity.collab-proxy/Lib/Editor/Localization/mergetool.es.txt using Guid(e17dce0d3ad0941049a005c14ef3dc6e) (TextScriptImporter) -> (artifact id: '1173592efb1cdbf9368f025bfbe6013c') in 0.0024485 seconds
Start importing Packages/com.unity.modules.assetbundle/package.json using Guid(e1ef8466c8fd01a549f10baa4d51fa17) (PackageManifestImporter) -> (artifact id: 'bd1378d04a55ff92f406f64b548a4dfc') in 0.0020977 seconds
Start importing Packages/com.unity.collab-proxy/Lib/Editor/Localization/differences.ko.txt using Guid(f1b52905ca380454cb1eb270517534ee) (TextScriptImporter) -> (artifact id: '444a12723dc2ce6942ab39d7cea87223') in 0.0026602 seconds
Start importing Packages/com.unity.services.analytics/package.json using Guid(1214e5b938827470b85d454683e058ad) (PackageManifestImporter) -> (artifact id: '637f2a1f0092214afb54c3b0497d0daa') in 0.0021965 seconds
Start importing Packages/com.unity.xr.arcore/CHANGELOG.md using Guid(22a6a02e19784c92ad6cc6654890f498) (TextScriptImporter) -> (artifact id: 'dbf73af6783deb5ed8e8cbf59069bdba') in 0.0023624 seconds
Start importing Packages/com.unity.timeline/Editor/StyleSheets/res/Timeline_LightSkin.txt using Guid(3235ecefad2a6a645aa0222aca200aeb) (TextScriptImporter) -> (artifact id: '63e9eb84be4a9807a850be9eaa0509b0') in 0.0022779 seconds
Start importing Packages/com.unity.collab-proxy/Lib/Editor/Localization/common.es.txt using Guid(32bf5760cae4a4399aedc5a0c0a20f23) (TextScriptImporter) -> (artifact id: '78611b944a74db3dc14c36be301e1465') in 0.0027849 seconds
Start importing Packages/com.unity.modules.imgui/package.json using Guid(42fe78c8fe682715a2cb531422e6ccb3) (PackageManifestImporter) -> (artifact id: 'b643c636c8e55776455f8adce1983951') in 0.0019399 seconds
Start importing Packages/com.unity.collab-proxy/LICENSE.md using Guid(52a2c019761d4f74ea3dbdaa0d889673) (TextScriptImporter) -> (artifact id: '2e1e1f79fcffa0d84c1233c07612897a') in 0.0023994 seconds
Start importing Packages/com.unity.collab-proxy/Lib/Editor/Localization/commontypes.ko.txt using Guid(521b26df9e05046eab5b7a40261b5ae6) (TextScriptImporter) -> (artifact id: 'bf08ded9b8ee0af180e2796a19594992') in 0.0025485 seconds
Start importing Packages/com.unity.xr.management/Tests/TestTooling/README.md using Guid(823b1590c944c4243ad4b7d942ee197e) (TextScriptImporter) -> (artifact id: 'fc4c2b4282bb39ea47eac67fad81d913') in 0.0022865 seconds
Start importing Packages/com.unity.modules.tilemap/package.json using Guid(92a378669877c05c6071d0fed687bb95) (PackageManifestImporter) -> (artifact id: '4056b6dbe265f7ea644917ceb3d938ad') in 0.0024361 seconds
Start importing Packages/com.unity.collab-proxy/Lib/Editor/Localization/workspaceserver.ko.txt using Guid(b233593fc686844cba46ccf1c5f750f6) (TextScriptImporter) -> (artifact id: '8c459213a00b68f5153a4f39e35d4631') in 0.0022236 seconds
Start importing Packages/com.unity.collab-proxy/Lib/Editor/Localization/cm-help.en.txt using Guid(d27ac2618f7174359bf02e3d71d7cd7b) (TextScriptImporter) -> (artifact id: '6094925c21437a8715af68f2a16f3295') in 0.0034196 seconds
Start importing Packages/com.unity.collab-proxy/Lib/Editor/Localization/configurehelper.ko.txt using Guid(e2f3f1dcf8d9b45dbaa98b0878dce447) (TextScriptImporter) -> (artifact id: 'd04a175c1089f6d8e867a802e35404b8') in 0.0022762 seconds
Start importing Packages/com.unity.timeline/package.json using Guid(13a9c1b4df2e489e8eb9cacca7429596) (PackageManifestImporter) -> (artifact id: '2bca7c1657fc7efb76e25bcb51169739') in 0.0020185 seconds
Start importing Packages/com.unity.collab-proxy/Lib/Editor/Localization/workspaceserver.zh-Hant.txt using Guid(2355cb699865a417db515b08840c5226) (TextScriptImporter) -> (artifact id: '04a89d6cd089b33625605d6aff18c9c1') in 0.0022452 seconds
Start importing Packages/com.unity.analytics/Unity.Analytics.Editor.xml using Guid(237d7e3287fd7f6cab1521d812659fc8) (TextScriptImporter) -> (artifact id: 'a47fe7522b0cae56ca276911e78763ee') in 0.0022238 seconds
Start importing Packages/com.unity.modules.accessibility/package.json using Guid(43674d438e19b89d7fe6af07234f3252) (PackageManifestImporter) -> (artifact id: '18ee965e811994fd35edf1fec93e0d64') in 0.0022474 seconds
Start importing Packages/com.unity.collab-proxy/Lib/Editor/Localization/basecommands.es.txt using Guid(73a6d79b8d4574c869d48676dcab25b2) (TextScriptImporter) -> (artifact id: '1d5d5e33efad47dc1908e65d7bd2e0ec') in 0.0021604 seconds
Start importing Packages/com.unity.purchasing/ValidationExceptions.json using Guid(936a6ba0d359467693cebce7e793e6f3) (TextScriptImporter) -> (artifact id: '1b007541aabfeb34210ab2514d97394d') in 0.0021014 seconds
Start importing Packages/com.unity.inputsystem/CHANGELOG.md using Guid(a3e12f7b92d6e49c0b430ae7813c2398) (TextScriptImporter) -> (artifact id: '298405c52a65abce4e917c5b3228af95') in 0.0028787 seconds
Start importing Packages/com.unity.ide.visualstudio/ValidationConfig.json using Guid(a3f71b076c36a204a864f8c44142b3a9) (TextScriptImporter) -> (artifact id: '24357cb0c47577b7373223c2476cd21b') in 0.0024851 seconds
Start importing Packages/com.unity.services.analytics/README.md using Guid(c313db64d6bdb449e95b9e976317258f) (TextScriptImporter) -> (artifact id: 'bbe7024aecb5428375a080a6402a8543') in 0.0025125 seconds
Start importing Packages/com.unity.multiplayer.center/README.md using Guid(c359bcaf4a0bc4040aac650bf14ec619) (TextScriptImporter) -> (artifact id: '1479d3316a4547e823ef71ef56c076f5') in 0.0020541 seconds
Start importing Packages/com.unity.modules.terrainphysics/package.json using Guid(d3cbe921f7b3d9a3257e7c61a5761796) (PackageManifestImporter) -> (artifact id: 'f5e2c961ee3d9c345b9cfb0721893363') in 0.0019415 seconds
Start importing Packages/com.unity.mathematics/package.json using Guid(d34d0af25c21141a98c0cf3c0066444f) (PackageManifestImporter) -> (artifact id: '44bf611c9ecbcc7700c10339777b7077') in 0.0024231 seconds
Start importing Packages/com.unity.2d.sprite/README.md using Guid(e31c136ab48c1194184380e435f3936d) (TextScriptImporter) -> (artifact id: 'f6370a54792b9c6aa3c5139106c1ef5c') in 0.0018502 seconds
Start importing Packages/com.unity.collab-proxy/Lib/Editor/Localization/basecommands.ja.txt using Guid(04d1d03a8de3f47ea9ef95eaeff48ab0) (TextScriptImporter) -> (artifact id: '52df30b152bb64afedf2a5b7a19c797a') in 0.0026514 seconds
Start importing Packages/com.unity.collab-proxy/Lib/Editor/Localization/cm.zh-Hant.txt using Guid(04d1eeb7f27d6493ea75bc0478ed7ce4) (TextScriptImporter) -> (artifact id: '1852862a32ff670df4324714f5b57070') in 0.0025057 seconds
Start importing Assets/_Project/Bootstrap/README.md using Guid(14e7a13e9940f574d99271b7bdb2f2b5) (TextScriptImporter) -> (artifact id: 'bf12a35ea2ecfae7cd6b38b58f5eebf2') in 0.0036633 seconds
Start importing Packages/com.unity.xr.core-utils/ValidationExceptions.json using Guid(24772c9264eb4f3d8e1f026e3c3881b2) (TextScriptImporter) -> (artifact id: '601b332a9168ccd9bcc25d83391fdf3d') in 0.0023229 seconds
Start importing Packages/com.unity.nuget.newtonsoft-json/LICENSE.md using Guid(24efe08f95549ab4699df4c1b55703e5) (TextScriptImporter) -> (artifact id: '8501ab4fa23de162aee8e4a2c433fc59') in 0.0023131 seconds
Start importing Packages/com.unity.collab-proxy/Lib/Editor/Localization/guihelp.en.txt using Guid(3422f2294d08c4f13915960a1f4a0808) (TextScriptImporter) -> (artifact id: 'd5dcc5c6e6ee32db51c2ac45c3626318') in 0.0024278 seconds
Start importing Packages/com.unity.timeline/Editor/StyleSheets/res/Timeline_DarkSkin.txt using Guid(54905d77593e9eb44a7c25d704bb4163) (TextScriptImporter) -> (artifact id: '11c451b2c526ba97ae70e067975c9f21') in 0.0023755 seconds
Start importing Packages/com.unity.editorcoroutines/package.json using Guid(6428ca6f30e71ee4dbea7e1d0787cb07) (PackageManifestImporter) -> (artifact id: '98eefa0c8aa493ccebe98d004b2e9b7e') in 0.002805 seconds
Start importing Packages/com.unity.collab-proxy/Lib/Editor/Localization/cm.ja.txt using Guid(64e81b2d5d66940ccb46edf3fe7c2ada) (TextScriptImporter) -> (artifact id: '65a069877cb620e36ac0ae816eb7629d') in 0.0025731 seconds
Start importing Packages/com.unity.collab-proxy/Lib/Editor/Localization/common.en.txt using Guid(7434ec0f802604f68bee7449e1ab5673) (TextScriptImporter) -> (artifact id: '592644e180ac3308f2b34159982d71a7') in 0.0025653 seconds
Start importing Packages/com.unity.collab-proxy/package.json using Guid(743fda8c4b219c8429fb5a77ede1c879) (PackageManifestImporter) -> (artifact id: 'bfdb27a2282d363f53acab618ecdedcc') in 0.0021578 seconds
Start importing Packages/com.unity.collab-proxy/Lib/Editor/Localization/guihelp.es.txt using Guid(744fc2e853cbb46b1a5de3a22529af56) (TextScriptImporter) -> (artifact id: '8fce8d39086b0926d0c160c1476123fc') in 0.0022695 seconds
Start importing Packages/com.unity.collab-proxy/Lib/Editor/Localization/cm.zh-Hans.txt using Guid(949061f1e48b34bfea6207e70ea0a0f6) (TextScriptImporter) -> (artifact id: '8494ade63eb3cd1079ad44c0f54728ae') in 0.0025492 seconds
Start importing Packages/com.unity.nuget.newtonsoft-json/Third Party Notices.md using Guid(9422d9b1fde3cf644b4a0dddd10a7348) (TextScriptImporter) -> (artifact id: '5554922647665a391624980353b0a837') in 0.002525 seconds
Start importing Packages/com.unity.collab-proxy/Lib/Editor/Localization/configurehelper.zh-Hans.txt using Guid(c459bcd1659474966b59ac3f4adb1461) (TextScriptImporter) -> (artifact id: '741890c545629cbfb4a26559773207b7') in 0.0026831 seconds
Start importing Packages/com.unity.xr.arcore/LICENSE.md using Guid(e402e93c2bdd5d6488cd2e2dc9bf7386) (TextScriptImporter) -> (artifact id: '130f068a2ac891f29829947ea6ce32ba') in 0.0025169 seconds
Start importing Packages/com.unity.collab-proxy/Lib/Editor/Localization/xdiff.es.txt using Guid(e44ad81467ad247c587c5847830740b0) (TextScriptImporter) -> (artifact id: 'b319754928764e9af14d18a973f1c772') in 0.0025735 seconds
Start importing Packages/com.unity.collab-proxy/Lib/Editor/Localization/clientcommon.es.txt using Guid(f415c70214a29428b9297efda0fa5867) (TextScriptImporter) -> (artifact id: 'f76a43a3f011a20a8e22ca20acb02b04') in 0.0026223 seconds
Start importing Packages/com.unity.editorcoroutines/CHANGELOG.md using Guid(f4e822a0337b6cf4aade8abffaf819a8) (TextScriptImporter) -> (artifact id: 'e31c290a1a61c3b2c0ef50c30acd1444') in 0.0026375 seconds
Start importing Packages/com.unity.ext.nunit/CHANGELOG.md using Guid(f49bbe06ffa5ae24abe32abdab430c24) (TextScriptImporter) -> (artifact id: 'fceecea86d3291d57dee7acd6734d35a') in 0.0029565 seconds
Start importing Packages/com.unity.ugui/PackageConversionData.json using Guid(05f5bfd584002f948982a1498890f9a9) (TextScriptImporter) -> (artifact id: 'd9e43e27959cd399247c69832ab9dc4f') in 0.0024893 seconds
Start importing Packages/com.unity.modules.unitywebrequestassetbundle/package.json using Guid(05f7f519769978b79b31d063a7fc6fa1) (PackageManifestImporter) -> (artifact id: '4f2160dda0ab469cf2df5b0cd4f92db7') in 0.0018229 seconds
Start importing Packages/com.unity.analytics/LICENSE.md using Guid(15bf9c691b85b41a39c18bee2f87e21b) (TextScriptImporter) -> (artifact id: '8048428aee46a1bf82e92835e8df8519') in 0.0028181 seconds
Start importing Packages/com.unity.collab-proxy/Lib/Editor/Localization/plastic-gui.ko.txt using Guid(254f40821697f4cd0a87eafc8ffdd99a) (TextScriptImporter) -> (artifact id: '87810c468e0c6175e9809f7166eb78a1') in 0.0024029 seconds
Start importing Packages/com.unity.collab-proxy/Lib/Editor/Localization/images.es.txt using Guid(35e4e59a581b14a438871c37fee1eb75) (TextScriptImporter) -> (artifact id: 'fd6551c6867530b08ef794380017ce86') in 0.0028244 seconds
Start importing Packages/com.unity.collab-proxy/Lib/Editor/Localization/semantic.en.txt using Guid(352d8dfb4e64c4362bea2314a465969e) (TextScriptImporter) -> (artifact id: 'fc843d8fb9bfceba0cc9a793170d7e32') in 0.0023586 seconds
Start importing Packages/com.unity.ide.rider/LICENSE.md using Guid(5598b14661b5f4c43bed757f34b6d172) (TextScriptImporter) -> (artifact id: '49d700dcf59f487c894ff6cdb50f0d2b') in 0.00276 seconds
Start importing Packages/com.unity.collab-proxy/Lib/Editor/Localization/commontypes.es.txt using Guid(65f3b5a9bc28743fa8f2708cfd11ed08) (TextScriptImporter) -> (artifact id: 'bd46d96fb3c80c7bf23b4d78bed31614') in 0.0029302 seconds
Start importing Packages/com.unity.collab-proxy/Lib/Editor/Localization/i3.ja.txt using Guid(658d4b56a429c42dc82f506a2767b2e6) (TextScriptImporter) -> (artifact id: '26bedbc95cf6ab17acfea54783d4408c') in 0.0024305 seconds
Start importing Packages/com.unity.ide.visualstudio/package.json using Guid(656f74f6edaa396458412b9e3903d8cd) (PackageManifestImporter) -> (artifact id: '414830c01e284b7585a3c648250fa850') in 0.0022423 seconds
Start importing Packages/com.unity.collab-proxy/Lib/Editor/Localization/cm.ko.txt using Guid(754c536771c1f404c8b3c600e2c1f38e) (TextScriptImporter) -> (artifact id: 'c56e4488d0b7dc44c06d80de6a18bf21') in 0.0028183 seconds
Start importing Packages/com.unity.test-framework/QAReport.md using Guid(9502b683c0a226140ac8c8b914715526) (TextScriptImporter) -> (artifact id: '7b682f0c3ed89c05383ba94aafd7ec0e') in 0.002419 seconds
Start importing Packages/com.unity.collab-proxy/Lib/Editor/Localization/images.ja.txt using Guid(9504038b26e9241129fb5162ff8877f6) (TextScriptImporter) -> (artifact id: 'bd990bc08068b76f30032ac2d5a8a4fb') in 0.0021784 seconds
Start importing Packages/com.unity.modules.imageconversion/package.json using Guid(953fab16d15d5885b3600fcd6388b2ad) (PackageManifestImporter) -> (artifact id: '4914195fadd462954a635b65250787ed') in 0.0021339 seconds
Start importing Packages/com.unity.xr.arfoundation/CHANGELOG.md using Guid(b5c2bae8918810248a6f4832c52cc7cd) (TextScriptImporter) -> (artifact id: '9eba9ba9fcd7f1654206a9caa6334788') in 0.002816 seconds
Start importing Packages/com.unity.collab-proxy/Lib/Editor/Localization/commontypes.zh-Hans.txt using Guid(d5535157d876041cca6e4b5685064ebf) (TextScriptImporter) -> (artifact id: '2aa70419d0947a045ee5b50db654b3d2') in 0.0039091 seconds
Start importing Assets/_Project/UI/README.md using Guid(e5cfc9e41ef0762489fb1ba54100f6dd) (TextScriptImporter) -> (artifact id: '633df1633c5b4171fb349a6f209feff6') in 0.003632 seconds
Start importing Packages/com.unity.services.core/CHANGELOG.md using Guid(06af021de11772b48ab2c729e6da3dc6) (TextScriptImporter) -> (artifact id: '99b6c7ddcd57801da9dc809a3c36c869') in 0.0027936 seconds
Start importing Packages/com.unity.nuget.newtonsoft-json/CHANGELOG.md using Guid(16f24f695cc06684991baf4b1bc6ad22) (TextScriptImporter) -> (artifact id: '096cf39e518db792a986b5a82794ade3') in 0.0026337 seconds
Start importing Packages/com.unity.modules.unityanalytics/package.json using Guid(26a4f29db434fd79025c91f6126382cc) (PackageManifestImporter) -> (artifact id: '4f55ed6c07c9d593d430c69b12caecd5') in 0.0021341 seconds
Start importing Packages/com.unity.mathematics/CHANGELOG.md using Guid(56de866d5032f461baa43decd9ce3bd8) (TextScriptImporter) -> (artifact id: 'c915c18a00b5a08c993883945607100d') in 0.002285 seconds
Start importing Packages/com.unity.collab-proxy/Lib/Editor/Localization/clientcommon.zh-Hans.txt using Guid(6637a4e3859ff40ef8966ef15207c985) (TextScriptImporter) -> (artifact id: 'e84ec6b6ab7244151b618c165dac6d01') in 0.0029682 seconds
Start importing Packages/com.unity.ide.rider/package.json using Guid(66c95bb3c74257f41bae2622511dc02d) (PackageManifestImporter) -> (artifact id: '3042c88b1686937b087792036f781326') in 0.0021509 seconds
Start importing Packages/com.unity.ide.rider/CHANGELOG.md using Guid(8645aa9c3c74fb34ba9499e14fb332b5) (TextScriptImporter) -> (artifact id: '5fed0a928f50528104c4af98a949c5e4') in 0.0023614 seconds
Start importing Packages/com.unity.modules.video/package.json using Guid(96d14b71b907bb52333b2886e665aba6) (PackageManifestImporter) -> (artifact id: '5663ce496606d4af708204c817adcf41') in 0.0022811 seconds
Start importing Packages/com.unity.xr.arcore/package.json using Guid(96d3d50e9dd0d654c90f6f35bb673559) (PackageManifestImporter) -> (artifact id: '66ff69fdfc1fc42812bf24f9b5242ab6') in 0.0019175 seconds
Start importing Packages/com.unity.ide.rider/ValidationExceptions.json using Guid(b6029123aa4ab4e0481a4b3ad8a15af9) (TextScriptImporter) -> (artifact id: 'e7589f402abb91a19b40b94844b636c9') in 0.0033468 seconds
Start importing Packages/com.unity.collab-proxy/Lib/Editor/Localization/clientcommon.en.txt using Guid(b69f7dbec673945568d075d495946c76) (TextScriptImporter) -> (artifact id: '774d3265b7a235e03e347035108946a4') in 0.0023573 seconds
Start importing Packages/com.unity.test-framework/CHANGELOG.md using Guid(d691174143fd3774ba63d7c493633b99) (TextScriptImporter) -> (artifact id: '424e7d45ee605b9aa3b478f0af160277') in 0.0026298 seconds
Start importing Packages/com.unity.test-framework/package.json using Guid(d6a2e6e4803de7b43baacdc355fc144d) (PackageManifestImporter) -> (artifact id: '4f73fab107804d0e403566ad84f04737') in 0.0020127 seconds
Start importing Packages/com.unity.collab-proxy/Lib/Editor/Localization/configurehelper.en.txt using Guid(d63b557b2dc494bd4a7639fdd39bc3f8) (TextScriptImporter) -> (artifact id: 'c202ca1694ba53d4ac8b75250a2b2c74') in 0.0026338 seconds
Start importing Packages/com.unity.timeline/README.md using Guid(f66454863bc106549a6b53849ee63b41) (TextScriptImporter) -> (artifact id: '7f1ef2892420a98ad561f5e401d84978') in 0.0023263 seconds
Start importing Packages/com.unity.xr.arfoundation/README.md using Guid(07774d0433ccf5544ba52ac5468d1cdc) (TextScriptImporter) -> (artifact id: '5e36df9aec735befce79dc0fcd31e9f1') in 0.0027596 seconds
Start importing Packages/com.unity.collab-proxy/Lib/Editor/Localization/cm-help.ko.txt using Guid(27b146ccf48d544ceb6075cf89e2e6b7) (TextScriptImporter) -> (artifact id: '01f7dc371017cd1403f445a2a80797a2') in 0.0030467 seconds
Start importing Packages/com.unity.collab-proxy/Lib/Editor/Localization/cm-help.es.txt using Guid(37641adce24ed48bf862c789b4290a18) (TextScriptImporter) -> (artifact id: 'a7fda710b8cb840a096473183ddf7752') in 0.0036082 seconds
Start importing Packages/com.unity.collab-proxy/CHANGELOG.md using Guid(47777d81697d65f45befb6ccd55b2324) (TextScriptImporter) -> (artifact id: '49da00c68e2e4ac42775c0aa0f680d5d') in 0.0025106 seconds
Start importing Packages/com.unity.purchasing/package.json using Guid(4797030ac1a4416a944aa07d854ffeb4) (PackageManifestImporter) -> (artifact id: '73d9f7eac4f6515eea873eac17c3027c') in 0.0023932 seconds
Start importing Packages/com.unity.purchasing/Third Party Notices.md using Guid(6741755b0b34409ab6ce2c49d1cb59f2) (TextScriptImporter) -> (artifact id: 'a552f491e50d1733b77aa48b99e686f6') in 0.002441 seconds
Start importing Packages/com.unity.xr.legacyinputhelpers/README.md using Guid(67414a882cddb8f43a0c083553468ae4) (TextScriptImporter) -> (artifact id: 'ae42347083d1085c4e40a49c5ae175af') in 0.0023437 seconds
Start importing Packages/com.unity.services.analytics/ValidationConfig.json using Guid(67c57ed36880e4816b2988a904b5783d) (TextScriptImporter) -> (artifact id: '29593558be15917f8830c385c97ab1f6') in 0.0024192 seconds
Start importing Packages/com.unity.modules.particlesystem/package.json using Guid(87d720faa37005c08600090e04d8c739) (PackageManifestImporter) -> (artifact id: 'd6aa8c20d84b997ec285a739a17be19d') in 0.0016365 seconds
Start importing Packages/com.unity.collab-proxy/Lib/Editor/Localization/differences.es.txt using Guid(87682812dc6554d4a9ec8ab671249e1a) (TextScriptImporter) -> (artifact id: '93a097e27a3d748a70e9ce449457b568') in 0.0027926 seconds
Start importing Packages/com.unity.collab-proxy/Lib/Editor/Localization/differences.zh-Hans.txt using Guid(877a99378004f41f2b5a80b2c6541f82) (TextScriptImporter) -> (artifact id: '755344e9bac7af086ef83f4959fbb664') in 0.002495 seconds
Start importing Assets/_Project/Core/README.md using Guid(a7b54f89bd1ff5345bef62510e956906) (TextScriptImporter) -> (artifact id: 'f659c0c100f15aec732d1f35172c945e') in 0.004524 seconds
Start importing Packages/com.unity.mathematics/LICENSE.md using Guid(a7f87992cd1d44040ae42b05e5fbdaa5) (TextScriptImporter) -> (artifact id: 'dcb480f55b9e03877084c202f58984ab') in 0.0021617 seconds
Start importing Packages/com.unity.2d.sprite/CHANGELOG.md using Guid(b7007d815829e7644bb81d1f8004a340) (TextScriptImporter) -> (artifact id: 'e0d296e5887392c86686326100524cf6') in 0.0024583 seconds
Start importing Packages/com.unity.collab-proxy/Lib/Editor/Localization/i3.zh-Hant.txt using Guid(c7aab5799325e4902abe60fbfd72648d) (TextScriptImporter) -> (artifact id: '2650e269b5bea5bdd91a6c96a3594ed4') in 0.002448 seconds
Start importing Packages/com.unity.collab-proxy/Lib/Editor/Localization/commontypes.zh-Hant.txt using Guid(c70ea648a3f0e4ff9b199c2290c995ba) (TextScriptImporter) -> (artifact id: '805d4775402a55bbfde184c8d64b3668') in 0.0034301 seconds
Start importing Packages/com.unity.collab-proxy/Lib/Editor/Localization/differences.ja.txt using Guid(e75e0df8dd2c8478ebfabe12247bb691) (TextScriptImporter) -> (artifact id: '2d96f5d2967e9e8993d0268172e51882') in 0.0023731 seconds
Start importing Packages/com.unity.inputsystem/README.md using Guid(f747a892239fb40f9a9b9e2acf9929ee) (TextScriptImporter) -> (artifact id: '3ae4f911971c56e7f716f83b8485fc56') in 0.0024205 seconds
Start importing Packages/com.unity.modules.physics2d/package.json using Guid(f7a8357347c80dc69c08d0b1a05e2122) (PackageManifestImporter) -> (artifact id: 'e2187f6cfb7435ccc7f0487e9567b857') in 0.0022916 seconds
Start importing Packages/com.unity.services.core/ValidationExceptions.json using Guid(f72d309edb0319e498233c3c2bb07a14) (TextScriptImporter) -> (artifact id: 'ce8485a7b57970eaa8f5924034446444') in 0.0019334 seconds
Start importing Packages/com.unity.xr.arfoundation/package.json using Guid(08e6a1d1bc87fb6408c3e916a260691b) (PackageManifestImporter) -> (artifact id: '40a2b11ddb304b6af3dc6cdc44bd6c0e') in 0.0019848 seconds
Start importing Packages/com.unity.modules.vr/package.json using Guid(18a4fadfef534684d5af39ca8dc48fe9) (PackageManifestImporter) -> (artifact id: 'b5caa374997d1a6b1a334be36d0889dd') in 0.0017424 seconds
Start importing Packages/com.unity.services.core/package.json using Guid(182c5bcc97fc21747a9ca5e01da1ed3f) (PackageManifestImporter) -> (artifact id: 'ed70042dae4a40634b5d50af68c5a8c3') in 0.0029886 seconds
Start importing Packages/com.unity.collab-proxy/Lib/Editor/Localization/basecommands.zh-Hans.txt using Guid(28e6bfc8d8ce6402389de7e623366f4c) (TextScriptImporter) -> (artifact id: 'e5398acee1ee6f5da22f0d4d30bb042f') in 0.0026746 seconds
Start importing Packages/com.unity.collab-proxy/Lib/Editor/Localization/commontypes.ja.txt using Guid(282cf81f2a10042db8ff91019ddedbcb) (TextScriptImporter) -> (artifact id: '753260625646887e06563ac22733e64f') in 0.0027948 seconds
Start importing Packages/com.unity.services.analytics/ValidationExceptions.json using Guid(4868e25630504a4488abbdd46803b46f) (TextScriptImporter) -> (artifact id: '54201d2d4dda21aa8e817ab16ec47ca8') in 0.0022414 seconds
Start importing Packages/com.unity.collab-proxy/Lib/Editor/Localization/semantic.ko.txt using Guid(5802aa7500f454c90b4d8ff48d6d5f0a) (TextScriptImporter) -> (artifact id: '4412a990a66efb3467c4636c9ebcaafd') in 0.0026148 seconds
Start importing Packages/com.unity.ide.visualstudio/ThirdPartyNotices.md using Guid(7809f42f64c877f4b90ac233e5ec2372) (TextScriptImporter) -> (artifact id: 'd241ed5bb98769970512d80e17245a44') in 0.0025775 seconds
Start importing Packages/com.unity.ide.visualstudio/ValidationExceptions.json using Guid(788fbcfc0abc6c54b9504cfee3176c22) (TextScriptImporter) -> (artifact id: 'd12498102750afadc18e8e0995d48361') in 0.00245 seconds
Start importing Packages/com.unity.collab-proxy/Lib/Editor/Localization/plastic-gui.zh-Hans.txt using Guid(88f256f2677614287b3dcc01ebaed742) (TextScriptImporter) -> (artifact id: '6d1b573ba4d26c970d6c8aab292e918b') in 0.0028222 seconds
Start importing Packages/com.unity.analytics/README.md using Guid(884f8f0e4025a420893d3a8d1d3063e1) (TextScriptImporter) -> (artifact id: 'ad23e397a4eb1cc7e9d50c7523011325') in 0.0023132 seconds
Start importing Packages/com.unity.xr.management/package.json using Guid(a8437ae6df3ab4de78c661f8e1148bbb) (PackageManifestImporter) -> (artifact id: '1b294c23c8b9d2cbeab5ebba70ca8f89') in 0.0022803 seconds
Start importing Packages/com.unity.collab-proxy/Lib/Editor/Localization/mergetool.zh-Hant.txt using Guid(a83407279afb941b881a311361179ac0) (TextScriptImporter) -> (artifact id: 'a8dd3cc250c508651ba135eb53e2b53e') in 0.0024609 seconds
Start importing Packages/com.unity.nuget.newtonsoft-json/link.xml using Guid(a8a90c35b04530c4f971aaef6fdf3612) (TextScriptImporter) -> (artifact id: '5807b3eaf8f2b7f4cc31155895c29cd0') in 0.0027568 seconds
Start importing Packages/com.unity.collab-proxy/Lib/Editor/Localization/commontypes.en.txt using Guid(b81eba7aab1be4cd58887d73e21fd1bb) (TextScriptImporter) -> (artifact id: '6f696d7fe39b414ceb89c240808a4a1a') in 0.0030926 seconds
Start importing Packages/com.unity.modules.wind/package.json using Guid(b83f06ac0c0696e9563230865ca72b81) (PackageManifestImporter) -> (artifact id: '48870b0fad529c24ec23948838d08134') in 0.0029799 seconds
Start importing Packages/com.unity.ugui/CHANGELOG.md using Guid(c851bee4305bddf438cc6ffc515991ce) (TextScriptImporter) -> (artifact id: '80aa7e1c8215b9d3824af55dd65c9c21') in 0.0023928 seconds
Start importing Packages/com.unity.multiplayer.center/Third Party Notices.md using Guid(c8f6fa942856442b8bd72594d3ce7363) (TextScriptImporter) -> (artifact id: 'f117005acc7b64b33c08eea913553eaf') in 0.0022026 seconds
Start importing Packages/com.unity.collab-proxy/Lib/Editor/Localization/guihelp.ko.txt using Guid(d82aed42d3f844894a9db69e57405e03) (TextScriptImporter) -> (artifact id: 'f322cf3ab89f1f606d72c5f8f4c25847') in 0.0036307 seconds
Start importing Packages/com.unity.modules.umbra/package.json using Guid(d85e5eeaf8f135aeaaebdc8aa3cff6c3) (PackageManifestImporter) -> (artifact id: '6d849251c9e4cdd9848460d7e0ea0550') in 0.0020318 seconds
Start importing Packages/com.unity.xr.core-utils/CHANGELOG.md using Guid(e86550dadb60245419b14c8eb438c00a) (TextScriptImporter) -> (artifact id: 'e081d479e3a9b6d52e7770156771fce9') in 0.0027447 seconds
Start importing Packages/com.unity.services.analytics/CHANGELOG.md using Guid(e819558f237bb434d943fb18e35dd243) (TextScriptImporter) -> (artifact id: '0a038ac553cb1c9e5e5289b0f5eedbb4') in 0.0032429 seconds
Start importing Packages/com.unity.nuget.newtonsoft-json/package.json using Guid(f8d4e5c2f2df25449ae8c391afbe5114) (PackageManifestImporter) -> (artifact id: '1ebf05e4d0c977e753304024401e5845') in 0.0022274 seconds
Start importing Packages/com.unity.collab-proxy/Lib/Editor/Localization/cm-help.zh-Hant.txt using Guid(29b1e9ffb25b74031b50a8221de97f8d) (TextScriptImporter) -> (artifact id: 'e5b1ebb6d15b2c416fc7467255c7294e') in 0.0026834 seconds
Start importing Packages/com.unity.xr.arcore/Third Party Notices.md using Guid(49bd78b66f5143f687ea8bab4dd8979b) (TextScriptImporter) -> (artifact id: '3308933f3babe4f77a3581a2d5dbfaa1') in 0.0027157 seconds
Start importing Packages/com.unity.collab-proxy/Lib/Editor/Localization/clientcommon.ja.txt using Guid(59cbf3334d6d341e7aa10e40a866ec08) (TextScriptImporter) -> (artifact id: '8bc1ffe096c1496479d50486e7d6081d') in 0.0023949 seconds
Start importing Packages/com.unity.collab-proxy/Lib/Editor/Localization/cm.en.txt using Guid(69ead5bd7679848fc9a97fa8b4195b87) (TextScriptImporter) -> (artifact id: '7ce4196802a2be26391564506c6a7e31') in 0.0029525 seconds
Start importing Packages/com.unity.collab-proxy/Lib/Editor/Localization/xdiff.zh-Hans.txt using Guid(794ad79b3d07f4ca58ab42f0cff5c9d3) (TextScriptImporter) -> (artifact id: 'f345cb0ffa18011de989a426a68c88a6') in 0.002471 seconds
Start importing Packages/com.unity.collab-proxy/Lib/Editor/FileSystemWatcherLicense.txt using Guid(992242bf8b23e574bbc95a128844c481) (TextScriptImporter) -> (artifact id: 'd61661bb14505898476df58ff3330b96') in 0.0025914 seconds
Start importing Assets/_Project/Map/README.md using Guid(a94fb300477322b41b1bb569beb538ba) (TextScriptImporter) -> (artifact id: 'ce2dfdd8fb59381f39238203f2f73683') in 0.0030437 seconds
Start importing Packages/com.unity.collab-proxy/Lib/Editor/Localization/mergetool.ko.txt using Guid(d96c656f30ddc4678ad028fdb55449c3) (TextScriptImporter) -> (artifact id: 'a73c731dc05741574bdf29a1230e1b1d') in 0.0028553 seconds
Start importing Packages/com.unity.inputsystem/ValidationExceptions.json using Guid(d9fe79419851eee4e8c90f7d0f934859) (TextScriptImporter) -> (artifact id: '00ae2ddc5213f4ed60f1dc84795fb4af') in 0.0020697 seconds
Start importing Packages/com.unity.modules.audio/package.json using Guid(e9df95f53f1c1d0c9199e235d6c42b50) (PackageManifestImporter) -> (artifact id: '14bdb854ae6daae762f5873a0a889a4a') in 0.0018232 seconds
Start importing Packages/com.unity.ext.nunit/LICENSE.md using Guid(f91a00d2dca52b843b2d50ccf750737d) (TextScriptImporter) -> (artifact id: '55298590a2352299e08e2ff1f27aa1b0') in 0.0023957 seconds
Start importing Packages/com.unity.modules.physics/package.json using Guid(1a4266815e998967becf686f9c71f0a6) (PackageManifestImporter) -> (artifact id: '4fbeefd29956a8cb2b920ec02d72eda6') in 0.002418 seconds
Start importing Packages/com.unity.collab-proxy/Lib/Editor/Localization/configurehelper.ja.txt using Guid(1a0694d6bd88642c9b2adc7ef6b59518) (TextScriptImporter) -> (artifact id: '5ec1f9e0feb178731ce142823eab9dac') in 0.0026969 seconds
Start importing Packages/com.unity.xr.management/CHANGELOG.md using Guid(1aeaeae5ea31643f89c63fb687563e05) (TextScriptImporter) -> (artifact id: '2db55f3f01ca44f8ccd91a2a13a861d8') in 0.0024221 seconds
Start importing Packages/com.unity.collab-proxy/Lib/Editor/Localization/plastic-gui.zh-Hant.txt using Guid(3a8f5c21be7674f6b8232ba08beedfa4) (TextScriptImporter) -> (artifact id: 'ac166984bcafb0c8ffa095d902396ecb') in 0.0028929 seconds
Start importing Packages/com.unity.timeline/CHANGELOG.md using Guid(4a0757ee0236f39489520769ae710288) (TextScriptImporter) -> (artifact id: 'cbaf2db4b74a9827f721675dd40c0e61') in 0.0028569 seconds
Start importing Packages/com.unity.collab-proxy/Lib/Editor/Localization/mergetool.zh-Hans.txt using Guid(5a3da995a095e476dacd429a81195602) (TextScriptImporter) -> (artifact id: 'c08992775c5fc28b9f0f7b237586ff3d') in 0.0022377 seconds
Start importing Packages/com.unity.xr.management/ValidationExceptions.json using Guid(5a5fb3c69ece94eadada0dacf019b141) (TextScriptImporter) -> (artifact id: '0dedd12de80a8910146b713a84843031') in 0.001975 seconds
Start importing Packages/com.unity.modules.vehicles/package.json using Guid(6afb166a156df2d20433d981f4bb2832) (PackageManifestImporter) -> (artifact id: '16ef665dac3746b447ea167f980da255') in 0.0020335 seconds
Start importing Packages/com.unity.inputsystem/InputSystem/Editor/ProjectWideActions/ProjectWideActionsTemplate.json using Guid(8a190d472354bb845973412ac9c5c477) (TextScriptImporter) -> (artifact id: '8830f73ccf807181142a7ab64bea514c') in 0.0026581 seconds
Start importing Packages/com.unity.services.core/README.md using Guid(9a0c99ca7bb84684fbf1df9c8f77e89f) (TextScriptImporter) -> (artifact id: '4b808d3e681c724d89d20d2a0554d94d') in 0.0020732 seconds
Start importing Packages/com.unity.collab-proxy/Lib/Editor/Localization/workspaceserver.ja.txt using Guid(ba3bd539c0d56488dbde76ca701d1771) (TextScriptImporter) -> (artifact id: 'be7625e559082982542ccca06f727ccf') in 0.0020603 seconds
Start importing Packages/com.unity.xr.arcore/README.md using Guid(ca7cd9760fe7e484da6af4dcfd7a3e85) (TextScriptImporter) -> (artifact id: 'e44d2e1fe7dc892792b8fad50acd8007') in 0.0020933 seconds
Start importing Packages/com.unity.inputsystem/InputSystem/Plugins/PlayerInput/DefaultInputActions.inputactions using Guid(ca9f5fa95ffab41fb9a615ab714db018) (ScriptedImporter) -> (artifact id: '496a9bb8fc0c44e7661b07a4f99c6b7b') in 0.0315122 seconds
Start importing Packages/com.unity.purchasing/ValidationConfig.json using Guid(da47ff85af73c48daac597fffda37594) (TextScriptImporter) -> (artifact id: '077975a32475479fd68bd9bd203c6234') in 0.0026074 seconds
Start importing Packages/com.unity.collab-proxy/Lib/Editor/Localization/workspaceserver.zh-Hans.txt using Guid(da3b9e545e5e0475d952e5604aec2d20) (TextScriptImporter) -> (artifact id: 'e43fee7ae7c65d47b015c477eec83a92') in 0.002426 seconds
Start importing Packages/com.unity.2d.tilemap/CHANGELOG.md using Guid(ea7e55ba5de304f4496c0a6f9114405c) (TextScriptImporter) -> (artifact id: 'd27d2aa324f705079a1920b325d2b051') in 0.0022842 seconds
Start importing Packages/com.unity.modules.unitywebrequestwww/package.json using Guid(fa27413e9edb06a6058d6c894eca0338) (PackageManifestImporter) -> (artifact id: '544e02c2e4fff416b5755915f1fd3dbb') in 0.0022066 seconds
Start importing Packages/com.unity.collab-proxy/Lib/Editor/Localization/i3.es.txt using Guid(0bc90b8d62e8b4c149f24005a8c952fe) (TextScriptImporter) -> (artifact id: 'f37c47489e28c860fa4f932b0d0d559c') in 0.0027652 seconds
Start importing Packages/com.unity.collab-proxy/Lib/Editor/Localization/semantic.ja.txt using Guid(1b0309336d5d24445a134e6864de91b8) (TextScriptImporter) -> (artifact id: '99496a22255d4c91bd60e7ec63dd1b04') in 0.0022381 seconds
Start importing Packages/com.unity.multiplayer.center/CHANGELOG.md using Guid(3bbd27b3dd7be4a74aeab8da6b0af5cc) (TextScriptImporter) -> (artifact id: 'b633de2c55fc0e0c2c63bfabd12d98df') in 0.0024447 seconds
Start importing Packages/com.unity.modules.unitywebrequestaudio/package.json using Guid(4b518b37798c97b0f860962cbf615533) (PackageManifestImporter) -> (artifact id: 'ef897d7e225c33dae9315c5417c1634d') in 0.0023058 seconds
Start importing Packages/com.unity.collab-proxy/Lib/Editor/Localization/images.ko.txt using Guid(7b89ac0e45bc74375b750336920a60a3) (TextScriptImporter) -> (artifact id: '09aae5009d8ea274c04fdf1e27f6297f') in 0.0024549 seconds
Start importing Packages/com.unity.collab-proxy/Lib/Editor/Localization/semantic.zh-Hant.txt using Guid(8b8de605417c342e597b910cbf5db226) (TextScriptImporter) -> (artifact id: 'ff5adfc13add694447cc73826c8cd8f8') in 0.0027646 seconds
Start importing Packages/com.unity.purchasing/CHANGELOG-ASSETSTORE.md using Guid(9be20068bd14d40f2a689bba2dbd89af) (TextScriptImporter) -> (artifact id: '363b67d1fa66cf8128feba1d1dad56b0') in 0.0024082 seconds
Start importing Packages/com.unity.modules.hierarchycore/package.json using Guid(9b1a5759726ef9d39a0ab82047b615f1) (PackageManifestImporter) -> (artifact id: '2c156e03cb13bcc2a06b8c9b0a7a8ac4') in 0.002471 seconds
Start importing Packages/com.unity.xr.core-utils/LICENSE.md using Guid(9b5a7485d962543458963dd97c8ecc9d) (TextScriptImporter) -> (artifact id: 'c108c89831e8caf562825a81bbc4842d') in 0.0023787 seconds
Start importing Packages/com.unity.collab-proxy/Third Party Notices.md using Guid(9bff32140d1498a4a9f6f18b09e8959c) (TextScriptImporter) -> (artifact id: '430803f2814ed39ee8662eda5328c091') in 0.0030303 seconds
Start importing Packages/com.unity.xr.management/LICENSE.md using Guid(abd74e060b6444ffe880023f0bc02e10) (TextScriptImporter) -> (artifact id: 'bb1f5fffe1cbb99286dde6ed27833759') in 0.0021008 seconds
Start importing Packages/com.unity.xr.arcore/ValidationExceptions.json using Guid(bbdee39292c5540209061b4639a5e8dc) (TextScriptImporter) -> (artifact id: '812021d338dae6aef9b9aaf86b054adb') in 0.0030477 seconds
Start importing Packages/com.unity.collab-proxy/ValidationConfig.json using Guid(cb3c9f5ba9ced5e4b99de1b3dbd68d09) (TextScriptImporter) -> (artifact id: 'd70107dc275928e21a49c184d7265fc5') in 0.0021751 seconds
Start importing Packages/com.unity.collab-proxy/Lib/Editor/Localization/mergetool.ja.txt using Guid(db6f3182134654dd498ebee12ca843af) (TextScriptImporter) -> (artifact id: '2aee2f7b77aac1dee7227167b14c4707') in 0.0026715 seconds
Start importing Packages/com.unity.collab-proxy/Lib/Editor/Localization/xdiff.en.txt using Guid(ebdd61faa5a2c45c787f1351a7adb665) (TextScriptImporter) -> (artifact id: '4fc8ac9404e69d6e1fa6d0428f67d80e') in 0.0022656 seconds
Start importing Assets/_Project/Networking/README.md using Guid(fbbe31302bc4d6e40af4b935bb543e6c) (TextScriptImporter) -> (artifact id: '2e9a4bb5dc1d89c695d884acae7b7c60') in 0.0033507 seconds
Start importing Packages/com.unity.ai.navigation/package.json using Guid(fbee67e09f48e4652bfa085460c895c7) (PackageManifestImporter) -> (artifact id: '5b43f89ad84f6d2fa93b7851edf6212c') in 0.0020057 seconds
Start importing Packages/com.unity.collab-proxy/Lib/Editor/Localization/semantic.zh-Hans.txt using Guid(0c3c75fb6cf9b42f8849264a300297fe) (TextScriptImporter) -> (artifact id: '10c6e38457088bb386cda469e42f13f7') in 0.0023338 seconds
Start importing Packages/com.unity.collab-proxy/Lib/Editor/Localization/guihelp.zh-Hans.txt using Guid(0ccd3915d220242f89cba2d1b4643e64) (TextScriptImporter) -> (artifact id: '54ed9adaefd277e754529a25a247b205') in 0.0024877 seconds
Start importing Packages/com.unity.collab-proxy/Lib/Editor/Localization/images.en.txt using Guid(1cc86432c1db1455eb241690e538fe3b) (TextScriptImporter) -> (artifact id: '3edd5c4e9ca8b623b7d05543f569f1d1') in 0.0028868 seconds
Start importing Packages/com.unity.modules.xr/package.json using Guid(2c814623cb42764d304be0c5ddd03ceb) (PackageManifestImporter) -> (artifact id: '5cf90f838d6837d1fee4108bf50e9644') in 0.0022385 seconds
Start importing Packages/com.unity.collab-proxy/Lib/Editor/Localization/differences.en.txt using Guid(3c2f0ca2d64084ba68f464f91a44eea5) (TextScriptImporter) -> (artifact id: '7d4572f3147d03aef623f796399f6bb4') in 0.0023701 seconds
Start importing Packages/com.unity.nuget.newtonsoft-json/Runtime/AOT/Newtonsoft.Json.xml using Guid(4c5640e415edbe342bbe339175268dfc) (TextScriptImporter) -> (artifact id: 'c7e6a9d03a5641b71f38638e5a36f35f') in 0.0034794 seconds
Start importing Packages/com.unity.collab-proxy/Lib/Editor/Localization/cm-help.ja.txt using Guid(4c08e6a0780d643598da0bb992e42b8b) (TextScriptImporter) -> (artifact id: '9b2d45420d21889bdad780cee866acc4') in 0.0036926 seconds
Start importing Packages/com.unity.xr.core-utils/package.json using Guid(4caaaba15559d47f7b3f773241c999af) (PackageManifestImporter) -> (artifact id: '654bb4244450f8dfb1fe458e024ce563') in 0.0025935 seconds
Start importing Packages/com.unity.timeline/ValidationExceptions.json using Guid(8c67d9fafab224c399c8eb76e0620f99) (TextScriptImporter) -> (artifact id: '2ecc25eb1dc3c757ca91c5ad90b33071') in 0.0022936 seconds
Start importing Packages/com.unity.xr.arfoundation/LICENSE.md using Guid(ac10132e358b28947a35981268d3ca57) (TextScriptImporter) -> (artifact id: '7fea889bc7bb1d36ff7551ac18b6678b') in 0.0026565 seconds
Start importing Packages/com.unity.analytics/CHANGELOG.md using Guid(bcd27da1c9ae94d2cafe094482a20792) (TextScriptImporter) -> (artifact id: '0228d002f7331acd8f3f4883797e124f') in 0.0031125 seconds
Start importing Assets/_Project/AR/README.md using Guid(bc34e9de5be269b49ac5e90aa13467c5) (TextScriptImporter) -> (artifact id: '69a8298c886d3e5591f424d1b7ed06e5') in 0.0033722 seconds
Start importing Packages/com.unity.analytics/Unity.Analytics.StandardEvents.xml using Guid(bce5ab19b9f5ec9e99e5c46ff665240b) (TextScriptImporter) -> (artifact id: '9b499e1e724cdadd3a7775d2df5b88fe') in 0.0034571 seconds
Start importing Packages/com.unity.ai.navigation/CHANGELOG.md using Guid(ccdfde25179bd45acb7145793b3b87f8) (TextScriptImporter) -> (artifact id: '74ce4ddfc15f58f269b01c85939f4d6b') in 0.0028433 seconds
Start importing Packages/com.unity.2d.tilemap/Third Party Notices.md using Guid(dcf0b2fc1fc794a9f919ec1610b03a1f) (TextScriptImporter) -> (artifact id: '80daa6489489cfc1b5e78b80c6770f9e') in 0.0034733 seconds
Start importing Packages/com.unity.modules.director/package.json using Guid(ec02776fe29df900b897106d61977735) (PackageManifestImporter) -> (artifact id: '050663fa3328fcc8ba0607ef180c9ff4') in 0.0021455 seconds
Start importing Packages/com.unity.services.core/LICENSE.md using Guid(0d41728ad423e904cb4aa8ee699c4e42) (TextScriptImporter) -> (artifact id: '64ef9e12542fdaab602693d94fe18ace') in 0.0020639 seconds
Start importing Packages/com.unity.collab-proxy/Lib/Editor/Localization/images.zh-Hant.txt using Guid(0da283bbdc6e44f4ba3dc2e3d75ca225) (TextScriptImporter) -> (artifact id: '8792c5ad6eec4fefb5b18b4754bac781') in 0.0022775 seconds
Start importing Packages/com.unity.collab-proxy/Lib/Editor/Localization/configurehelper.zh-Hant.txt using Guid(0d3f1486893d2444299cec6fac63fdbe) (TextScriptImporter) -> (artifact id: '754ea5f95ba836c56c4a9fc28668adf8') in 0.0029551 seconds
Start importing Packages/com.unity.xr.arfoundation/Assets/InputActions/XR Simulation Input Actions.inputactions using Guid(1dd796eaee8744b4aa41b3f8bf5df64f) (ScriptedImporter) -> (artifact id: 'd43c3ff26222c987cf74f08581cbdb41') in 0.0051657 seconds
Start importing Packages/com.unity.collab-proxy/Lib/Editor/Localization/workspaceserver.en.txt using Guid(3d160931f5a1d463cacc8e46051bac91) (TextScriptImporter) -> (artifact id: '6dab34dae7c4ef35e8cf3552d983fd67') in 0.0028197 seconds
Start importing Packages/com.unity.ugui/LICENSE.md using Guid(4d3d51749e989f747b2674e0b4d9b3d7) (TextScriptImporter) -> (artifact id: 'cc103b363d4f8f6cb9d80aeeee8cd348') in 0.0021099 seconds
Start importing Packages/com.unity.ext.nunit/README.md using Guid(5da62a0c1c5218c4aa16b74546a7822d) (TextScriptImporter) -> (artifact id: 'ebd2415c4602e9e8df3bcf5433f75a5e') in 0.0032493 seconds
Start importing Packages/com.unity.modules.terrain/package.json using Guid(6d56244f8c39a851975d3c0bd432c66f) (PackageManifestImporter) -> (artifact id: '7f03c5409fa603fad1c4d8ccf7d0f4c3') in 0.0020665 seconds
Start importing Packages/com.unity.2d.sprite/package.json using Guid(7dc5f1e5d04ac8549ac21802071e983b) (PackageManifestImporter) -> (artifact id: '99fb4afa595a4e17a63246f3857787ae') in 0.00223 seconds
Start importing Packages/com.unity.services.analytics/LICENSE.md using Guid(7d4fad7b206144b2997ef69de1ba61b1) (TextScriptImporter) -> (artifact id: 'a2c49639a06efba5372531eebf9a90fb') in 0.0021474 seconds
Start importing Packages/com.unity.collab-proxy/Lib/Editor/Localization/plastic-gui.ja.txt using Guid(8dc346ba856ba49aea0cae2c6fb63e9d) (TextScriptImporter) -> (artifact id: '8dcaf962c75c30d1b519fa024e432c57') in 0.0032597 seconds
Start importing Packages/com.unity.collab-proxy/Lib/Editor/Localization/i3.ko.txt using Guid(adcfd2a628cf24bc69a32a06e1e6d609) (TextScriptImporter) -> (artifact id: '9d8ff48ad4e36cce80728abc48aab4e2') in 0.0024981 seconds
Start importing Packages/com.unity.xr.arcore/Runtime/UnitySubsystemsManifest.json using Guid(bdc0fc7558fc23742854d796044f6cc7) (TextScriptImporter) -> (artifact id: '2a144bac89d6c4005f6e4b4395021aef') in 0.0019738 seconds
Start importing Packages/com.unity.modules.androidjni/package.json using Guid(bd1af0a6633ee94ae21c7d1d702cdc12) (PackageManifestImporter) -> (artifact id: 'e8484e022b3ccedd12256bf63c408f83') in 0.0021619 seconds
Start importing Packages/com.unity.collab-proxy/Lib/Editor/Localization/mergetool.en.txt using Guid(bd5f1c13809c1430398256ce75a55836) (TextScriptImporter) -> (artifact id: 'b0f61c95177f27bd7fb10540f1571d58') in 0.0027002 seconds
Start importing Packages/com.unity.ide.visualstudio/CONTRIBUTING.md using Guid(cd78ce5b75b8be84d8b94cd99903161f) (TextScriptImporter) -> (artifact id: '542e6d31e419f5fa86c170ffaf92cbe7') in 0.002483 seconds
Start importing Packages/com.unity.collab-proxy/Lib/Editor/Localization/basecommands.en.txt using Guid(fdcb46ea2f08d4174aae9f266754080b) (TextScriptImporter) -> (artifact id: '86be8c8481a9c86cb0a0e366a2cc924f') in 0.0024408 seconds
Start importing Packages/com.unity.collab-proxy/Lib/Editor/Localization/plastic-gui.es.txt using Guid(0e30f58f573775148b05a8c86715b527) (TextScriptImporter) -> (artifact id: 'f08dfbb74bea1a0d14cebb71a35faf9b') in 0.003675 seconds
Start importing Packages/com.unity.ugui/PackageConversionData_Assets.json using Guid(0e0afa652c0031c48896a97b424d027b) (TextScriptImporter) -> (artifact id: '804ed7b65d087f01b748fb71ecdd6f77') in 0.0023235 seconds
Start importing Packages/com.unity.test-framework/CONTRIBUTING.md using Guid(1e4cd6e3f4761c24fa9fdd4c97b3970b) (TextScriptImporter) -> (artifact id: '5749ac22bf637f7176613393f42b1e4c') in 0.0022378 seconds
Start importing Packages/com.unity.collab-proxy/Lib/Editor/Localization/plastic-gui.en.txt using Guid(1e6d3ecf959ad40459c4dce16a7b25c8) (TextScriptImporter) -> (artifact id: '8ac06b59d2debbe131062ebcf08a8205') in 0.002361 seconds
Start importing Packages/com.unity.collab-proxy/Lib/Editor/Localization/cm-help.zh-Hans.txt using Guid(2ebacf56c1e624ee79268c18346f16eb) (TextScriptImporter) -> (artifact id: '5d9281c624d98ce95ff6d45dcc4103c3') in 0.0033012 seconds
Start importing Packages/com.unity.test-framework/LICENSE.md using Guid(3ec7596410385054a9e0bc90377fbe63) (TextScriptImporter) -> (artifact id: '0186e104071661cdf600f060f6e90c25') in 0.0028496 seconds
Start importing Packages/com.unity.purchasing/README.md using Guid(4e733f2b557046139361b785c27d8ba2) (TextScriptImporter) -> (artifact id: 'ef812ae26adfe6e60548de88a78a1f05') in 0.0025481 seconds
Start importing Packages/com.unity.collab-proxy/Lib/Editor/Localization/basecommands.ko.txt using Guid(4e6cae1e91a544050a661ae2855d2f47) (TextScriptImporter) -> (artifact id: '94ebd59f057901c1a299471f68320a3c') in 0.0025333 seconds
Start importing Packages/com.unity.ide.rider/CONTRIBUTING.md using Guid(5e83f8baac96eaa47bdd9ca781cd2002) (TextScriptImporter) -> (artifact id: '041984fcabe5a30bdd447b4c42c667e1') in 0.0020082 seconds
Start importing Packages/com.unity.mathematics/ValidationExceptions.json using Guid(5ed727127196a4ecc90e24e2cd7af338) (TextScriptImporter) -> (artifact id: '4cc76c19a2de3daa0998756408ae203b') in 0.0028367 seconds
Start importing Packages/com.unity.timeline/LICENSE.md using Guid(6ecb9e17e44feb84cb80451fa27b09fe) (TextScriptImporter) -> (artifact id: '42f6d01e8910622af5b262b94e5a75a2') in 0.0026903 seconds
Start importing Packages/com.unity.modules.animation/package.json using Guid(7ef8348b8ea834d7e1bc214b07f7fb87) (PackageManifestImporter) -> (artifact id: '0ce165297b0905ed3c714c8d81c161e8') in 0.0033516 seconds
Start importing Packages/com.unity.2d.tilemap/README.md using Guid(8e2a754470eca3549bf5b80afcf34aa7) (TextScriptImporter) -> (artifact id: '73937ebb6efbd540a48f28ec9a5a20b0') in 0.002045 seconds
Start importing Packages/com.unity.collab-proxy/Editor/_Deprecated/README.md using Guid(9e56b150f059e654b911faff982eacf8) (TextScriptImporter) -> (artifact id: '3fdb1e7594b63f652d32d665d177ee85') in 0.0023415 seconds
Start importing Packages/com.unity.purchasing/Runtime/Stores/Android/GooglePlay/package.json using Guid(aee966c2a3479f841ae8ef29d0cfa262) (TextScriptImporter) -> (artifact id: 'dcebda53f14d3fe7a910adbbdc622258') in 0.0020908 seconds
Start importing Packages/com.unity.purchasing/LICENSE.md using Guid(eef99aad75894f6bbecc8c02230fea03) (TextScriptImporter) -> (artifact id: '50e280f4f62378134591e3728119addf') in 0.0019104 seconds
Start importing Packages/com.unity.nuget.newtonsoft-json/Runtime/Newtonsoft.Json.xml using Guid(fed01095b990a354289891ead909238f) (TextScriptImporter) -> (artifact id: '78863cb08051e72aa4c11ab2da890b46') in 0.0032132 seconds
Start importing Packages/com.unity.collab-proxy/Lib/Editor/Localization/clientcommon.ko.txt using Guid(fea7dac218f7f4522a87a01a0c3c53d0) (TextScriptImporter) -> (artifact id: '0bf03b6bd899d18189cfd0084013de9e') in 0.0044591 seconds
Start importing Packages/com.unity.xr.arfoundation/Runtime/UnitySubsystemsManifest.json using Guid(fe1f0c65f27a6914899cf43ea825652e) (TextScriptImporter) -> (artifact id: '77679728269187c68a1d8fdd4467fb83') in 0.0021603 seconds
Start importing Packages/com.unity.collab-proxy/Lib/Editor/Localization/differences.zh-Hant.txt using Guid(0fa7df26493184285aab742ad62c95c1) (TextScriptImporter) -> (artifact id: '3220e870a1d541d5597de2d3df287cac') in 0.0022401 seconds
Start importing Packages/com.unity.collab-proxy/Lib/Editor/Localization/xdiff.ko.txt using Guid(1f24336f68d45492daf4c81106fef3aa) (TextScriptImporter) -> (artifact id: 'e0f8161fcdaa530f5308c5159e9137fa') in 0.0022805 seconds
Start importing Packages/com.unity.collab-proxy/Lib/Editor/Localization/xdiff.ja.txt using Guid(1f47f388d466a499b9d9fa66f4eee75c) (TextScriptImporter) -> (artifact id: '5a0553227afee92d343ac458a2d4616d') in 0.0026053 seconds
Start importing Packages/com.unity.ide.visualstudio/LICENSE.md using Guid(1fe9e6e1ae93cf64bbdfbd29300752e1) (TextScriptImporter) -> (artifact id: 'a93d22ec2e92005beaa2c8ad0c1a7aef') in 0.0030611 seconds
Start importing Packages/com.unity.collab-proxy/Lib/Editor/Localization/configurehelper.es.txt using Guid(2fde7e5b694b24190a8efa287e8ebafd) (TextScriptImporter) -> (artifact id: 'e4b2084678cc739fc777dd3af0a70841') in 0.00231 seconds
Start importing Packages/com.unity.modules.unitywebrequest/package.json using Guid(3fdd83b151eb8d25c5e2f82fc39dcb04) (PackageManifestImporter) -> (artifact id: 'dd8e3d3d718b3295cafb73aeafc2d7e8') in 0.0022255 seconds
Start importing Packages/com.unity.modules.uielements/package.json using Guid(4f0f9b9f3ed97ad2b9ba8f1a8e4666c2) (PackageManifestImporter) -> (artifact id: 'cc3454a6874bf9fdc20707a52facedc0') in 0.0023096 seconds
Start importing Packages/com.unity.ai.navigation/README.md using Guid(6fc2b2cf518e540319637f5c5c573d3a) (TextScriptImporter) -> (artifact id: '47c7598b710f335f7016b41369f0f941') in 0.0023895 seconds
Start importing Packages/com.unity.editorcoroutines/LICENSE.md using Guid(7fd8423f910d2394b8580e2705aa247a) (TextScriptImporter) -> (artifact id: '6ecea59619def028b2ddbadee5ef4c87') in 0.0019498 seconds
Start importing Packages/com.unity.collab-proxy/Lib/Editor/Localization/clientcommon.zh-Hant.txt using Guid(8fc7e1799af624ff6a5215018d3e092b) (TextScriptImporter) -> (artifact id: 'e6bac54890c2a7e5f3ec3a8ad9fcc64a') in 0.0020689 seconds
Start importing Packages/com.unity.collab-proxy/Lib/Editor/Localization/semantic.es.txt using Guid(9f1543f841f7a40b09eef3c7523d3b26) (TextScriptImporter) -> (artifact id: '049c01ee51bca39ee36b510b9bbe21c5') in 0.0031027 seconds
Start importing Packages/com.unity.ai.navigation/LICENSE.md using Guid(af8f9a7f066204789819c6a616afe2c0) (TextScriptImporter) -> (artifact id: 'af9faaf49f00620cedd4938cd03ac155') in 0.0020253 seconds
Start importing Packages/com.unity.modules.ui/package.json using Guid(bfd567a3d1631a761bca9e99fa53d86d) (PackageManifestImporter) -> (artifact id: 'b6a9b41c4f747864b57f61357f87e39b') in 0.0017016 seconds
Start importing Packages/com.unity.ext.nunit/Third Party Notices.md using Guid(bfcb3ba499f7d452b92d9a9cc3378788) (TextScriptImporter) -> (artifact id: 'a0ad95160bf24b81a3492900b4dce76e') in 0.0022126 seconds
Start importing Packages/com.unity.xr.core-utils/README.md using Guid(df83f61781a2d4393bf924c388c7b024) (TextScriptImporter) -> (artifact id: '166e9532492673a2354734ac6078aafc') in 0.0025001 seconds
Start importing Packages/com.unity.multiplayer.center/package.json using Guid(df0857f6a11054383be91b1f8e1b5800) (PackageManifestImporter) -> (artifact id: 'e7b3dfbf5d1084f826e9caad5c0d6795') in 0.0020345 seconds
Start importing Packages/com.unity.analytics/DataPrivacy/DataPrivacyButton.prefab using Guid(71b11355001648444b41d17fd36c150d) (PrefabImporter) -> (artifact id: 'd0f5db0ae9a2d570cb566df87ea3ad73') in 0.0231013 seconds
Start importing Packages/com.unity.xr.legacyinputhelpers/Prefabs/XRRig.prefab using Guid(c116b7497ab8ca34c9188965d4295e27) (PrefabImporter) -> (artifact id: '48c8d39ef944cfe436824ae777258f6e') in 0.011402 seconds
Start importing Packages/com.unity.xr.arfoundation/Assets/Prefabs/AnchorTransform.prefab using Guid(779f5eab1277241d6b58ee2c44909b20) (PrefabImporter) -> (artifact id: 'f993ca228d33db2a5cf0baaa1b60aaac') in 0.0072953 seconds
Start importing Packages/com.unity.xr.arfoundation/Assets/Prefabs/DefaultSimulationEnvironment.prefab using Guid(c7b92c392902f4043a03a64032c02fe1) (PrefabImporter) -> (artifact id: 'f1a1b00840f88dcccb0e6f9cc9d30f32') in 0.0099426 seconds
Start importing Packages/com.unity.xr.arfoundation/Assets/Prefabs/OriginTransform.prefab using Guid(78be84f5d3a3c41f9ab0093b3f712a4e) (PrefabImporter) -> (artifact id: 'a0e86fb2457489f678e3919e017d4163') in 0.0043679 seconds
Start importing Packages/com.unity.xr.arfoundation/Assets/Prefabs/ARPointCloud.prefab using Guid(2a91e1f16d3bef84eb6c25e4c6a63fdb) (PrefabImporter) -> (artifact id: '01f2f5615e046f7ddc79757d7bf27098') in 0.0205158 seconds
Start importing Packages/com.unity.xr.arfoundation/Assets/Prefabs/DebugLineRenderer.prefab using Guid(6a8d857d8706540509e4fcd02ea92f74) (PrefabImporter) -> (artifact id: '144b551f9afb7c970d3469a8b2d54368') in 0.0045371 seconds
Start importing Packages/com.unity.xr.arfoundation/Assets/Prefabs/DebugMenu.prefab using Guid(ef3886a9667424aedaa5b3b3e1285dbb) (PrefabImporter) -> (artifact id: 'fcace338db54ffd4e1801e3792db9851') in 0.0336168 seconds
Start importing Packages/com.unity.collab-proxy/Editor/Assets/Styles/Base.uss using Guid(bdf4f3d05dd541fa829ffa06bfbc8d0c) (ScriptedImporter) -> (artifact id: 'f60e05da1811d22c820f4d373d1ce143') in 0.0442835 seconds
Start importing Packages/com.unity.collab-proxy/Editor/Assets/Styles/DownloadPlasticExeDialog.uss using Guid(3073089003718474ab284d743790fbb2) (ScriptedImporter) -> (artifact id: '26a78796179405e7d3fe24faa6313dac') in 0.0127135 seconds
Start importing Packages/com.unity.services.core/Editor/Core/Environments/UI/Assets/EnvironmentSelectorUi.uss using Guid(70a510401d114452a9dc4a53f35f6bfc) (ScriptedImporter) -> (artifact id: 'ef8ccbcf1e64c031b728d91a5bf440ac') in 0.0045187 seconds
Start importing Packages/com.unity.collab-proxy/Editor/Assets/Styles/WaitingSignInPanel.uss using Guid(90945345530e7174eb4f0575a0bec0bf) (ScriptedImporter) -> (artifact id: '984c59e05a041d73811390c4434c835a') in 0.0040362 seconds
Start importing Packages/com.unity.collab-proxy/Editor/Assets/Styles/ProgressControlsForDialogs.uss using Guid(e05b9be8556f5ae41aa78140b83146d5) (ScriptedImporter) -> (artifact id: '3cc2275fde8fddfa183f4937542b403d') in 0.0063409 seconds
Start importing Packages/com.unity.multiplayer.center/Editor/MultiplayerCenterWindow/UI/light.uss using Guid(f1ac2efb1bcd4dfd95dc196ed3c11367) (ScriptedImporter) -> (artifact id: '87eef426846d5b4b7c75f29464215ebc') in 0.0188196 seconds
Start importing Packages/com.unity.services.core/Editor/Core/Environments/UI/Assets/EnvironmentDropdown.uss using Guid(42a0b66a9be7b4cf589ea1f73e59d3a3) (ScriptedImporter) -> (artifact id: '1f688d725bc503cb601c96b24f5014df') in 0.0035549 seconds
Start importing Packages/com.unity.purchasing/Editor/ServiceProjectSettings/UI/StyleSheets/ServicesProjectSettingsDark.uss using Guid(626c73531ebd8114e8ec291868c11324) (ScriptedImporter) -> (artifact id: 'f170733f60b4bc1a25226e69eb20c298') in 0.00937 seconds
Start importing Packages/com.unity.timeline/Editor/StyleSheets/Extensions/dark.uss using Guid(5393cdb70614ab24f94f78bfcf5d1455) (ScriptedImporter) -> (artifact id: '358b053e69d539f18af36e4d9719d4cf') in 0.0049361 seconds
Start importing Packages/com.unity.ai.navigation/Editor/ConversionSystem/converter_widget.uss using Guid(63cb84b97408b4d25a6925daccffcd22) (ScriptedImporter) -> (artifact id: '9f2a56a83a810b427360d004488500bc') in 0.0037166 seconds
Start importing Packages/com.unity.2d.tilemap/Editor/UI/GridPaintPaletteWindowLight.uss using Guid(73653b679fcd4ba6941afb0cda629d09) (ScriptedImporter) -> (artifact id: '644179d72ea7ca1c43fcf89085dd374e') in 0.0035753 seconds
Start importing Packages/com.unity.collab-proxy/Editor/Assets/Styles/SignInWithEmailPanel.uss using Guid(b37675bc656348c429a6c56b2eda1345) (ScriptedImporter) -> (artifact id: '51fdbc2e57db41491500d723283fa4ac') in 0.003899 seconds
Start importing Packages/com.unity.purchasing/Editor/ServiceProjectSettings/UI/StyleSheets/ServicesProjectSettingsCommon.uss using Guid(2435e8171140b76409f69db86db0af41) (ScriptedImporter) -> (artifact id: 'b2fbbbb37abfa2e14d19fcaccf803bb6') in 0.0096505 seconds
Start importing Packages/com.unity.collab-proxy/Editor/Assets/Styles/OrganizationPanel.uss using Guid(642639f75f2dfbd4ab01e6708b58f304) (ScriptedImporter) -> (artifact id: '199d410b77f5c8fd1115c362bd7c24c5') in 0.004665 seconds
Start importing Packages/com.unity.services.core/Editor/Core/UiHelpers/USS/PlatformSupportVisualDark.uss using Guid(d4f6a83cd2a8c40ce97bda4199084fbc) (ScriptedImporter) -> (artifact id: 'f31e3d2603e102caf2fe495d26250db8') in 0.0035579 seconds
Start importing Packages/com.unity.2d.sprite/Editor/UI/SpriteEditor/SpriteEditorToolbar.uss using Guid(35f4ee23cc5e408190298151beab219a) (ScriptedImporter) -> (artifact id: 'f0f9a34d1ae3046f00b9906a3720d8b6') in 0.0062559 seconds
Start importing Packages/com.unity.xr.core-utils/Editor/BuildingBlocks/BuildingBlockOverlay.uss using Guid(45e5e12ffcaf7fe4181677c973b8e373) (ScriptedImporter) -> (artifact id: '8479d61dcbc8c8e6e97e9a5477e6e454') in 0.0037524 seconds
Start importing Packages/com.unity.2d.sprite/Editor/UI/SpriteEditor/SpriteOutlineToolOverlayPanelStyle.uss using Guid(453cfcbf89b424ad9a293b19d1e3d4bb) (ScriptedImporter) -> (artifact id: 'a817215f826e2f8ff4de253b660b404b') in 0.0046342 seconds
Start importing Packages/com.unity.services.core/Editor/Core/Environments/UI/Assets/EnvironmentView_style.uss using Guid(65ea1516d975048d59571ca8c47688a9) (ScriptedImporter) -> (artifact id: '893a981b17aacb26fc2ead3f887ec210') in 0.0038352 seconds
Start importing Packages/com.unity.purchasing/Editor/ServiceProjectSettings/UI/StyleSheets/PlatformSupportVisualDark.uss using Guid(85d7db48c22668e488e23d32d62dc375) (ScriptedImporter) -> (artifact id: 'a6aea8fd6e62f29a29f27441cb8b5cda') in 0.0032972 seconds
Start importing Packages/com.unity.services.core/Editor/Core/ProjectBindRedirect/USS/ProjectBindRedirectProjectSettings.uss using Guid(859a95323373144b7a6b438edfc6ee56) (ScriptedImporter) -> (artifact id: '6a7f3d112612729457471ff4eb6f5e02') in 0.0035961 seconds
Start importing Packages/com.unity.services.core/Editor/Core/UiHelpers/USS/PlatformSupportVisualLight.uss using Guid(c56cb2f61c79e4427b47e2dedd499d46) (ScriptedImporter) -> (artifact id: '71e43c0fa73ca6e9eecc00a52174370c') in 0.0032311 seconds
Start importing Packages/com.unity.services.analytics/Editor/Tools/DebugPanelStylesLight.uss using Guid(e52cc1fcf2af9374c8ce0fe21f3ba3bc) (ScriptedImporter) -> (artifact id: 'b6f411f3cdacf88da411b77ed681ef1b') in 0.0034142 seconds
Start importing Packages/com.unity.collab-proxy/Editor/Assets/Styles/SignInPanel.uss using Guid(c673e4e20ea67ab40a4661592f51aa99) (ScriptedImporter) -> (artifact id: 'ad0b4ac66d6a6e086640a71cc370d0e8') in 0.0043026 seconds
Start importing Packages/com.unity.services.analytics/Editor/Tools/DebugPanelStylesDark.uss using Guid(18d4f34ad7671a449b06df2eba77fd35) (ScriptedImporter) -> (artifact id: '0d330a47c1fb6fca3aec717c5b91bc00') in 0.0036473 seconds
Start importing Packages/com.unity.collab-proxy/Editor/Assets/Styles/TabView.uss using Guid(88da5407899aaaf448a40c85888108ae) (ScriptedImporter) -> (artifact id: '9d039395b2013dd20c08c3a62c4b0ba6') in 0.0037172 seconds
Start importing Packages/com.unity.purchasing/Editor/ServiceProjectSettings/UI/StyleSheets/ServicesProjectSettingsLight.uss using Guid(b84a2474ed59eb343b6599f94684c6e9) (ScriptedImporter) -> (artifact id: '53bd0ba34f140c250e8b29862b0519a0') in 0.0046941 seconds
Start importing Packages/com.unity.multiplayer.center/Editor/MultiplayerCenterWindow/UI/dark.uss using Guid(1984cd07fe96417f9e88f5771f6b4b32) (ScriptedImporter) -> (artifact id: '9af531bce68df6a90a579c869a3cc3f6') in 0.006762 seconds
Start importing Packages/com.unity.2d.sprite/Editor/SpriteEditor/SpriteEditorHintPopup/SpriteEditorHintPopup.uss using Guid(69524ff72550482dbe2ad3ae26b7f797) (ScriptedImporter) -> (artifact id: '4be298719b3268da6336591505f07238') in 0.0033422 seconds
Start importing Packages/com.unity.services.core/Editor/Core/ProjectBindRedirect/USS/ProjectBindRedirectPopupCommon.uss using Guid(990ecbe74fdfe264c984fd5827e08cfe) (ScriptedImporter) -> (artifact id: 'b8ac6b6d48766b9580693c808682ddf4') in 0.0038405 seconds
Start importing Packages/com.unity.timeline/Editor/StyleSheets/Extensions/light.uss using Guid(e98085123be873947970c4f10099a39a) (ScriptedImporter) -> (artifact id: '9a6ea983e6109f8c87cf4e3aad9039dd') in 0.005392 seconds
Start importing Packages/com.unity.services.core/Editor/Core/UiHelpers/USS/SliderToggleCommon.uss using Guid(1a303738ae14b4b0c8a513889c711eea) (ScriptedImporter) -> (artifact id: 'cf24f88a694c23dc184a83a681782676') in 0.0034878 seconds
Start importing Packages/com.unity.2d.tilemap/Editor/UI/TilePaletteOverlayLight.uss using Guid(2a208840b98c7aa46a99ed3517e86d98) (ScriptedImporter) -> (artifact id: '82acf2043b0b7c6fdd1802d6b0f27114') in 0.0039403 seconds
Start importing Packages/com.unity.2d.tilemap/Editor/UI/GridPaintPaletteWindowDark.uss using Guid(2af7a09b750644968bf66758786d99d9) (ScriptedImporter) -> (artifact id: 'de0881617cc4e04a98d445f50e8ca2e3') in 0.0030606 seconds
Start importing Packages/com.unity.2d.tilemap/Editor/UI/External/RenameableLabel.uss using Guid(7a5950bc69d34eaa8b69e23a0219af0e) (ScriptedImporter) -> (artifact id: '60d1663429eba32dfdf9391913f229c1') in 0.0037066 seconds
Start importing Packages/com.unity.services.core/Editor/Core/UiHelpers/USS/PlatformSupportVisualCommon.uss using Guid(9adf428799cec421caeecd93d938c500) (ScriptedImporter) -> (artifact id: '23a2f87396a8bffcb66c631187c596ea') in 0.0034629 seconds
Start importing Packages/com.unity.services.analytics/Editor/Tools/DebugPanelStyles.uss using Guid(aa0c67bb08888624b86deb74de3ddba0) (ScriptedImporter) -> (artifact id: '6d5b2d049888035bcdd0a5763e22be83') in 0.0073395 seconds
Start importing Packages/com.unity.multiplayer.center/Editor/MultiplayerCenterWindow/UI/MultiplayerCenterWindow.uss using Guid(bac00d6e07f0b4305bb395363c89d92b) (ScriptedImporter) -> (artifact id: 'cfb52f3ccaf0dd629880d41459d0d6e6') in 0.0165234 seconds
Start importing Packages/com.unity.services.core/Editor/Core/ProjectBindRedirect/USS/ProjectBindRedirectPopupDark.uss using Guid(4b167fb836933974a9ab0b380bec5b98) (ScriptedImporter) -> (artifact id: '933f809a3c3ab37be998d61fe2877b55') in 0.0036828 seconds
Start importing Packages/com.unity.services.core/Editor/Core/EditorGameService/USS/ServicesProjectSettingsCommon.uss using Guid(5b82a86adaaeb4c0786b09f4f5b9065a) (ScriptedImporter) -> (artifact id: '40a0f15cde05fdc7f88597a790d06416') in 0.0044405 seconds
Start importing Packages/com.unity.purchasing/Editor/ServiceProjectSettings/UI/StyleSheets/PlatformSupportVisualLight.uss using Guid(bb40ae15550bc0d4da476860ada8bc46) (ScriptedImporter) -> (artifact id: '46e037c392de794cf7d7ec60f4a08ce4') in 0.0032022 seconds
Start importing Packages/com.unity.services.core/Editor/Core/EditorGameService/USS/ServicesProjectSettingsLight.uss using Guid(ebe4630c4fee24fa99c02c62897bfcb9) (ScriptedImporter) -> (artifact id: 'b6c61c51e22b141bd52e4560af16e837') in 0.0030767 seconds
Start importing Packages/com.unity.collab-proxy/Editor/Assets/Styles/TeamEditionConfigurationWindow.uss using Guid(1cd69f37df825af4385cd9efe745fc30) (ScriptedImporter) -> (artifact id: '11e3addc9828f3321b63f03161da72e2') in 0.0042299 seconds
Start importing Packages/com.unity.services.core/Editor/Core/ProjectBindRedirect/USS/ProjectBindRedirectPopupLight.uss using Guid(7c83fba134eed5642bd60711033a2758) (ScriptedImporter) -> (artifact id: '845b1aa21eb04832542c4eb9364e57d2') in 0.0033758 seconds
Start importing Packages/com.unity.inputsystem/InputSystem/Editor/UITKAssetEditor/PackageResources/InputAssetEditorDark.uss using Guid(cca9ce0c8554d5244930f14c21489ac1) (ScriptedImporter) -> (artifact id: '4a6f3fac3f0c4a05697b5a7d3ffc2e76') in 0.0033735 seconds
Start importing Packages/com.unity.2d.tilemap/Editor/UI/GridPaintPaletteWindow.uss using Guid(ecc64bf4ebc64e2d8487b3a631c5113c) (ScriptedImporter) -> (artifact id: '4a23c748b812880b9219cf4510757b04') in 0.0039395 seconds
Start importing Packages/com.unity.2d.tilemap/Editor/UI/External/GridView.uss using Guid(2d273e946d0b400a8bc9d2cb4c1946c9) (ScriptedImporter) -> (artifact id: '8c9514aff4d9107bbd38ffa4149c1cf4') in 0.0037211 seconds
Start importing Packages/com.unity.2d.tilemap/Editor/UI/TilePaletteOverlay.uss using Guid(7d4067dd1e595a64aa7286438069d37c) (ScriptedImporter) -> (artifact id: 'e9f78c4b42a04c399ff60e2287a9a1d8') in 0.0086861 seconds
Start importing Packages/com.unity.inputsystem/InputSystem/Editor/UITKAssetEditor/PackageResources/InputActionsEditorStyles.uss using Guid(7dac9c49a90bca4499371d0adc9b617b) (ScriptedImporter) -> (artifact id: '36f36c0f3d1b9e629083cc421fdda227') in 0.0056505 seconds
Start importing Packages/com.unity.services.core/Editor/Core/EditorGameService/USS/ServicesProjectSettingsDark.uss using Guid(8d3c945b112744efda5b766100f90895) (ScriptedImporter) -> (artifact id: '6cda76cf3f21fd2d44facd97f0cec0f6') in 0.0034526 seconds
Start importing Packages/com.unity.purchasing/Editor/ServiceProjectSettings/UI/StyleSheets/PlatformSupportVisualCommon.uss using Guid(8dfdbd3e458f56844b5524e2175d8ca1) (ScriptedImporter) -> (artifact id: '6b349deeba37b67fe8e61aa8a7c10fb7') in 0.0041129 seconds
Start importing Packages/com.unity.timeline/Editor/StyleSheets/Extensions/common.uss using Guid(ada555936059fa149bb48537842ee230) (ScriptedImporter) -> (artifact id: '280eee37c0837d750f7e294d4d69b701') in 0.0084439 seconds
Start importing Packages/com.unity.2d.tilemap/Editor/UI/TilePaletteOverlayDark.uss using Guid(edca8f45c1127f147b3fa62aad3ed9c1) (ScriptedImporter) -> (artifact id: 'f8f23ab18deabd561768a46a395ebdff') in 0.0038953 seconds
Start importing Packages/com.unity.timeline/Editor/StyleSheets/ClipInspector.uss using Guid(eded20d65a4c8a7489e4df3772953e51) (ScriptedImporter) -> (artifact id: 'b5e8f582f215eba494f6ff002eb06a7d') in 0.0033696 seconds
Start importing Packages/com.unity.2d.sprite/Editor/UI/SpriteEditor/SpriteEditor.uss using Guid(fd3d7c275a0958b4fa0f26a0ee9b8481) (ScriptedImporter) -> (artifact id: '696a9532e0292ef01b228231ad85ef99') in 0.0059086 seconds
Start importing Packages/com.unity.ai.navigation/Editor/ConversionSystem/converter_editor.uss using Guid(3eb99c80b411349188e1e5167887ac6c) (ScriptedImporter) -> (artifact id: '5cd23d48da9d8c72f3249bea3ea4bce8') in 0.0035442 seconds
Start importing Packages/com.unity.inputsystem/InputSystem/Editor/UITKAssetEditor/PackageResources/InputAssetEditorLight.uss using Guid(5e7024ed0fd03984289320d04507bc0c) (ScriptedImporter) -> (artifact id: '5241a346e71b195f3681ee2b146d0f6f') in 0.0029289 seconds
Start importing Packages/com.unity.inputsystem/InputSystem/Editor/UITKAssetEditor/PackageResources/ControlSchemeEditor.uxml using Guid(303ef5b13740f9a4db252c50122d2c62) (ScriptedImporter) -> (artifact id: '694c61ee5e8fb3fdc72d1ec2d6b46397') in 0.0301148 seconds
Start importing Packages/com.unity.services.core/Editor/Core/UiHelpers/UXML/ExceptionVisual.uxml using Guid(9021ecdbba26e420baa115f09cb56091) (ScriptedImporter) -> (artifact id: 'a0cabdc1b18e9ada5453307d5ab76d06') in 0.0056493 seconds
Start importing Packages/com.unity.collab-proxy/Editor/Assets/Layouts/TabView.uxml using Guid(d0a8e201e79e1f441bdf295aef957220) (ScriptedImporter) -> (artifact id: 'beb9cefbab51abab2ceeddbf8a1da82e') in 0.003784 seconds
Start importing Packages/com.unity.2d.sprite/Editor/UI/SpriteEditor/SpriteFrameModuleInspector.uxml using Guid(d02b5650e6e0b4c45ab18d5a1d1fce97) (ScriptedImporter) -> (artifact id: 'b5a098a3727dc3e96fd185452a885773') in 0.0084276 seconds
Start importing Packages/com.unity.collab-proxy/Editor/Assets/Layouts/WaitingSignInPanel.uxml using Guid(913c727eecab25c489fa2adbad9c9ab8) (ScriptedImporter) -> (artifact id: '26a646299abf6206e8c73493e381f6a8') in 0.0037659 seconds
Start importing Packages/com.unity.purchasing/Editor/ServiceProjectSettings/UI/UXML/AnalyticsWarning.uxml using Guid(e19dce4e8a4c4ef58fe19536b828cc63) (ScriptedImporter) -> (artifact id: '7a4445d06f68448e65f95ca22a149294') in 0.0040155 seconds
Start importing Packages/com.unity.collab-proxy/Editor/Assets/Layouts/SignInWithEmailPanel.uxml using Guid(0229db2477529f049aa3683cfba9d23b) (ScriptedImporter) -> (artifact id: 'd0d2c6b6f88a1d7ebc4e31c718da6922') in 0.00408 seconds
Start importing Packages/com.unity.2d.sprite/Editor/UI/SpriteEditor/SpriteOutlineToolOverlayPanel.uxml using Guid(822efcfdd5f5a45e99513239c9c1859f) (ScriptedImporter) -> (artifact id: '12044626a50e6ea9ad65f3f374adb8af') in 0.0089311 seconds
Start importing Packages/com.unity.purchasing/Editor/ServiceProjectSettings/UI/UXML/PlatformSupportVisual.uxml using Guid(c3366f3483b39407d88aaf60004a65f4) (ScriptedImporter) -> (artifact id: '20043d0a177355a1c0de45b9667ab925') in 0.0046098 seconds
Start importing Packages/com.unity.services.core/Editor/Core/ProjectBindRedirect/UXML/ProjectBindRedirectContent.uxml using Guid(c3ea97ea17d794d399434834be23ac62) (ScriptedImporter) -> (artifact id: 'aa08bcee0d7297389b1d330db7ffae50') in 0.0044853 seconds
Start importing Packages/com.unity.inputsystem/InputSystem/Editor/UITKAssetEditor/PackageResources/BindingPanelRowTemplate.uxml using Guid(449c8e5ca27af8e4a9db710c8be5e4df) (ScriptedImporter) -> (artifact id: 'ddae868447ebd759a46d37a6f30a459c') in 0.005211 seconds
Start importing Packages/com.unity.purchasing/Editor/ServiceProjectSettings/UI/UXML/GooglePlayConfiguration.uxml using Guid(2551410ce2168804cb697138fe0062ec) (ScriptedImporter) -> (artifact id: '201576350ee4a786c5f10b283e8c0abb') in 0.0057309 seconds
Start importing Packages/com.unity.services.core/Editor/Core/Environments/UI/Assets/EnvironmentDropdown.uxml using Guid(25817525973c443a8af59ddd3933b035) (ScriptedImporter) -> (artifact id: '92ac76d0082278438ce89021eea78fa7') in 0.0051506 seconds
Start importing Packages/com.unity.inputsystem/InputSystem/Editor/UITKAssetEditor/PackageResources/InputActionsTreeViewItem.uxml using Guid(452df07a8ad0c944c879a484d5890e61) (ScriptedImporter) -> (artifact id: '94c4fa38fd14f805bf3a7c985678514e') in 0.0054234 seconds
Start importing Packages/com.unity.inputsystem/InputSystem/Editor/UITKAssetEditor/PackageResources/InputActionsProjectSettings.uxml using Guid(75a33987e21d5ac449deecea3dcd864f) (ScriptedImporter) -> (artifact id: 'f429e866ea25c5fb46495e447aabf9d9') in 0.0062602 seconds
Start importing Packages/com.unity.collab-proxy/Editor/Assets/Layouts/TeamEditionConfigurationWindow.uxml using Guid(26d3a583da6079145a52a8bef4beb6c5) (ScriptedImporter) -> (artifact id: '5cb628595b0a6288f7b0244b6a01da55') in 0.0049208 seconds
Start importing Packages/com.unity.collab-proxy/Editor/Assets/Layouts/OrganizationPanel.uxml using Guid(b6420407edc75d04f89d57eb2fcc314b) (ScriptedImporter) -> (artifact id: 'fbcfb2c80094cd0225475b87cb6e8792') in 0.0082169 seconds
Start importing Packages/com.unity.inputsystem/InputSystem/Editor/UITKAssetEditor/PackageResources/InputActionsEditor.uxml using Guid(c662e0d3cc3c4f948808f9847f715ef2) (ScriptedImporter) -> (artifact id: '43878bd4d062ac98513246e4599f294a') in 0.0150968 seconds
Start importing Packages/com.unity.ai.navigation/Editor/ConversionSystem/converter_widget_item.uxml using Guid(d6de7697d63d64fabbfb31425d93541e) (ScriptedImporter) -> (artifact id: '07742f2dd24c97a51bddd9e95a299cb3') in 0.0044013 seconds
Start importing Packages/com.unity.purchasing/Editor/ServiceProjectSettings/UI/UXML/CatalogEditor.uxml using Guid(272fc8157ba0fdf4a97aac7ba51e3c74) (ScriptedImporter) -> (artifact id: '421a1d8ba19f6a070256c5a2c1a63341') in 0.0035362 seconds
Start importing Packages/com.unity.services.core/Editor/Core/UiHelpers/UXML/PleaseWait.uxml using Guid(b7ecf3a3ec1c94010a20351870519493) (ScriptedImporter) -> (artifact id: 'cce2239d99719868cd61653de2670d76') in 0.0035269 seconds
Start importing Packages/com.unity.services.core/Editor/Core/Environments/UI/Assets/EnvironmentView.uxml using Guid(c7b962ececa7141c3b769f4ffa78ac1c) (ScriptedImporter) -> (artifact id: 'c4e00f3fb3fed84db03767cd809802a8') in 0.0041306 seconds
Start importing Packages/com.unity.purchasing/Editor/ServiceProjectSettings/UI/UXML/AppleConfiguration.uxml using Guid(f74b7aed2cfccd044bd4d0908bec180f) (ScriptedImporter) -> (artifact id: '9cff878a2eb00e48ee1dd891cfa01c58') in 0.00376 seconds
Start importing Packages/com.unity.collab-proxy/Editor/Assets/Layouts/SignInPanel.uxml using Guid(18b097dd2d10fb442a321314f4541401) (ScriptedImporter) -> (artifact id: '3bbe442d52630decc5d22f96953b8c2d') in 0.0043203 seconds
Start importing Packages/com.unity.services.core/Editor/Core/ProjectBindRedirect/UXML/ProjectBindRedirectProjectSettings.uxml using Guid(1979fd426439544d792c9d2cb653aaa3) (ScriptedImporter) -> (artifact id: 'f60cba242dd5e42d73321ea44ceac2e5') in 0.0048622 seconds
Start importing Packages/com.unity.services.core/Editor/Core/UiHelpers/UXML/ProjectSettingsCommonHeader.uxml using Guid(d93845e99ca3b42d0aecd4ab938a1342) (ScriptedImporter) -> (artifact id: 'e8e230e92d4b146f28ccaf4217e31f35') in 0.0040041 seconds
Start importing Packages/com.unity.ai.navigation/Editor/ConversionSystem/converter_widget.uxml using Guid(aaa3e510761864dac9b71f85526490d6) (ScriptedImporter) -> (artifact id: 'ba40328a24e84e7c42d57573ceae9b7b') in 0.0053312 seconds
Start importing Packages/com.unity.inputsystem/InputSystem/Editor/UITKAssetEditor/PackageResources/CompositeBindingPropertiesEditor.uxml using Guid(2bd2d0548382d58489e8c2999daf4139) (ScriptedImporter) -> (artifact id: 'd23d40c033a4141e2d8ee21a2df35e97') in 0.0046869 seconds
Start importing Packages/com.unity.purchasing/Editor/ServiceProjectSettings/UI/UXML/PurchasingProjectSettings.uxml using Guid(7bcc2360f5525c542aed6bffb5021271) (ScriptedImporter) -> (artifact id: 'f701016e542cd9a1d8ef206adf6a55f3') in 0.0033452 seconds
Start importing Packages/com.unity.services.core/Editor/Core/UiHelpers/UXML/AccessTokenError.uxml using Guid(9bbe9fb6e9537684cac89a4e82cf3d63) (ScriptedImporter) -> (artifact id: '910d8de5cf70f77c2b55e980ffa36feb') in 0.0035449 seconds
Start importing Packages/com.unity.inputsystem/InputSystem/Editor/UITKAssetEditor/PackageResources/NameAndParameterListViewItemTemplate.uxml using Guid(9cbd73d51dc491b4888055ae65cd9545) (ScriptedImporter) -> (artifact id: '9596d94d5280b168d0173722f575e1ce') in 0.0036217 seconds
Start importing Packages/com.unity.inputsystem/InputSystem/Editor/UITKAssetEditor/PackageResources/CompositePartBindingPropertiesEditor.uxml using Guid(acfae125fa5d7904987a696b3993d432) (ScriptedImporter) -> (artifact id: '9812de2acff3acffc97538d1793bbf88') in 0.0036421 seconds
Start importing Packages/com.unity.collab-proxy/Editor/Assets/Layouts/DownloadPlasticExeDialog.uxml using Guid(3da0c7cf51d8e4b40a5af55a4ca63e4e) (ScriptedImporter) -> (artifact id: '7af953e84282ce1c1287312e969bab9c') in 0.0037824 seconds
Start importing Packages/com.unity.services.core/Editor/Core/ProjectBindRedirect/UXML/ProjectBindRedirectPopup.uxml using Guid(6d24c9b8f12524834ab8c048bcc93f12) (ScriptedImporter) -> (artifact id: 'e866cc1f35658ff6d0a650ee89ac7ca7') in 0.0043964 seconds
Start importing Packages/com.unity.services.core/Editor/Core/Environments/UI/Assets/EnvironmentSelectorUi.uxml using Guid(ad33ee81edf99439497a9945fef1a626) (ScriptedImporter) -> (artifact id: 'd420536296ed6e71f0e9ebd14a2beae5') in 0.0068776 seconds
Start importing Packages/com.unity.2d.sprite/Editor/UI/SpriteEditor/PolygonChangeShapeWindow.uxml using Guid(ad9baf3ac3e35c948bf6a50e91e91473) (ScriptedImporter) -> (artifact id: 'd629fead49fc2e4b9f69230b0641ca3a') in 0.004383 seconds
Start importing Packages/com.unity.ai.navigation/Editor/ConversionSystem/converter_editor.uxml using Guid(cd1eb3c3c695c494d855ea678fe7395b) (ScriptedImporter) -> (artifact id: 'd834d58a22f38992f707735e9b334e58') in 0.0044152 seconds
Start importing Packages/com.unity.services.core/Editor/Core/UiHelpers/UXML/LoggedOut.uxml using Guid(0e9515598d3bf405bb8311f6d4528e00) (ScriptedImporter) -> (artifact id: '32f1deb7ea3d0b5591aaad5748ec8085') in 0.0041279 seconds
Start importing Packages/com.unity.services.core/Editor/Core/UiHelpers/UXML/PlatformSupportVisual.uxml using Guid(3ec1058b5f6b14ce3ad4b976c291d834) (ScriptedImporter) -> (artifact id: '4951b449c3bc945bbf123880cf51d8a4') in 0.0034903 seconds
Start importing Packages/com.unity.2d.sprite/Editor/SpriteEditor/SpriteEditorHintPopup/SpriteEditorHintPopup.uxml using Guid(8e9ebe2fdfb2403ea7d41196ab5ad791) (ScriptedImporter) -> (artifact id: 'ae640e556ec1f089caf6a91fd807f006') in 0.0039112 seconds
Start importing Packages/com.unity.collab-proxy/Editor/Assets/Layouts/ProgressControlsForDialogs.uxml using Guid(feccc3dff22272744a267246ae760a73) (ScriptedImporter) -> (artifact id: 'a25ce1fb350c7cecc0c80681f5f28ee7') in 0.0033027 seconds
Start importing Packages/com.unity.purchasing/Editor/ServiceProjectSettings/UI/UXML/Label.uxml using Guid(1fc8186e4165842fc814f3d67c2c3d84) (ScriptedImporter) -> (artifact id: '2a9e9785b88fcdd4829d96140d22a456') in 0.0041423 seconds
Start importing Packages/com.unity.services.analytics/Editor/Tools/DebugPanel.uxml using Guid(2f2828a95e4aa0b4da75d138a20cf0cd) (ScriptedImporter) -> (artifact id: '732f9cbdad8e81ccc132e6d469ff134d') in 0.0078983 seconds
Start importing Packages/com.unity.inputsystem/InputSystem/Editor/UITKAssetEditor/PackageResources/InputActionMapsTreeViewItem.uxml using Guid(3fa44185ed614414ebab354dfe5a06b6) (ScriptedImporter) -> (artifact id: 'e3e31a7705849971f56210cc8c9681c8') in 0.0043362 seconds
Start importing Packages/com.unity.services.core/Editor/Core/UiHelpers/UXML/Offline.uxml using Guid(5f53bfe242dd84ea1975e05f5a30c390) (ScriptedImporter) -> (artifact id: '2d6f2264a7d649740ca6aecfe4e7bed0') in 0.0037713 seconds
Start importing Packages/com.unity.services.core/Editor/Core/Environments/UI/Assets/ReleasePointerDropdown.uxml using Guid(cf4de22d904142bca538a4648d124376) (ScriptedImporter) -> (artifact id: 'c3f7a9b2b8b49f61c42e95bf1ee60dba') in 0.0039159 seconds
[C:\build\output\unity\unity\Modules\LocalizationEditor\LocalizationDatabase.cpp:807]Packages/com.unity.timeline/Editor/Localization/ja.po
Launched and connected shader compiler UnityShaderCompiler.exe after 0.01 seconds
Loading style catalogs (8)
	StyleSheets/Extensions/base/common.uss
	UIPackageResources/StyleSheets/Default/Variables/Public/common.uss
	StyleSheets/Northstar/common.uss
	StyleSheets/Extensions/fonts/inter.uss
	StyleSheets/Extensions/base/dark.uss
	UIPackageResources/StyleSheets/Default/Northstar/Palette/dark.uss
	Packages/com.unity.timeline/Editor/StyleSheets/Extensions/dark.uss
	Packages/com.unity.timeline/Editor/StyleSheets/Extensions/common.uss
Launched and connected shader compiler UnityShaderCompiler.exe after 0.01 seconds
Launched and connected shader compiler UnityShaderCompiler.exe after 0.01 seconds
Launched and connected shader compiler UnityShaderCompiler.exe after 0.01 seconds
Launched and connected shader compiler UnityShaderCompiler.exe after 0.01 seconds
Refreshing native plugins compatible for Editor in 3.74 ms, found 4 plugins.
Preloading 0 native plugins for Editor in 0.00 ms.
Asset Pipeline Refresh (id=3e2f7eca83c38ae49a36556020ff8ce0): Total: 10.744 seconds - Initiated by InitialRefreshV2(ForceSynchronousImport)
	Summary:
		Imports: total=2453 (actual=2453, local cache=0, cache server=0)
		Asset DB Process Time: managed=153 ms, native=8505 ms
		Asset DB Callback time: managed=262 ms, native=167 ms
		Scripting: domain reloads=1, domain reload time=724 ms, compile time=885 ms, other=44 ms
		Project Asset Count: scripts=1101, non-scripts=1352
		Asset File Changes: new=1, changed=2, moved=0, deleted=0
		Scan Filter Count: 0
	InvokeCustomDependenciesCallbacks: 0.001ms
	InvokePackagesCallback: 89.471ms
	ApplyChangesToAssetFolders: 0.857ms
	Scan: 118.313ms
	OnSourceAssetsModified: 1.409ms
	CategorizeAssetsWithTransientArtifact: 30.572ms
	ProcessAssetsWithTransientArtifactChanges: 53.157ms
	CategorizeAssets: 15.171ms
	ImportOutOfDateAssets: 8314.179ms (170.959ms without children)
		ImportManagerImport: 7256.423ms (205.605ms without children)
			ImportInProcess: 7046.140ms
			UpdateCategorizedAssets: 4.678ms
		CompileScripts: 885.447ms
		ReloadNativeAssets: 0.001ms
		UnloadImportedAssets: 0.347ms
		ReloadImportedAssets: 0.190ms
		EnsureUptoDateAssetsAreRegisteredWithGuidPM: 0.213ms
		InitializingProgressBar: 0.010ms
		PostProcessAllAssetNotificationsAddChangedAssets: 0.000ms
		OnDemandSchedulerStart: 0.589ms
	PostProcessAllAssets: 333.020ms
	Hotreload: 6.855ms
	GatherAllCurrentPrimaryArtifactRevisions: 0.002ms
	UnloadStreamsBegin: 0.150ms
	PersistCurrentRevisions: 1.623ms
	UnloadStreamsEnd: 0.001ms
	GenerateScriptTypeHashes: 1.532ms
	Untracked: 1779.408ms

Application.AssetDatabase Initial Refresh End
Launched and connected shader compiler UnityShaderCompiler.exe after 0.01 seconds
Launched and connected shader compiler UnityShaderCompiler.exe after 0.01 seconds
Scanning for USB devices : 2.068ms
Initializing Unity extensions:
Launched and connected shader compiler UnityShaderCompiler.exe after 0.01 seconds
Launched and connected shader compiler UnityShaderCompiler.exe after 0.02 seconds
Launched and connected shader compiler UnityShaderCompiler.exe after 0.01 seconds
Launched and connected shader compiler UnityShaderCompiler.exe after 0.01 seconds
Launched and connected shader compiler UnityShaderCompiler.exe after 0.01 seconds
Launched and connected shader compiler UnityShaderCompiler.exe after 0.01 seconds
Launched and connected shader compiler UnityShaderCompiler.exe after 0.01 seconds
Launched and connected shader compiler UnityShaderCompiler.exe after 0.01 seconds
Launched and connected shader compiler UnityShaderCompiler.exe after 0.01 seconds
Launched and connected shader compiler UnityShaderCompiler.exe after 0.01 seconds
Launched and connected shader compiler UnityShaderCompiler.exe after 0.01 seconds
Launched and connected shader compiler UnityShaderCompiler.exe after 0.01 seconds
Launched and connected shader compiler UnityShaderCompiler.exe after 0.01 seconds
Launched and connected shader compiler UnityShaderCompiler.exe after 0.01 seconds
Launched and connected shader compiler UnityShaderCompiler.exe after 0.01 seconds
Launched and connected shader compiler UnityShaderCompiler.exe after 0.01 seconds
[MODES] ModeService[none].Initialize
[MODES] ModeService[none].LoadModes
[MODES] Loading mode Default (0) for mode-current-id-client
Unloading 76 Unused Serialized files (Serialized files now loaded: 0)
Unloading 4762 unused Assets / (13.9 MB). Loaded Objects now: 5132.
Memory consumption went from 164.9 MB to 151.0 MB.
Total: 14.576000 ms (FindLiveObjects: 0.330700 ms CreateObjectMapping: 0.315400 ms MarkObjects: 9.224300 ms  DeleteObjects: 4.704100 ms)

Batchmode quit successfully invoked - shutting down!
Curl error 42: Callback aborted
Killing ADB server in 0.0831901 seconds.
Start importing ProjectSettings/ProjectSettings.asset using Guid(00000000000000004000000000000000) (LibraryAssetImporter) -> (artifact id: '37aa528e2d0136d78d6eaad4144565e8') in 0.0038548 seconds
Loading style catalogs (8)
	StyleSheets/Extensions/base/common.uss
	UIPackageResources/StyleSheets/Default/Variables/Public/common.uss
	StyleSheets/Northstar/common.uss
	StyleSheets/Extensions/fonts/inter.uss
	StyleSheets/Extensions/base/dark.uss
	UIPackageResources/StyleSheets/Default/Northstar/Palette/dark.uss
	Packages/com.unity.timeline/Editor/StyleSheets/Extensions/dark.uss
	Packages/com.unity.timeline/Editor/StyleSheets/Extensions/common.uss
Refreshing native plugins compatible for Editor in 3.81 ms, found 4 plugins.
Preloading 0 native plugins for Editor in 0.00 ms.
Asset Pipeline Refresh (id=ad4eb3a06c6f2204fa227bca7043f3ac): Total: 0.073 seconds - Initiated by StopAssetImportingV2(NoUpdateAssetOptions)
[Physics::Module] Cleanup current backned.
[Physics::Module] Id: 0xf2b8ea05
Input System module state changed to: ShutdownInProgress.
Input System polling thread exited.
Input System module state changed to: Shutdown.
[Licensing::IpcConnector] LicenseClient-ZGL-6000.0.82-notifications channel disconnected successfully.
[Licensing::IpcConnector] LicenseClient-ZGL-6000.0.82 channel disconnected successfully.
AcceleratorClientConnectionCallback - disconnected - :0
Shut down.
Cleanup mono
abort_threads: Failed aborting id: 000000000000A0A0, mono_thread_manage will ignore it

abort_threads: Failed aborting id: 000000000000AFD8, mono_thread_manage will ignore it

abort_threads: Failed aborting id: 000000000000A0A0, mono_thread_manage will ignore it

abort_threads: Failed aborting id: 000000000000AFD8, mono_thread_manage will ignore it

debugger-agent: Unable to listen on 3828
[usbmuxd] Stop listen thread
[usbmuxd] Error: 
[usbmuxd] Listen thread exiting
Exiting batchmode successfully now!
Exiting without the bug reporter. Application will terminate with return code 0